company,year,theme,subtheme,keyword,count
Amazon,1997,Strategic Leadership,Founder/ownership mentality,"founder [founders, founding, founded] !found",2
Amazon,2016,Strategic Leadership,Founder/ownership mentality,"founder [founders, founding, founded] !found",1
Amazon,2020,Strategic Leadership,Founder/ownership mentality,"founder [founders, founding, founded] !found",1
Amazon,2021,Strategic Leadership,Founder/ownership mentality,"founder [founders, founding, founded] !found",0
Amazon,2022,Strategic Leadership,Founder/ownership mentality,"founder [founders, founding, founded] !found",0
Amazon,2024,Strategic Leadership,Founder/ownership mentality,"founder [founders, founding, founded] !found",0
Amazon,2025,Strategic Leadership,Founder/ownership mentality,"founder [founders, founding, founded] !found",0
Chevron,2013,Strategic Leadership,Founder/ownership mentality,"founder [founders, founding, founded] !found",0
Chevron,2018,Strategic Leadership,Founder/ownership mentality,"founder [founders, founding, founded] !found",0
Chevron,2020,Strategic Leadership,Founder/ownership mentality,"founder [founders, founding, founded] !found",0
Chevron,2021,Strategic Leadership,Founder/ownership mentality,"founder [founders, founding, founded] !found",0
Chevron,2022,Strategic Leadership,Founder/ownership mentality,"founder [founders, founding, founded] !found",0
Chevron,2023,Strategic Leadership,Founder/ownership mentality,"founder [founders, founding, founded] !found",0
Chevron,2024,Strategic Leadership,Founder/ownership mentality,"founder [founders, founding, founded] !found",0
Nvidia,2017,Strategic Leadership,Founder/ownership mentality,"founder [founders, founding, founded] !found",1
Nvidia,2018,Strategic Leadership,Founder/ownership mentality,"founder [founders, founding, founded] !found",1
Nvidia,2020,Strategic Leadership,Founder/ownership mentality,"founder [founders, founding, founded] !found",1
Nvidia,2021,Strategic Leadership,Founder/ownership mentality,"founder [founders, founding, founded] !found",2
Nvidia,2022,Strategic Leadership,Founder/ownership mentality,"founder [founders, founding, founded] !found",1
Nvidia,2023,Strategic Leadership,Founder/ownership mentality,"founder [founders, founding, founded] !found",1
Nvidia,2025,Strategic Leadership,Founder/ownership mentality,"founder [founders, founding, founded] !found",1
Shell,2014,Strategic Leadership,Founder/ownership mentality,"founder [founders, founding, founded] !found",0
Shell,2015,Strategic Leadership,Founder/ownership mentality,"founder [founders, founding, founded] !found",0
Shell,2016,Strategic Leadership,Founder/ownership mentality,"founder [founders, founding, founded] !found",0
Shell,2020,Strategic Leadership,Founder/ownership mentality,"founder [founders, founding, founded] !found",0
Shell,2022,Strategic Leadership,Founder/ownership mentality,"founder [founders, founding, founded] !found",0
Shell,2024,Strategic Leadership,Founder/ownership mentality,"founder [founders, founding, founded] !found",0
Shell,2025,Strategic Leadership,Founder/ownership mentality,"founder [founders, founding, founded] !found",0
Amazon,1997,Strategic Leadership,Founder/ownership mentality,ownership,0
Amazon,2016,Strategic Leadership,Founder/ownership mentality,ownership,0
Amazon,2020,Strategic Leadership,Founder/ownership mentality,ownership,0
Amazon,2021,Strategic Leadership,Founder/ownership mentality,ownership,0
Amazon,2022,Strategic Leadership,Founder/ownership mentality,ownership,0
Amazon,2024,Strategic Leadership,Founder/ownership mentality,ownership,1
Amazon,2025,Strategic Leadership,Founder/ownership mentality,ownership,0
Chevron,2013,Strategic Leadership,Founder/ownership mentality,ownership,0
Chevron,2018,Strategic Leadership,Founder/ownership mentality,ownership,0
Chevron,2020,Strategic Leadership,Founder/ownership mentality,ownership,0
Chevron,2021,Strategic Leadership,Founder/ownership mentality,ownership,0
Chevron,2022,Strategic Leadership,Founder/ownership mentality,ownership,0
Chevron,2023,Strategic Leadership,Founder/ownership mentality,ownership,0
Chevron,2024,Strategic Leadership,Founder/ownership mentality,ownership,0
Nvidia,2017,Strategic Leadership,Founder/ownership mentality,ownership,0
Nvidia,2018,Strategic Leadership,Founder/ownership mentality,ownership,0
Nvidia,2020,Strategic Leadership,Founder/ownership mentality,ownership,0
Nvidia,2021,Strategic Leadership,Founder/ownership mentality,ownership,0
Nvidia,2022,Strategic Leadership,Founder/ownership mentality,ownership,0
Nvidia,2023,Strategic Leadership,Founder/ownership mentality,ownership,0
Nvidia,2025,Strategic Leadership,Founder/ownership mentality,ownership,0
Shell,2014,Strategic Leadership,Founder/ownership mentality,ownership,0
Shell,2015,Strategic Leadership,Founder/ownership mentality,ownership,0
Shell,2016,Strategic Leadership,Founder/ownership mentality,ownership,0
Shell,2020,Strategic Leadership,Founder/ownership mentality,ownership,0
Shell,2022,Strategic Leadership,Founder/ownership mentality,ownership,0
Shell,2024,Strategic Leadership,Founder/ownership mentality,ownership,0
Shell,2025,Strategic Leadership,Founder/ownership mentality,ownership,0
Amazon,1997,Strategic Leadership,Founder/ownership mentality,owner [owners],1
Amazon,2016,Strategic Leadership,Founder/ownership mentality,owner [owners],1
Amazon,2020,Strategic Leadership,Founder/ownership mentality,owner [owners],3
Amazon,2021,Strategic Leadership,Founder/ownership mentality,owner [owners],0
Amazon,2022,Strategic Leadership,Founder/ownership mentality,owner [owners],0
Amazon,2024,Strategic Leadership,Founder/ownership mentality,owner [owners],5
Amazon,2025,Strategic Leadership,Founder/ownership mentality,owner [owners],1
Chevron,2013,Strategic Leadership,Founder/ownership mentality,owner [owners],0
Chevron,2018,Strategic Leadership,Founder/ownership mentality,owner [owners],0
Chevron,2020,Strategic Leadership,Founder/ownership mentality,owner [owners],0
Chevron,2021,Strategic Leadership,Founder/ownership mentality,owner [owners],0
Chevron,2022,Strategic Leadership,Founder/ownership mentality,owner [owners],0
Chevron,2023,Strategic Leadership,Founder/ownership mentality,owner [owners],0
Chevron,2024,Strategic Leadership,Founder/ownership mentality,owner [owners],0
Nvidia,2017,Strategic Leadership,Founder/ownership mentality,owner [owners],0
Nvidia,2018,Strategic Leadership,Founder/ownership mentality,owner [owners],0
Nvidia,2020,Strategic Leadership,Founder/ownership mentality,owner [owners],0
Nvidia,2021,Strategic Leadership,Founder/ownership mentality,owner [owners],0
Nvidia,2022,Strategic Leadership,Founder/ownership mentality,owner [owners],0
Nvidia,2023,Strategic Leadership,Founder/ownership mentality,owner [owners],0
Nvidia,2025,Strategic Leadership,Founder/ownership mentality,owner [owners],0
Shell,2014,Strategic Leadership,Founder/ownership mentality,owner [owners],0
Shell,2015,Strategic Leadership,Founder/ownership mentality,owner [owners],0
Shell,2016,Strategic Leadership,Founder/ownership mentality,owner [owners],0
Shell,2020,Strategic Leadership,Founder/ownership mentality,owner [owners],0
Shell,2022,Strategic Leadership,Founder/ownership mentality,owner [owners],0
Shell,2024,Strategic Leadership,Founder/ownership mentality,owner [owners],0
Shell,2025,Strategic Leadership,Founder/ownership mentality,owner [owners],0
Amazon,1997,Strategic Leadership,Founder/ownership mentality,day 1,1
Amazon,2016,Strategic Leadership,Founder/ownership mentality,day 1,9
Amazon,2020,Strategic Leadership,Founder/ownership mentality,day 1,2
Amazon,2021,Strategic Leadership,Founder/ownership mentality,day 1,1
Amazon,2022,Strategic Leadership,Founder/ownership mentality,day 1,0
Amazon,2024,Strategic Leadership,Founder/ownership mentality,day 1,0
Amazon,2025,Strategic Leadership,Founder/ownership mentality,day 1,0
Chevron,2013,Strategic Leadership,Founder/ownership mentality,day 1,0
Chevron,2018,Strategic Leadership,Founder/ownership mentality,day 1,0
Chevron,2020,Strategic Leadership,Founder/ownership mentality,day 1,0
Chevron,2021,Strategic Leadership,Founder/ownership mentality,day 1,0
Chevron,2022,Strategic Leadership,Founder/ownership mentality,day 1,0
Chevron,2023,Strategic Leadership,Founder/ownership mentality,day 1,0
Chevron,2024,Strategic Leadership,Founder/ownership mentality,day 1,0
Nvidia,2017,Strategic Leadership,Founder/ownership mentality,day 1,0
Nvidia,2018,Strategic Leadership,Founder/ownership mentality,day 1,0
Nvidia,2020,Strategic Leadership,Founder/ownership mentality,day 1,0
Nvidia,2021,Strategic Leadership,Founder/ownership mentality,day 1,0
Nvidia,2022,Strategic Leadership,Founder/ownership mentality,day 1,0
Nvidia,2023,Strategic Leadership,Founder/ownership mentality,day 1,0
Nvidia,2025,Strategic Leadership,Founder/ownership mentality,day 1,0
Shell,2014,Strategic Leadership,Founder/ownership mentality,day 1,0
Shell,2015,Strategic Leadership,Founder/ownership mentality,day 1,0
Shell,2016,Strategic Leadership,Founder/ownership mentality,day 1,0
Shell,2020,Strategic Leadership,Founder/ownership mentality,day 1,0
Shell,2022,Strategic Leadership,Founder/ownership mentality,day 1,0
Shell,2024,Strategic Leadership,Founder/ownership mentality,day 1,0
Shell,2025,Strategic Leadership,Founder/ownership mentality,day 1,0
Amazon,1997,Strategic Leadership,Founder/ownership mentality,day one,0
Amazon,2016,Strategic Leadership,Founder/ownership mentality,day one,0
Amazon,2020,Strategic Leadership,Founder/ownership mentality,day one,0
Amazon,2021,Strategic Leadership,Founder/ownership mentality,day one,0
Amazon,2022,Strategic Leadership,Founder/ownership mentality,day one,0
Amazon,2024,Strategic Leadership,Founder/ownership mentality,day one,1
Amazon,2025,Strategic Leadership,Founder/ownership mentality,day one,0
Chevron,2013,Strategic Leadership,Founder/ownership mentality,day one,0
Chevron,2018,Strategic Leadership,Founder/ownership mentality,day one,0
Chevron,2020,Strategic Leadership,Founder/ownership mentality,day one,0
Chevron,2021,Strategic Leadership,Founder/ownership mentality,day one,0
Chevron,2022,Strategic Leadership,Founder/ownership mentality,day one,0
Chevron,2023,Strategic Leadership,Founder/ownership mentality,day one,0
Chevron,2024,Strategic Leadership,Founder/ownership mentality,day one,0
Nvidia,2017,Strategic Leadership,Founder/ownership mentality,day one,0
Nvidia,2018,Strategic Leadership,Founder/ownership mentality,day one,0
Nvidia,2020,Strategic Leadership,Founder/ownership mentality,day one,0
Nvidia,2021,Strategic Leadership,Founder/ownership mentality,day one,0
Nvidia,2022,Strategic Leadership,Founder/ownership mentality,day one,0
Nvidia,2023,Strategic Leadership,Founder/ownership mentality,day one,0
Nvidia,2025,Strategic Leadership,Founder/ownership mentality,day one,0
Shell,2014,Strategic Leadership,Founder/ownership mentality,day one,0
Shell,2015,Strategic Leadership,Founder/ownership mentality,day one,0
Shell,2016,Strategic Leadership,Founder/ownership mentality,day one,0
Shell,2020,Strategic Leadership,Founder/ownership mentality,day one,0
Shell,2022,Strategic Leadership,Founder/ownership mentality,day one,0
Shell,2024,Strategic Leadership,Founder/ownership mentality,day one,0
Shell,2025,Strategic Leadership,Founder/ownership mentality,day one,0
Amazon,1997,Strategic Leadership,Founder/ownership mentality,builder [builders],0
Amazon,2016,Strategic Leadership,Founder/ownership mentality,builder [builders],0
Amazon,2020,Strategic Leadership,Founder/ownership mentality,builder [builders],0
Amazon,2021,Strategic Leadership,Founder/ownership mentality,builder [builders],6
Amazon,2022,Strategic Leadership,Founder/ownership mentality,builder [builders],0
Amazon,2024,Strategic Leadership,Founder/ownership mentality,builder [builders],6
Amazon,2025,Strategic Leadership,Founder/ownership mentality,builder [builders],0
Chevron,2013,Strategic Leadership,Founder/ownership mentality,builder [builders],0
Chevron,2018,Strategic Leadership,Founder/ownership mentality,builder [builders],0
Chevron,2020,Strategic Leadership,Founder/ownership mentality,builder [builders],0
Chevron,2021,Strategic Leadership,Founder/ownership mentality,builder [builders],0
Chevron,2022,Strategic Leadership,Founder/ownership mentality,builder [builders],0
Chevron,2023,Strategic Leadership,Founder/ownership mentality,builder [builders],0
Chevron,2024,Strategic Leadership,Founder/ownership mentality,builder [builders],0
Nvidia,2017,Strategic Leadership,Founder/ownership mentality,builder [builders],0
Nvidia,2018,Strategic Leadership,Founder/ownership mentality,builder [builders],0
Nvidia,2020,Strategic Leadership,Founder/ownership mentality,builder [builders],0
Nvidia,2021,Strategic Leadership,Founder/ownership mentality,builder [builders],0
Nvidia,2022,Strategic Leadership,Founder/ownership mentality,builder [builders],0
Nvidia,2023,Strategic Leadership,Founder/ownership mentality,builder [builders],0
Nvidia,2025,Strategic Leadership,Founder/ownership mentality,builder [builders],1
Shell,2014,Strategic Leadership,Founder/ownership mentality,builder [builders],0
Shell,2015,Strategic Leadership,Founder/ownership mentality,builder [builders],0
Shell,2016,Strategic Leadership,Founder/ownership mentality,builder [builders],0
Shell,2020,Strategic Leadership,Founder/ownership mentality,builder [builders],0
Shell,2022,Strategic Leadership,Founder/ownership mentality,builder [builders],0
Shell,2024,Strategic Leadership,Founder/ownership mentality,builder [builders],0
Shell,2025,Strategic Leadership,Founder/ownership mentality,builder [builders],0
Amazon,1997,Strategic Leadership,Ambidexterity/tension,tension [tensions],0
Amazon,2016,Strategic Leadership,Ambidexterity/tension,tension [tensions],0
Amazon,2020,Strategic Leadership,Ambidexterity/tension,tension [tensions],0
Amazon,2021,Strategic Leadership,Ambidexterity/tension,tension [tensions],1
Amazon,2022,Strategic Leadership,Ambidexterity/tension,tension [tensions],0
Amazon,2024,Strategic Leadership,Ambidexterity/tension,tension [tensions],0
Amazon,2025,Strategic Leadership,Ambidexterity/tension,tension [tensions],0
Chevron,2013,Strategic Leadership,Ambidexterity/tension,tension [tensions],0
Chevron,2018,Strategic Leadership,Ambidexterity/tension,tension [tensions],2
Chevron,2020,Strategic Leadership,Ambidexterity/tension,tension [tensions],0
Chevron,2021,Strategic Leadership,Ambidexterity/tension,tension [tensions],0
Chevron,2022,Strategic Leadership,Ambidexterity/tension,tension [tensions],0
Chevron,2023,Strategic Leadership,Ambidexterity/tension,tension [tensions],0
Chevron,2024,Strategic Leadership,Ambidexterity/tension,tension [tensions],0
Nvidia,2017,Strategic Leadership,Ambidexterity/tension,tension [tensions],0
Nvidia,2018,Strategic Leadership,Ambidexterity/tension,tension [tensions],0
Nvidia,2020,Strategic Leadership,Ambidexterity/tension,tension [tensions],0
Nvidia,2021,Strategic Leadership,Ambidexterity/tension,tension [tensions],0
Nvidia,2022,Strategic Leadership,Ambidexterity/tension,tension [tensions],0
Nvidia,2023,Strategic Leadership,Ambidexterity/tension,tension [tensions],1
Nvidia,2025,Strategic Leadership,Ambidexterity/tension,tension [tensions],0
Shell,2014,Strategic Leadership,Ambidexterity/tension,tension [tensions],0
Shell,2015,Strategic Leadership,Ambidexterity/tension,tension [tensions],0
Shell,2016,Strategic Leadership,Ambidexterity/tension,tension [tensions],0
Shell,2020,Strategic Leadership,Ambidexterity/tension,tension [tensions],0
Shell,2022,Strategic Leadership,Ambidexterity/tension,tension [tensions],0
Shell,2024,Strategic Leadership,Ambidexterity/tension,tension [tensions],0
Shell,2025,Strategic Leadership,Ambidexterity/tension,tension [tensions],0
Amazon,1997,Strategic Leadership,Ambidexterity/tension,both,1
Amazon,2016,Strategic Leadership,Ambidexterity/tension,both,0
Amazon,2020,Strategic Leadership,Ambidexterity/tension,both,2
Amazon,2021,Strategic Leadership,Ambidexterity/tension,both,3
Amazon,2022,Strategic Leadership,Ambidexterity/tension,both,2
Amazon,2024,Strategic Leadership,Ambidexterity/tension,both,3
Amazon,2025,Strategic Leadership,Ambidexterity/tension,both,3
Chevron,2013,Strategic Leadership,Ambidexterity/tension,both,1
Chevron,2018,Strategic Leadership,Ambidexterity/tension,both,0
Chevron,2020,Strategic Leadership,Ambidexterity/tension,both,2
Chevron,2021,Strategic Leadership,Ambidexterity/tension,both,1
Chevron,2022,Strategic Leadership,Ambidexterity/tension,both,2
Chevron,2023,Strategic Leadership,Ambidexterity/tension,both,1
Chevron,2024,Strategic Leadership,Ambidexterity/tension,both,1
Nvidia,2017,Strategic Leadership,Ambidexterity/tension,both,0
Nvidia,2018,Strategic Leadership,Ambidexterity/tension,both,0
Nvidia,2020,Strategic Leadership,Ambidexterity/tension,both,0
Nvidia,2021,Strategic Leadership,Ambidexterity/tension,both,0
Nvidia,2022,Strategic Leadership,Ambidexterity/tension,both,0
Nvidia,2023,Strategic Leadership,Ambidexterity/tension,both,1
Nvidia,2025,Strategic Leadership,Ambidexterity/tension,both,1
Shell,2014,Strategic Leadership,Ambidexterity/tension,both,0
Shell,2015,Strategic Leadership,Ambidexterity/tension,both,0
Shell,2016,Strategic Leadership,Ambidexterity/tension,both,0
Shell,2020,Strategic Leadership,Ambidexterity/tension,both,1
Shell,2022,Strategic Leadership,Ambidexterity/tension,both,2
Shell,2024,Strategic Leadership,Ambidexterity/tension,both,0
Shell,2025,Strategic Leadership,Ambidexterity/tension,both,1
Amazon,1997,Strategic Leadership,Boldness/discipline,"bold [boldly, boldness]",3
Amazon,2016,Strategic Leadership,Boldness/discipline,"bold [boldly, boldness]",0
Amazon,2020,Strategic Leadership,Boldness/discipline,"bold [boldly, boldness]",0
Amazon,2021,Strategic Leadership,Boldness/discipline,"bold [boldly, boldness]",0
Amazon,2022,Strategic Leadership,Boldness/discipline,"bold [boldly, boldness]",0
Amazon,2024,Strategic Leadership,Boldness/discipline,"bold [boldly, boldness]",0
Amazon,2025,Strategic Leadership,Boldness/discipline,"bold [boldly, boldness]",1
Chevron,2013,Strategic Leadership,Boldness/discipline,"bold [boldly, boldness]",0
Chevron,2018,Strategic Leadership,Boldness/discipline,"bold [boldly, boldness]",0
Chevron,2020,Strategic Leadership,Boldness/discipline,"bold [boldly, boldness]",0
Chevron,2021,Strategic Leadership,Boldness/discipline,"bold [boldly, boldness]",0
Chevron,2022,Strategic Leadership,Boldness/discipline,"bold [boldly, boldness]",0
Chevron,2023,Strategic Leadership,Boldness/discipline,"bold [boldly, boldness]",0
Chevron,2024,Strategic Leadership,Boldness/discipline,"bold [boldly, boldness]",0
Nvidia,2017,Strategic Leadership,Boldness/discipline,"bold [boldly, boldness]",0
Nvidia,2018,Strategic Leadership,Boldness/discipline,"bold [boldly, boldness]",0
Nvidia,2020,Strategic Leadership,Boldness/discipline,"bold [boldly, boldness]",0
Nvidia,2021,Strategic Leadership,Boldness/discipline,"bold [boldly, boldness]",0
Nvidia,2022,Strategic Leadership,Boldness/discipline,"bold [boldly, boldness]",0
Nvidia,2023,Strategic Leadership,Boldness/discipline,"bold [boldly, boldness]",0
Nvidia,2025,Strategic Leadership,Boldness/discipline,"bold [boldly, boldness]",0
Shell,2014,Strategic Leadership,Boldness/discipline,"bold [boldly, boldness]",0
Shell,2015,Strategic Leadership,Boldness/discipline,"bold [boldly, boldness]",0
Shell,2016,Strategic Leadership,Boldness/discipline,"bold [boldly, boldness]",0
Shell,2020,Strategic Leadership,Boldness/discipline,"bold [boldly, boldness]",0
Shell,2022,Strategic Leadership,Boldness/discipline,"bold [boldly, boldness]",0
Shell,2024,Strategic Leadership,Boldness/discipline,"bold [boldly, boldness]",0
Shell,2025,Strategic Leadership,Boldness/discipline,"bold [boldly, boldness]",0
Amazon,1997,Strategic Leadership,Boldness/discipline,"disciplined [discipline, disciplines]",0
Amazon,2016,Strategic Leadership,Boldness/discipline,"disciplined [discipline, disciplines]",0
Amazon,2020,Strategic Leadership,Boldness/discipline,"disciplined [discipline, disciplines]",0
Amazon,2021,Strategic Leadership,Boldness/discipline,"disciplined [discipline, disciplines]",0
Amazon,2022,Strategic Leadership,Boldness/discipline,"disciplined [discipline, disciplines]",0
Amazon,2024,Strategic Leadership,Boldness/discipline,"disciplined [discipline, disciplines]",0
Amazon,2025,Strategic Leadership,Boldness/discipline,"disciplined [discipline, disciplines]",0
Chevron,2013,Strategic Leadership,Boldness/discipline,"disciplined [discipline, disciplines]",0
Chevron,2018,Strategic Leadership,Boldness/discipline,"disciplined [discipline, disciplines]",2
Chevron,2020,Strategic Leadership,Boldness/discipline,"disciplined [discipline, disciplines]",3
Chevron,2021,Strategic Leadership,Boldness/discipline,"disciplined [discipline, disciplines]",3
Chevron,2022,Strategic Leadership,Boldness/discipline,"disciplined [discipline, disciplines]",1
Chevron,2023,Strategic Leadership,Boldness/discipline,"disciplined [discipline, disciplines]",0
Chevron,2024,Strategic Leadership,Boldness/discipline,"disciplined [discipline, disciplines]",1
Nvidia,2017,Strategic Leadership,Boldness/discipline,"disciplined [discipline, disciplines]",0
Nvidia,2018,Strategic Leadership,Boldness/discipline,"disciplined [discipline, disciplines]",0
Nvidia,2020,Strategic Leadership,Boldness/discipline,"disciplined [discipline, disciplines]",0
Nvidia,2021,Strategic Leadership,Boldness/discipline,"disciplined [discipline, disciplines]",0
Nvidia,2022,Strategic Leadership,Boldness/discipline,"disciplined [discipline, disciplines]",0
Nvidia,2023,Strategic Leadership,Boldness/discipline,"disciplined [discipline, disciplines]",0
Nvidia,2025,Strategic Leadership,Boldness/discipline,"disciplined [discipline, disciplines]",2
Shell,2014,Strategic Leadership,Boldness/discipline,"disciplined [discipline, disciplines]",1
Shell,2015,Strategic Leadership,Boldness/discipline,"disciplined [discipline, disciplines]",0
Shell,2016,Strategic Leadership,Boldness/discipline,"disciplined [discipline, disciplines]",2
Shell,2020,Strategic Leadership,Boldness/discipline,"disciplined [discipline, disciplines]",2
Shell,2022,Strategic Leadership,Boldness/discipline,"disciplined [discipline, disciplines]",4
Shell,2024,Strategic Leadership,Boldness/discipline,"disciplined [discipline, disciplines]",3
Shell,2025,Strategic Leadership,Boldness/discipline,"disciplined [discipline, disciplines]",2
Amazon,1997,Strategic Leadership,Boldness/discipline,conviction [convictions],0
Amazon,2016,Strategic Leadership,Boldness/discipline,conviction [convictions],1
Amazon,2020,Strategic Leadership,Boldness/discipline,conviction [convictions],0
Amazon,2021,Strategic Leadership,Boldness/discipline,conviction [convictions],0
Amazon,2022,Strategic Leadership,Boldness/discipline,conviction [convictions],1
Amazon,2024,Strategic Leadership,Boldness/discipline,conviction [convictions],1
Amazon,2025,Strategic Leadership,Boldness/discipline,conviction [convictions],2
Chevron,2013,Strategic Leadership,Boldness/discipline,conviction [convictions],0
Chevron,2018,Strategic Leadership,Boldness/discipline,conviction [convictions],0
Chevron,2020,Strategic Leadership,Boldness/discipline,conviction [convictions],0
Chevron,2021,Strategic Leadership,Boldness/discipline,conviction [convictions],0
Chevron,2022,Strategic Leadership,Boldness/discipline,conviction [convictions],0
Chevron,2023,Strategic Leadership,Boldness/discipline,conviction [convictions],0
Chevron,2024,Strategic Leadership,Boldness/discipline,conviction [convictions],0
Nvidia,2017,Strategic Leadership,Boldness/discipline,conviction [convictions],0
Nvidia,2018,Strategic Leadership,Boldness/discipline,conviction [convictions],0
Nvidia,2020,Strategic Leadership,Boldness/discipline,conviction [convictions],0
Nvidia,2021,Strategic Leadership,Boldness/discipline,conviction [convictions],0
Nvidia,2022,Strategic Leadership,Boldness/discipline,conviction [convictions],0
Nvidia,2023,Strategic Leadership,Boldness/discipline,conviction [convictions],0
Nvidia,2025,Strategic Leadership,Boldness/discipline,conviction [convictions],0
Shell,2014,Strategic Leadership,Boldness/discipline,conviction [convictions],0
Shell,2015,Strategic Leadership,Boldness/discipline,conviction [convictions],0
Shell,2016,Strategic Leadership,Boldness/discipline,conviction [convictions],1
Shell,2020,Strategic Leadership,Boldness/discipline,conviction [convictions],0
Shell,2022,Strategic Leadership,Boldness/discipline,conviction [convictions],0
Shell,2024,Strategic Leadership,Boldness/discipline,conviction [convictions],1
Shell,2025,Strategic Leadership,Boldness/discipline,conviction [convictions],0
Amazon,1997,Strategic Leadership,Boldness/discipline,"decisive [decisiveness, decisively] !decision, decisions",0
Amazon,2016,Strategic Leadership,Boldness/discipline,"decisive [decisiveness, decisively] !decision, decisions",0
Amazon,2020,Strategic Leadership,Boldness/discipline,"decisive [decisiveness, decisively] !decision, decisions",1
Amazon,2021,Strategic Leadership,Boldness/discipline,"decisive [decisiveness, decisively] !decision, decisions",0
Amazon,2022,Strategic Leadership,Boldness/discipline,"decisive [decisiveness, decisively] !decision, decisions",0
Amazon,2024,Strategic Leadership,Boldness/discipline,"decisive [decisiveness, decisively] !decision, decisions",0
Amazon,2025,Strategic Leadership,Boldness/discipline,"decisive [decisiveness, decisively] !decision, decisions",0
Chevron,2013,Strategic Leadership,Boldness/discipline,"decisive [decisiveness, decisively] !decision, decisions",0
Chevron,2018,Strategic Leadership,Boldness/discipline,"decisive [decisiveness, decisively] !decision, decisions",0
Chevron,2020,Strategic Leadership,Boldness/discipline,"decisive [decisiveness, decisively] !decision, decisions",0
Chevron,2021,Strategic Leadership,Boldness/discipline,"decisive [decisiveness, decisively] !decision, decisions",0
Chevron,2022,Strategic Leadership,Boldness/discipline,"decisive [decisiveness, decisively] !decision, decisions",0
Chevron,2023,Strategic Leadership,Boldness/discipline,"decisive [decisiveness, decisively] !decision, decisions",0
Chevron,2024,Strategic Leadership,Boldness/discipline,"decisive [decisiveness, decisively] !decision, decisions",0
Nvidia,2017,Strategic Leadership,Boldness/discipline,"decisive [decisiveness, decisively] !decision, decisions",0
Nvidia,2018,Strategic Leadership,Boldness/discipline,"decisive [decisiveness, decisively] !decision, decisions",0
Nvidia,2020,Strategic Leadership,Boldness/discipline,"decisive [decisiveness, decisively] !decision, decisions",0
Nvidia,2021,Strategic Leadership,Boldness/discipline,"decisive [decisiveness, decisively] !decision, decisions",0
Nvidia,2022,Strategic Leadership,Boldness/discipline,"decisive [decisiveness, decisively] !decision, decisions",0
Nvidia,2023,Strategic Leadership,Boldness/discipline,"decisive [decisiveness, decisively] !decision, decisions",0
Nvidia,2025,Strategic Leadership,Boldness/discipline,"decisive [decisiveness, decisively] !decision, decisions",1
Shell,2014,Strategic Leadership,Boldness/discipline,"decisive [decisiveness, decisively] !decision, decisions",0
Shell,2015,Strategic Leadership,Boldness/discipline,"decisive [decisiveness, decisively] !decision, decisions",0
Shell,2016,Strategic Leadership,Boldness/discipline,"decisive [decisiveness, decisively] !decision, decisions",0
Shell,2020,Strategic Leadership,Boldness/discipline,"decisive [decisiveness, decisively] !decision, decisions",1
Shell,2022,Strategic Leadership,Boldness/discipline,"decisive [decisiveness, decisively] !decision, decisions",0
Shell,2024,Strategic Leadership,Boldness/discipline,"decisive [decisiveness, decisively] !decision, decisions",0
Shell,2025,Strategic Leadership,Boldness/discipline,"decisive [decisiveness, decisively] !decision, decisions",0
Amazon,1997,Strategic Leadership,Boldness/discipline,high standards,0
Amazon,2016,Strategic Leadership,Boldness/discipline,high standards,0
Amazon,2020,Strategic Leadership,Boldness/discipline,high standards,1
Amazon,2021,Strategic Leadership,Boldness/discipline,high standards,0
Amazon,2022,Strategic Leadership,Boldness/discipline,high standards,0
Amazon,2024,Strategic Leadership,Boldness/discipline,high standards,2
Amazon,2025,Strategic Leadership,Boldness/discipline,high standards,0
Chevron,2013,Strategic Leadership,Boldness/discipline,high standards,0
Chevron,2018,Strategic Leadership,Boldness/discipline,high standards,0
Chevron,2020,Strategic Leadership,Boldness/discipline,high standards,0
Chevron,2021,Strategic Leadership,Boldness/discipline,high standards,0
Chevron,2022,Strategic Leadership,Boldness/discipline,high standards,0
Chevron,2023,Strategic Leadership,Boldness/discipline,high standards,0
Chevron,2024,Strategic Leadership,Boldness/discipline,high standards,0
Nvidia,2017,Strategic Leadership,Boldness/discipline,high standards,0
Nvidia,2018,Strategic Leadership,Boldness/discipline,high standards,0
Nvidia,2020,Strategic Leadership,Boldness/discipline,high standards,0
Nvidia,2021,Strategic Leadership,Boldness/discipline,high standards,0
Nvidia,2022,Strategic Leadership,Boldness/discipline,high standards,0
Nvidia,2023,Strategic Leadership,Boldness/discipline,high standards,0
Nvidia,2025,Strategic Leadership,Boldness/discipline,high standards,0
Shell,2014,Strategic Leadership,Boldness/discipline,high standards,0
Shell,2015,Strategic Leadership,Boldness/discipline,high standards,0
Shell,2016,Strategic Leadership,Boldness/discipline,high standards,0
Shell,2020,Strategic Leadership,Boldness/discipline,high standards,0
Shell,2022,Strategic Leadership,Boldness/discipline,high standards,0
Shell,2024,Strategic Leadership,Boldness/discipline,high standards,0
Shell,2025,Strategic Leadership,Boldness/discipline,high standards,0
Amazon,1997,Strategic Leadership,Boldness/discipline,capital discipline,0
Amazon,2016,Strategic Leadership,Boldness/discipline,capital discipline,0
Amazon,2020,Strategic Leadership,Boldness/discipline,capital discipline,0
Amazon,2021,Strategic Leadership,Boldness/discipline,capital discipline,0
Amazon,2022,Strategic Leadership,Boldness/discipline,capital discipline,0
Amazon,2024,Strategic Leadership,Boldness/discipline,capital discipline,0
Amazon,2025,Strategic Leadership,Boldness/discipline,capital discipline,0
Chevron,2013,Strategic Leadership,Boldness/discipline,capital discipline,0
Chevron,2018,Strategic Leadership,Boldness/discipline,capital discipline,0
Chevron,2020,Strategic Leadership,Boldness/discipline,capital discipline,0
Chevron,2021,Strategic Leadership,Boldness/discipline,capital discipline,1
Chevron,2022,Strategic Leadership,Boldness/discipline,capital discipline,0
Chevron,2023,Strategic Leadership,Boldness/discipline,capital discipline,0
Chevron,2024,Strategic Leadership,Boldness/discipline,capital discipline,0
Nvidia,2017,Strategic Leadership,Boldness/discipline,capital discipline,0
Nvidia,2018,Strategic Leadership,Boldness/discipline,capital discipline,0
Nvidia,2020,Strategic Leadership,Boldness/discipline,capital discipline,0
Nvidia,2021,Strategic Leadership,Boldness/discipline,capital discipline,0
Nvidia,2022,Strategic Leadership,Boldness/discipline,capital discipline,0
Nvidia,2023,Strategic Leadership,Boldness/discipline,capital discipline,0
Nvidia,2025,Strategic Leadership,Boldness/discipline,capital discipline,0
Shell,2014,Strategic Leadership,Boldness/discipline,capital discipline,0
Shell,2015,Strategic Leadership,Boldness/discipline,capital discipline,0
Shell,2016,Strategic Leadership,Boldness/discipline,capital discipline,2
Shell,2020,Strategic Leadership,Boldness/discipline,capital discipline,0
Shell,2022,Strategic Leadership,Boldness/discipline,capital discipline,1
Shell,2024,Strategic Leadership,Boldness/discipline,capital discipline,0
Shell,2025,Strategic Leadership,Boldness/discipline,capital discipline,0
Amazon,1997,Strategic Leadership,Stewardship/accountability,"accountable [accountability] !account, accounts, accounting",0
Amazon,2016,Strategic Leadership,Stewardship/accountability,"accountable [accountability] !account, accounts, accounting",0
Amazon,2020,Strategic Leadership,Stewardship/accountability,"accountable [accountability] !account, accounts, accounting",0
Amazon,2021,Strategic Leadership,Stewardship/accountability,"accountable [accountability] !account, accounts, accounting",0
Amazon,2022,Strategic Leadership,Stewardship/accountability,"accountable [accountability] !account, accounts, accounting",0
Amazon,2024,Strategic Leadership,Stewardship/accountability,"accountable [accountability] !account, accounts, accounting",2
Amazon,2025,Strategic Leadership,Stewardship/accountability,"accountable [accountability] !account, accounts, accounting",0
Chevron,2013,Strategic Leadership,Stewardship/accountability,"accountable [accountability] !account, accounts, accounting",0
Chevron,2018,Strategic Leadership,Stewardship/accountability,"accountable [accountability] !account, accounts, accounting",0
Chevron,2020,Strategic Leadership,Stewardship/accountability,"accountable [accountability] !account, accounts, accounting",1
Chevron,2021,Strategic Leadership,Stewardship/accountability,"accountable [accountability] !account, accounts, accounting",0
Chevron,2022,Strategic Leadership,Stewardship/accountability,"accountable [accountability] !account, accounts, accounting",0
Chevron,2023,Strategic Leadership,Stewardship/accountability,"accountable [accountability] !account, accounts, accounting",0
Chevron,2024,Strategic Leadership,Stewardship/accountability,"accountable [accountability] !account, accounts, accounting",0
Nvidia,2017,Strategic Leadership,Stewardship/accountability,"accountable [accountability] !account, accounts, accounting",0
Nvidia,2018,Strategic Leadership,Stewardship/accountability,"accountable [accountability] !account, accounts, accounting",0
Nvidia,2020,Strategic Leadership,Stewardship/accountability,"accountable [accountability] !account, accounts, accounting",0
Nvidia,2021,Strategic Leadership,Stewardship/accountability,"accountable [accountability] !account, accounts, accounting",0
Nvidia,2022,Strategic Leadership,Stewardship/accountability,"accountable [accountability] !account, accounts, accounting",0
Nvidia,2023,Strategic Leadership,Stewardship/accountability,"accountable [accountability] !account, accounts, accounting",0
Nvidia,2025,Strategic Leadership,Stewardship/accountability,"accountable [accountability] !account, accounts, accounting",0
Shell,2014,Strategic Leadership,Stewardship/accountability,"accountable [accountability] !account, accounts, accounting",0
Shell,2015,Strategic Leadership,Stewardship/accountability,"accountable [accountability] !account, accounts, accounting",0
Shell,2016,Strategic Leadership,Stewardship/accountability,"accountable [accountability] !account, accounts, accounting",0
Shell,2020,Strategic Leadership,Stewardship/accountability,"accountable [accountability] !account, accounts, accounting",0
Shell,2022,Strategic Leadership,Stewardship/accountability,"accountable [accountability] !account, accounts, accounting",0
Shell,2024,Strategic Leadership,Stewardship/accountability,"accountable [accountability] !account, accounts, accounting",0
Shell,2025,Strategic Leadership,Stewardship/accountability,"accountable [accountability] !account, accounts, accounting",0
Amazon,1997,Strategic Leadership,Stewardship/accountability,"responsible [responsibility, responsibly, responsibilities]",0
Amazon,2016,Strategic Leadership,Stewardship/accountability,"responsible [responsibility, responsibly, responsibilities]",0
Amazon,2020,Strategic Leadership,Stewardship/accountability,"responsible [responsibility, responsibly, responsibilities]",2
Amazon,2021,Strategic Leadership,Stewardship/accountability,"responsible [responsibility, responsibly, responsibilities]",1
Amazon,2022,Strategic Leadership,Stewardship/accountability,"responsible [responsibility, responsibly, responsibilities]",0
Amazon,2024,Strategic Leadership,Stewardship/accountability,"responsible [responsibility, responsibly, responsibilities]",1
Amazon,2025,Strategic Leadership,Stewardship/accountability,"responsible [responsibility, responsibly, responsibilities]",2
Chevron,2013,Strategic Leadership,Stewardship/accountability,"responsible [responsibility, responsibly, responsibilities]",2
Chevron,2018,Strategic Leadership,Stewardship/accountability,"responsible [responsibility, responsibly, responsibilities]",2
Chevron,2020,Strategic Leadership,Stewardship/accountability,"responsible [responsibility, responsibly, responsibilities]",1
Chevron,2021,Strategic Leadership,Stewardship/accountability,"responsible [responsibility, responsibly, responsibilities]",0
Chevron,2022,Strategic Leadership,Stewardship/accountability,"responsible [responsibility, responsibly, responsibilities]",0
Chevron,2023,Strategic Leadership,Stewardship/accountability,"responsible [responsibility, responsibly, responsibilities]",0
Chevron,2024,Strategic Leadership,Stewardship/accountability,"responsible [responsibility, responsibly, responsibilities]",0
Nvidia,2017,Strategic Leadership,Stewardship/accountability,"responsible [responsibility, responsibly, responsibilities]",1
Nvidia,2018,Strategic Leadership,Stewardship/accountability,"responsible [responsibility, responsibly, responsibilities]",5
Nvidia,2020,Strategic Leadership,Stewardship/accountability,"responsible [responsibility, responsibly, responsibilities]",2
Nvidia,2021,Strategic Leadership,Stewardship/accountability,"responsible [responsibility, responsibly, responsibilities]",0
Nvidia,2022,Strategic Leadership,Stewardship/accountability,"responsible [responsibility, responsibly, responsibilities]",0
Nvidia,2023,Strategic Leadership,Stewardship/accountability,"responsible [responsibility, responsibly, responsibilities]",1
Nvidia,2025,Strategic Leadership,Stewardship/accountability,"responsible [responsibility, responsibly, responsibilities]",2
Shell,2014,Strategic Leadership,Stewardship/accountability,"responsible [responsibility, responsibly, responsibilities]",1
Shell,2015,Strategic Leadership,Stewardship/accountability,"responsible [responsibility, responsibly, responsibilities]",0
Shell,2016,Strategic Leadership,Stewardship/accountability,"responsible [responsibility, responsibly, responsibilities]",0
Shell,2020,Strategic Leadership,Stewardship/accountability,"responsible [responsibility, responsibly, responsibilities]",1
Shell,2022,Strategic Leadership,Stewardship/accountability,"responsible [responsibility, responsibly, responsibilities]",0
Shell,2024,Strategic Leadership,Stewardship/accountability,"responsible [responsibility, responsibly, responsibilities]",1
Shell,2025,Strategic Leadership,Stewardship/accountability,"responsible [responsibility, responsibly, responsibilities]",0
Amazon,1997,Strategic Leadership,Stewardship/accountability,safety,0
Amazon,2016,Strategic Leadership,Stewardship/accountability,safety,0
Amazon,2020,Strategic Leadership,Stewardship/accountability,safety,5
Amazon,2021,Strategic Leadership,Stewardship/accountability,safety,3
Amazon,2022,Strategic Leadership,Stewardship/accountability,safety,0
Amazon,2024,Strategic Leadership,Stewardship/accountability,safety,0
Amazon,2025,Strategic Leadership,Stewardship/accountability,safety,0
Chevron,2013,Strategic Leadership,Stewardship/accountability,safety,5
Chevron,2018,Strategic Leadership,Stewardship/accountability,safety,4
Chevron,2020,Strategic Leadership,Stewardship/accountability,safety,0
Chevron,2021,Strategic Leadership,Stewardship/accountability,safety,0
Chevron,2022,Strategic Leadership,Stewardship/accountability,safety,0
Chevron,2023,Strategic Leadership,Stewardship/accountability,safety,0
Chevron,2024,Strategic Leadership,Stewardship/accountability,safety,0
Nvidia,2017,Strategic Leadership,Stewardship/accountability,safety,0
Nvidia,2018,Strategic Leadership,Stewardship/accountability,safety,0
Nvidia,2020,Strategic Leadership,Stewardship/accountability,safety,5
Nvidia,2021,Strategic Leadership,Stewardship/accountability,safety,2
Nvidia,2022,Strategic Leadership,Stewardship/accountability,safety,0
Nvidia,2023,Strategic Leadership,Stewardship/accountability,safety,4
Nvidia,2025,Strategic Leadership,Stewardship/accountability,safety,2
Shell,2014,Strategic Leadership,Stewardship/accountability,safety,1
Shell,2015,Strategic Leadership,Stewardship/accountability,safety,1
Shell,2016,Strategic Leadership,Stewardship/accountability,safety,2
Shell,2020,Strategic Leadership,Stewardship/accountability,safety,2
Shell,2022,Strategic Leadership,Stewardship/accountability,safety,2
Shell,2024,Strategic Leadership,Stewardship/accountability,safety,3
Shell,2025,Strategic Leadership,Stewardship/accountability,safety,2
Amazon,1997,Strategic Leadership,Stewardship/accountability,"trust [trusted, trusting, trusts]",2
Amazon,2016,Strategic Leadership,Stewardship/accountability,"trust [trusted, trusting, trusts]",0
Amazon,2020,Strategic Leadership,Stewardship/accountability,"trust [trusted, trusting, trusts]",1
Amazon,2021,Strategic Leadership,Stewardship/accountability,"trust [trusted, trusting, trusts]",0
Amazon,2022,Strategic Leadership,Stewardship/accountability,"trust [trusted, trusting, trusts]",0
Amazon,2024,Strategic Leadership,Stewardship/accountability,"trust [trusted, trusting, trusts]",1
Amazon,2025,Strategic Leadership,Stewardship/accountability,"trust [trusted, trusting, trusts]",0
Chevron,2013,Strategic Leadership,Stewardship/accountability,"trust [trusted, trusting, trusts]",0
Chevron,2018,Strategic Leadership,Stewardship/accountability,"trust [trusted, trusting, trusts]",1
Chevron,2020,Strategic Leadership,Stewardship/accountability,"trust [trusted, trusting, trusts]",1
Chevron,2021,Strategic Leadership,Stewardship/accountability,"trust [trusted, trusting, trusts]",1
Chevron,2022,Strategic Leadership,Stewardship/accountability,"trust [trusted, trusting, trusts]",1
Chevron,2023,Strategic Leadership,Stewardship/accountability,"trust [trusted, trusting, trusts]",1
Chevron,2024,Strategic Leadership,Stewardship/accountability,"trust [trusted, trusting, trusts]",1
Nvidia,2017,Strategic Leadership,Stewardship/accountability,"trust [trusted, trusting, trusts]",0
Nvidia,2018,Strategic Leadership,Stewardship/accountability,"trust [trusted, trusting, trusts]",0
Nvidia,2020,Strategic Leadership,Stewardship/accountability,"trust [trusted, trusting, trusts]",0
Nvidia,2021,Strategic Leadership,Stewardship/accountability,"trust [trusted, trusting, trusts]",0
Nvidia,2022,Strategic Leadership,Stewardship/accountability,"trust [trusted, trusting, trusts]",0
Nvidia,2023,Strategic Leadership,Stewardship/accountability,"trust [trusted, trusting, trusts]",0
Nvidia,2025,Strategic Leadership,Stewardship/accountability,"trust [trusted, trusting, trusts]",0
Shell,2014,Strategic Leadership,Stewardship/accountability,"trust [trusted, trusting, trusts]",0
Shell,2015,Strategic Leadership,Stewardship/accountability,"trust [trusted, trusting, trusts]",0
Shell,2016,Strategic Leadership,Stewardship/accountability,"trust [trusted, trusting, trusts]",0
Shell,2020,Strategic Leadership,Stewardship/accountability,"trust [trusted, trusting, trusts]",0
Shell,2022,Strategic Leadership,Stewardship/accountability,"trust [trusted, trusting, trusts]",0
Shell,2024,Strategic Leadership,Stewardship/accountability,"trust [trusted, trusting, trusts]",0
Shell,2025,Strategic Leadership,Stewardship/accountability,"trust [trusted, trusting, trusts]",4
Amazon,1997,Strategic Leadership,Stewardship/accountability,integrity,0
Amazon,2016,Strategic Leadership,Stewardship/accountability,integrity,0
Amazon,2020,Strategic Leadership,Stewardship/accountability,integrity,0
Amazon,2021,Strategic Leadership,Stewardship/accountability,integrity,0
Amazon,2022,Strategic Leadership,Stewardship/accountability,integrity,0
Amazon,2024,Strategic Leadership,Stewardship/accountability,integrity,0
Amazon,2025,Strategic Leadership,Stewardship/accountability,integrity,0
Chevron,2013,Strategic Leadership,Stewardship/accountability,integrity,0
Chevron,2018,Strategic Leadership,Stewardship/accountability,integrity,1
Chevron,2020,Strategic Leadership,Stewardship/accountability,integrity,0
Chevron,2021,Strategic Leadership,Stewardship/accountability,integrity,0
Chevron,2022,Strategic Leadership,Stewardship/accountability,integrity,0
Chevron,2023,Strategic Leadership,Stewardship/accountability,integrity,0
Chevron,2024,Strategic Leadership,Stewardship/accountability,integrity,0
Nvidia,2017,Strategic Leadership,Stewardship/accountability,integrity,0
Nvidia,2018,Strategic Leadership,Stewardship/accountability,integrity,0
Nvidia,2020,Strategic Leadership,Stewardship/accountability,integrity,0
Nvidia,2021,Strategic Leadership,Stewardship/accountability,integrity,0
Nvidia,2022,Strategic Leadership,Stewardship/accountability,integrity,0
Nvidia,2023,Strategic Leadership,Stewardship/accountability,integrity,0
Nvidia,2025,Strategic Leadership,Stewardship/accountability,integrity,0
Shell,2014,Strategic Leadership,Stewardship/accountability,integrity,0
Shell,2015,Strategic Leadership,Stewardship/accountability,integrity,0
Shell,2016,Strategic Leadership,Stewardship/accountability,integrity,0
Shell,2020,Strategic Leadership,Stewardship/accountability,integrity,1
Shell,2022,Strategic Leadership,Stewardship/accountability,integrity,1
Shell,2024,Strategic Leadership,Stewardship/accountability,integrity,0
Shell,2025,Strategic Leadership,Stewardship/accountability,integrity,0
Amazon,1997,Strategic Leadership,Managerial control,"efficient [efficiency, efficiencies, efficiently]",0
Amazon,2016,Strategic Leadership,Managerial control,"efficient [efficiency, efficiencies, efficiently]",0
Amazon,2020,Strategic Leadership,Managerial control,"efficient [efficiency, efficiencies, efficiently]",1
Amazon,2021,Strategic Leadership,Managerial control,"efficient [efficiency, efficiencies, efficiently]",1
Amazon,2022,Strategic Leadership,Managerial control,"efficient [efficiency, efficiencies, efficiently]",4
Amazon,2024,Strategic Leadership,Managerial control,"efficient [efficiency, efficiencies, efficiently]",1
Amazon,2025,Strategic Leadership,Managerial control,"efficient [efficiency, efficiencies, efficiently]",0
Chevron,2013,Strategic Leadership,Managerial control,"efficient [efficiency, efficiencies, efficiently]",0
Chevron,2018,Strategic Leadership,Managerial control,"efficient [efficiency, efficiencies, efficiently]",2
Chevron,2020,Strategic Leadership,Managerial control,"efficient [efficiency, efficiencies, efficiently]",2
Chevron,2021,Strategic Leadership,Managerial control,"efficient [efficiency, efficiencies, efficiently]",0
Chevron,2022,Strategic Leadership,Managerial control,"efficient [efficiency, efficiencies, efficiently]",4
Chevron,2023,Strategic Leadership,Managerial control,"efficient [efficiency, efficiencies, efficiently]",1
Chevron,2024,Strategic Leadership,Managerial control,"efficient [efficiency, efficiencies, efficiently]",1
Nvidia,2017,Strategic Leadership,Managerial control,"efficient [efficiency, efficiencies, efficiently]",0
Nvidia,2018,Strategic Leadership,Managerial control,"efficient [efficiency, efficiencies, efficiently]",1
Nvidia,2020,Strategic Leadership,Managerial control,"efficient [efficiency, efficiencies, efficiently]",0
Nvidia,2021,Strategic Leadership,Managerial control,"efficient [efficiency, efficiencies, efficiently]",0
Nvidia,2022,Strategic Leadership,Managerial control,"efficient [efficiency, efficiencies, efficiently]",2
Nvidia,2023,Strategic Leadership,Managerial control,"efficient [efficiency, efficiencies, efficiently]",0
Nvidia,2025,Strategic Leadership,Managerial control,"efficient [efficiency, efficiencies, efficiently]",5
Shell,2014,Strategic Leadership,Managerial control,"efficient [efficiency, efficiencies, efficiently]",3
Shell,2015,Strategic Leadership,Managerial control,"efficient [efficiency, efficiencies, efficiently]",1
Shell,2016,Strategic Leadership,Managerial control,"efficient [efficiency, efficiencies, efficiently]",1
Shell,2020,Strategic Leadership,Managerial control,"efficient [efficiency, efficiencies, efficiently]",0
Shell,2022,Strategic Leadership,Managerial control,"efficient [efficiency, efficiencies, efficiently]",2
Shell,2024,Strategic Leadership,Managerial control,"efficient [efficiency, efficiencies, efficiently]",0
Shell,2025,Strategic Leadership,Managerial control,"efficient [efficiency, efficiencies, efficiently]",0
Amazon,1997,Strategic Leadership,Managerial control,"productive [productivity, productively] !product, products, production, productions",0
Amazon,2016,Strategic Leadership,Managerial control,"productive [productivity, productively] !product, products, production, productions",0
Amazon,2020,Strategic Leadership,Managerial control,"productive [productivity, productively] !product, products, production, productions",1
Amazon,2021,Strategic Leadership,Managerial control,"productive [productivity, productively] !product, products, production, productions",1
Amazon,2022,Strategic Leadership,Managerial control,"productive [productivity, productively] !product, products, production, productions",3
Amazon,2024,Strategic Leadership,Managerial control,"productive [productivity, productively] !product, products, production, productions",1
Amazon,2025,Strategic Leadership,Managerial control,"productive [productivity, productively] !product, products, production, productions",1
Chevron,2013,Strategic Leadership,Managerial control,"productive [productivity, productively] !product, products, production, productions",0
Chevron,2018,Strategic Leadership,Managerial control,"productive [productivity, productively] !product, products, production, productions",0
Chevron,2020,Strategic Leadership,Managerial control,"productive [productivity, productively] !product, products, production, productions",0
Chevron,2021,Strategic Leadership,Managerial control,"productive [productivity, productively] !product, products, production, productions",0
Chevron,2022,Strategic Leadership,Managerial control,"productive [productivity, productively] !product, products, production, productions",0
Chevron,2023,Strategic Leadership,Managerial control,"productive [productivity, productively] !product, products, production, productions",0
Chevron,2024,Strategic Leadership,Managerial control,"productive [productivity, productively] !product, products, production, productions",1
Nvidia,2017,Strategic Leadership,Managerial control,"productive [productivity, productively] !product, products, production, productions",0
Nvidia,2018,Strategic Leadership,Managerial control,"productive [productivity, productively] !product, products, production, productions",0
Nvidia,2020,Strategic Leadership,Managerial control,"productive [productivity, productively] !product, products, production, productions",1
Nvidia,2021,Strategic Leadership,Managerial control,"productive [productivity, productively] !product, products, production, productions",3
Nvidia,2022,Strategic Leadership,Managerial control,"productive [productivity, productively] !product, products, production, productions",0
Nvidia,2023,Strategic Leadership,Managerial control,"productive [productivity, productively] !product, products, production, productions",3
Nvidia,2025,Strategic Leadership,Managerial control,"productive [productivity, productively] !product, products, production, productions",1
Shell,2014,Strategic Leadership,Managerial control,"productive [productivity, productively] !product, products, production, productions",0
Shell,2015,Strategic Leadership,Managerial control,"productive [productivity, productively] !product, products, production, productions",0
Shell,2016,Strategic Leadership,Managerial control,"productive [productivity, productively] !product, products, production, productions",0
Shell,2020,Strategic Leadership,Managerial control,"productive [productivity, productively] !product, products, production, productions",0
Shell,2022,Strategic Leadership,Managerial control,"productive [productivity, productively] !product, products, production, productions",0
Shell,2024,Strategic Leadership,Managerial control,"productive [productivity, productively] !product, products, production, productions",0
Shell,2025,Strategic Leadership,Managerial control,"productive [productivity, productively] !product, products, production, productions",0
Amazon,1997,Strategic Leadership,Managerial control,"process [processes] !processor, processors, processing, processed",2
Amazon,2016,Strategic Leadership,Managerial control,"process [processes] !processor, processors, processing, processed",13
Amazon,2020,Strategic Leadership,Managerial control,"process [processes] !processor, processors, processing, processed",2
Amazon,2021,Strategic Leadership,Managerial control,"process [processes] !processor, processors, processing, processed",3
Amazon,2022,Strategic Leadership,Managerial control,"process [processes] !processor, processors, processing, processed",5
Amazon,2024,Strategic Leadership,Managerial control,"process [processes] !processor, processors, processing, processed",5
Amazon,2025,Strategic Leadership,Managerial control,"process [processes] !processor, processors, processing, processed",1
Chevron,2013,Strategic Leadership,Managerial control,"process [processes] !processor, processors, processing, processed",2
Chevron,2018,Strategic Leadership,Managerial control,"process [processes] !processor, processors, processing, processed",0
Chevron,2020,Strategic Leadership,Managerial control,"process [processes] !processor, processors, processing, processed",1
Chevron,2021,Strategic Leadership,Managerial control,"process [processes] !processor, processors, processing, processed",0
Chevron,2022,Strategic Leadership,Managerial control,"process [processes] !processor, processors, processing, processed",1
Chevron,2023,Strategic Leadership,Managerial control,"process [processes] !processor, processors, processing, processed",1
Chevron,2024,Strategic Leadership,Managerial control,"process [processes] !processor, processors, processing, processed",1
Nvidia,2017,Strategic Leadership,Managerial control,"process [processes] !processor, processors, processing, processed",0
Nvidia,2018,Strategic Leadership,Managerial control,"process [processes] !processor, processors, processing, processed",0
Nvidia,2020,Strategic Leadership,Managerial control,"process [processes] !processor, processors, processing, processed",1
Nvidia,2021,Strategic Leadership,Managerial control,"process [processes] !processor, processors, processing, processed",2
Nvidia,2022,Strategic Leadership,Managerial control,"process [processes] !processor, processors, processing, processed",2
Nvidia,2023,Strategic Leadership,Managerial control,"process [processes] !processor, processors, processing, processed",2
Nvidia,2025,Strategic Leadership,Managerial control,"process [processes] !processor, processors, processing, processed",1
Shell,2014,Strategic Leadership,Managerial control,"process [processes] !processor, processors, processing, processed",0
Shell,2015,Strategic Leadership,Managerial control,"process [processes] !processor, processors, processing, processed",0
Shell,2016,Strategic Leadership,Managerial control,"process [processes] !processor, processors, processing, processed",0
Shell,2020,Strategic Leadership,Managerial control,"process [processes] !processor, processors, processing, processed",1
Shell,2022,Strategic Leadership,Managerial control,"process [processes] !processor, processors, processing, processed",1
Shell,2024,Strategic Leadership,Managerial control,"process [processes] !processor, processors, processing, processed",1
Shell,2025,Strategic Leadership,Managerial control,"process [processes] !processor, processors, processing, processed",0
Amazon,1997,Strategic Leadership,Managerial control,"govern [governance, governing, governed] !government, governments",0
Amazon,2016,Strategic Leadership,Managerial control,"govern [governance, governing, governed] !government, governments",0
Amazon,2020,Strategic Leadership,Managerial control,"govern [governance, governing, governed] !government, governments",0
Amazon,2021,Strategic Leadership,Managerial control,"govern [governance, governing, governed] !government, governments",0
Amazon,2022,Strategic Leadership,Managerial control,"govern [governance, governing, governed] !government, governments",0
Amazon,2024,Strategic Leadership,Managerial control,"govern [governance, governing, governed] !government, governments",0
Amazon,2025,Strategic Leadership,Managerial control,"govern [governance, governing, governed] !government, governments",0
Chevron,2013,Strategic Leadership,Managerial control,"govern [governance, governing, governed] !government, governments",0
Chevron,2018,Strategic Leadership,Managerial control,"govern [governance, governing, governed] !government, governments",1
Chevron,2020,Strategic Leadership,Managerial control,"govern [governance, governing, governed] !government, governments",0
Chevron,2021,Strategic Leadership,Managerial control,"govern [governance, governing, governed] !government, governments",0
Chevron,2022,Strategic Leadership,Managerial control,"govern [governance, governing, governed] !government, governments",0
Chevron,2023,Strategic Leadership,Managerial control,"govern [governance, governing, governed] !government, governments",0
Chevron,2024,Strategic Leadership,Managerial control,"govern [governance, governing, governed] !government, governments",0
Nvidia,2017,Strategic Leadership,Managerial control,"govern [governance, governing, governed] !government, governments",0
Nvidia,2018,Strategic Leadership,Managerial control,"govern [governance, governing, governed] !government, governments",0
Nvidia,2020,Strategic Leadership,Managerial control,"govern [governance, governing, governed] !government, governments",0
Nvidia,2021,Strategic Leadership,Managerial control,"govern [governance, governing, governed] !government, governments",0
Nvidia,2022,Strategic Leadership,Managerial control,"govern [governance, governing, governed] !government, governments",0
Nvidia,2023,Strategic Leadership,Managerial control,"govern [governance, governing, governed] !government, governments",0
Nvidia,2025,Strategic Leadership,Managerial control,"govern [governance, governing, governed] !government, governments",1
Shell,2014,Strategic Leadership,Managerial control,"govern [governance, governing, governed] !government, governments",0
Shell,2015,Strategic Leadership,Managerial control,"govern [governance, governing, governed] !government, governments",0
Shell,2016,Strategic Leadership,Managerial control,"govern [governance, governing, governed] !government, governments",0
Shell,2020,Strategic Leadership,Managerial control,"govern [governance, governing, governed] !government, governments",0
Shell,2022,Strategic Leadership,Managerial control,"govern [governance, governing, governed] !government, governments",0
Shell,2024,Strategic Leadership,Managerial control,"govern [governance, governing, governed] !government, governments",0
Shell,2025,Strategic Leadership,Managerial control,"govern [governance, governing, governed] !government, governments",1
Amazon,1997,Horizon Scanning / Sense-making,Disruption/uncertainty,"disrupt [disruption, disruptive, disruptions, disruptor]",0
Amazon,2016,Horizon Scanning / Sense-making,Disruption/uncertainty,"disrupt [disruption, disruptive, disruptions, disruptor]",0
Amazon,2020,Horizon Scanning / Sense-making,Disruption/uncertainty,"disrupt [disruption, disruptive, disruptions, disruptor]",0
Amazon,2021,Horizon Scanning / Sense-making,Disruption/uncertainty,"disrupt [disruption, disruptive, disruptions, disruptor]",1
Amazon,2022,Horizon Scanning / Sense-making,Disruption/uncertainty,"disrupt [disruption, disruptive, disruptions, disruptor]",0
Amazon,2024,Horizon Scanning / Sense-making,Disruption/uncertainty,"disrupt [disruption, disruptive, disruptions, disruptor]",0
Amazon,2025,Horizon Scanning / Sense-making,Disruption/uncertainty,"disrupt [disruption, disruptive, disruptions, disruptor]",1
Chevron,2013,Horizon Scanning / Sense-making,Disruption/uncertainty,"disrupt [disruption, disruptive, disruptions, disruptor]",0
Chevron,2018,Horizon Scanning / Sense-making,Disruption/uncertainty,"disrupt [disruption, disruptive, disruptions, disruptor]",0
Chevron,2020,Horizon Scanning / Sense-making,Disruption/uncertainty,"disrupt [disruption, disruptive, disruptions, disruptor]",4
Chevron,2021,Horizon Scanning / Sense-making,Disruption/uncertainty,"disrupt [disruption, disruptive, disruptions, disruptor]",0
Chevron,2022,Horizon Scanning / Sense-making,Disruption/uncertainty,"disrupt [disruption, disruptive, disruptions, disruptor]",2
Chevron,2023,Horizon Scanning / Sense-making,Disruption/uncertainty,"disrupt [disruption, disruptive, disruptions, disruptor]",0
Chevron,2024,Horizon Scanning / Sense-making,Disruption/uncertainty,"disrupt [disruption, disruptive, disruptions, disruptor]",0
Nvidia,2017,Horizon Scanning / Sense-making,Disruption/uncertainty,"disrupt [disruption, disruptive, disruptions, disruptor]",0
Nvidia,2018,Horizon Scanning / Sense-making,Disruption/uncertainty,"disrupt [disruption, disruptive, disruptions, disruptor]",0
Nvidia,2020,Horizon Scanning / Sense-making,Disruption/uncertainty,"disrupt [disruption, disruptive, disruptions, disruptor]",0
Nvidia,2021,Horizon Scanning / Sense-making,Disruption/uncertainty,"disrupt [disruption, disruptive, disruptions, disruptor]",0
Nvidia,2022,Horizon Scanning / Sense-making,Disruption/uncertainty,"disrupt [disruption, disruptive, disruptions, disruptor]",0
Nvidia,2023,Horizon Scanning / Sense-making,Disruption/uncertainty,"disrupt [disruption, disruptive, disruptions, disruptor]",0
Nvidia,2025,Horizon Scanning / Sense-making,Disruption/uncertainty,"disrupt [disruption, disruptive, disruptions, disruptor]",0
Shell,2014,Horizon Scanning / Sense-making,Disruption/uncertainty,"disrupt [disruption, disruptive, disruptions, disruptor]",0
Shell,2015,Horizon Scanning / Sense-making,Disruption/uncertainty,"disrupt [disruption, disruptive, disruptions, disruptor]",0
Shell,2016,Horizon Scanning / Sense-making,Disruption/uncertainty,"disrupt [disruption, disruptive, disruptions, disruptor]",0
Shell,2020,Horizon Scanning / Sense-making,Disruption/uncertainty,"disrupt [disruption, disruptive, disruptions, disruptor]",0
Shell,2022,Horizon Scanning / Sense-making,Disruption/uncertainty,"disrupt [disruption, disruptive, disruptions, disruptor]",0
Shell,2024,Horizon Scanning / Sense-making,Disruption/uncertainty,"disrupt [disruption, disruptive, disruptions, disruptor]",0
Shell,2025,Horizon Scanning / Sense-making,Disruption/uncertainty,"disrupt [disruption, disruptive, disruptions, disruptor]",0
Amazon,1997,Horizon Scanning / Sense-making,Disruption/uncertainty,"uncertain [uncertainty, uncertainties]",0
Amazon,2016,Horizon Scanning / Sense-making,Disruption/uncertainty,"uncertain [uncertainty, uncertainties]",0
Amazon,2020,Horizon Scanning / Sense-making,Disruption/uncertainty,"uncertain [uncertainty, uncertainties]",0
Amazon,2021,Horizon Scanning / Sense-making,Disruption/uncertainty,"uncertain [uncertainty, uncertainties]",1
Amazon,2022,Horizon Scanning / Sense-making,Disruption/uncertainty,"uncertain [uncertainty, uncertainties]",1
Amazon,2024,Horizon Scanning / Sense-making,Disruption/uncertainty,"uncertain [uncertainty, uncertainties]",0
Amazon,2025,Horizon Scanning / Sense-making,Disruption/uncertainty,"uncertain [uncertainty, uncertainties]",1
Chevron,2013,Horizon Scanning / Sense-making,Disruption/uncertainty,"uncertain [uncertainty, uncertainties]",0
Chevron,2018,Horizon Scanning / Sense-making,Disruption/uncertainty,"uncertain [uncertainty, uncertainties]",1
Chevron,2020,Horizon Scanning / Sense-making,Disruption/uncertainty,"uncertain [uncertainty, uncertainties]",2
Chevron,2021,Horizon Scanning / Sense-making,Disruption/uncertainty,"uncertain [uncertainty, uncertainties]",0
Chevron,2022,Horizon Scanning / Sense-making,Disruption/uncertainty,"uncertain [uncertainty, uncertainties]",1
Chevron,2023,Horizon Scanning / Sense-making,Disruption/uncertainty,"uncertain [uncertainty, uncertainties]",2
Chevron,2024,Horizon Scanning / Sense-making,Disruption/uncertainty,"uncertain [uncertainty, uncertainties]",0
Nvidia,2017,Horizon Scanning / Sense-making,Disruption/uncertainty,"uncertain [uncertainty, uncertainties]",0
Nvidia,2018,Horizon Scanning / Sense-making,Disruption/uncertainty,"uncertain [uncertainty, uncertainties]",0
Nvidia,2020,Horizon Scanning / Sense-making,Disruption/uncertainty,"uncertain [uncertainty, uncertainties]",0
Nvidia,2021,Horizon Scanning / Sense-making,Disruption/uncertainty,"uncertain [uncertainty, uncertainties]",1
Nvidia,2022,Horizon Scanning / Sense-making,Disruption/uncertainty,"uncertain [uncertainty, uncertainties]",0
Nvidia,2023,Horizon Scanning / Sense-making,Disruption/uncertainty,"uncertain [uncertainty, uncertainties]",0
Nvidia,2025,Horizon Scanning / Sense-making,Disruption/uncertainty,"uncertain [uncertainty, uncertainties]",0
Shell,2014,Horizon Scanning / Sense-making,Disruption/uncertainty,"uncertain [uncertainty, uncertainties]",1
Shell,2015,Horizon Scanning / Sense-making,Disruption/uncertainty,"uncertain [uncertainty, uncertainties]",1
Shell,2016,Horizon Scanning / Sense-making,Disruption/uncertainty,"uncertain [uncertainty, uncertainties]",1
Shell,2020,Horizon Scanning / Sense-making,Disruption/uncertainty,"uncertain [uncertainty, uncertainties]",0
Shell,2022,Horizon Scanning / Sense-making,Disruption/uncertainty,"uncertain [uncertainty, uncertainties]",0
Shell,2024,Horizon Scanning / Sense-making,Disruption/uncertainty,"uncertain [uncertainty, uncertainties]",0
Shell,2025,Horizon Scanning / Sense-making,Disruption/uncertainty,"uncertain [uncertainty, uncertainties]",1
Amazon,1997,Horizon Scanning / Sense-making,Disruption/uncertainty,"volatile [volatility, volatilities]",0
Amazon,2016,Horizon Scanning / Sense-making,Disruption/uncertainty,"volatile [volatility, volatilities]",0
Amazon,2020,Horizon Scanning / Sense-making,Disruption/uncertainty,"volatile [volatility, volatilities]",0
Amazon,2021,Horizon Scanning / Sense-making,Disruption/uncertainty,"volatile [volatility, volatilities]",0
Amazon,2022,Horizon Scanning / Sense-making,Disruption/uncertainty,"volatile [volatility, volatilities]",0
Amazon,2024,Horizon Scanning / Sense-making,Disruption/uncertainty,"volatile [volatility, volatilities]",0
Amazon,2025,Horizon Scanning / Sense-making,Disruption/uncertainty,"volatile [volatility, volatilities]",0
Chevron,2013,Horizon Scanning / Sense-making,Disruption/uncertainty,"volatile [volatility, volatilities]",0
Chevron,2018,Horizon Scanning / Sense-making,Disruption/uncertainty,"volatile [volatility, volatilities]",2
Chevron,2020,Horizon Scanning / Sense-making,Disruption/uncertainty,"volatile [volatility, volatilities]",0
Chevron,2021,Horizon Scanning / Sense-making,Disruption/uncertainty,"volatile [volatility, volatilities]",0
Chevron,2022,Horizon Scanning / Sense-making,Disruption/uncertainty,"volatile [volatility, volatilities]",2
Chevron,2023,Horizon Scanning / Sense-making,Disruption/uncertainty,"volatile [volatility, volatilities]",0
Chevron,2024,Horizon Scanning / Sense-making,Disruption/uncertainty,"volatile [volatility, volatilities]",2
Nvidia,2017,Horizon Scanning / Sense-making,Disruption/uncertainty,"volatile [volatility, volatilities]",0
Nvidia,2018,Horizon Scanning / Sense-making,Disruption/uncertainty,"volatile [volatility, volatilities]",0
Nvidia,2020,Horizon Scanning / Sense-making,Disruption/uncertainty,"volatile [volatility, volatilities]",0
Nvidia,2021,Horizon Scanning / Sense-making,Disruption/uncertainty,"volatile [volatility, volatilities]",0
Nvidia,2022,Horizon Scanning / Sense-making,Disruption/uncertainty,"volatile [volatility, volatilities]",0
Nvidia,2023,Horizon Scanning / Sense-making,Disruption/uncertainty,"volatile [volatility, volatilities]",0
Nvidia,2025,Horizon Scanning / Sense-making,Disruption/uncertainty,"volatile [volatility, volatilities]",0
Shell,2014,Horizon Scanning / Sense-making,Disruption/uncertainty,"volatile [volatility, volatilities]",1
Shell,2015,Horizon Scanning / Sense-making,Disruption/uncertainty,"volatile [volatility, volatilities]",0
Shell,2016,Horizon Scanning / Sense-making,Disruption/uncertainty,"volatile [volatility, volatilities]",0
Shell,2020,Horizon Scanning / Sense-making,Disruption/uncertainty,"volatile [volatility, volatilities]",0
Shell,2022,Horizon Scanning / Sense-making,Disruption/uncertainty,"volatile [volatility, volatilities]",1
Shell,2024,Horizon Scanning / Sense-making,Disruption/uncertainty,"volatile [volatility, volatilities]",1
Shell,2025,Horizon Scanning / Sense-making,Disruption/uncertainty,"volatile [volatility, volatilities]",0
Amazon,1997,Horizon Scanning / Sense-making,Disruption/uncertainty,turbulent [turbulence],0
Amazon,2016,Horizon Scanning / Sense-making,Disruption/uncertainty,turbulent [turbulence],0
Amazon,2020,Horizon Scanning / Sense-making,Disruption/uncertainty,turbulent [turbulence],0
Amazon,2021,Horizon Scanning / Sense-making,Disruption/uncertainty,turbulent [turbulence],0
Amazon,2022,Horizon Scanning / Sense-making,Disruption/uncertainty,turbulent [turbulence],1
Amazon,2024,Horizon Scanning / Sense-making,Disruption/uncertainty,turbulent [turbulence],0
Amazon,2025,Horizon Scanning / Sense-making,Disruption/uncertainty,turbulent [turbulence],0
Chevron,2013,Horizon Scanning / Sense-making,Disruption/uncertainty,turbulent [turbulence],0
Chevron,2018,Horizon Scanning / Sense-making,Disruption/uncertainty,turbulent [turbulence],0
Chevron,2020,Horizon Scanning / Sense-making,Disruption/uncertainty,turbulent [turbulence],0
Chevron,2021,Horizon Scanning / Sense-making,Disruption/uncertainty,turbulent [turbulence],0
Chevron,2022,Horizon Scanning / Sense-making,Disruption/uncertainty,turbulent [turbulence],0
Chevron,2023,Horizon Scanning / Sense-making,Disruption/uncertainty,turbulent [turbulence],0
Chevron,2024,Horizon Scanning / Sense-making,Disruption/uncertainty,turbulent [turbulence],0
Nvidia,2017,Horizon Scanning / Sense-making,Disruption/uncertainty,turbulent [turbulence],0
Nvidia,2018,Horizon Scanning / Sense-making,Disruption/uncertainty,turbulent [turbulence],0
Nvidia,2020,Horizon Scanning / Sense-making,Disruption/uncertainty,turbulent [turbulence],0
Nvidia,2021,Horizon Scanning / Sense-making,Disruption/uncertainty,turbulent [turbulence],0
Nvidia,2022,Horizon Scanning / Sense-making,Disruption/uncertainty,turbulent [turbulence],0
Nvidia,2023,Horizon Scanning / Sense-making,Disruption/uncertainty,turbulent [turbulence],0
Nvidia,2025,Horizon Scanning / Sense-making,Disruption/uncertainty,turbulent [turbulence],0
Shell,2014,Horizon Scanning / Sense-making,Disruption/uncertainty,turbulent [turbulence],0
Shell,2015,Horizon Scanning / Sense-making,Disruption/uncertainty,turbulent [turbulence],0
Shell,2016,Horizon Scanning / Sense-making,Disruption/uncertainty,turbulent [turbulence],0
Shell,2020,Horizon Scanning / Sense-making,Disruption/uncertainty,turbulent [turbulence],0
Shell,2022,Horizon Scanning / Sense-making,Disruption/uncertainty,turbulent [turbulence],0
Shell,2024,Horizon Scanning / Sense-making,Disruption/uncertainty,turbulent [turbulence],0
Shell,2025,Horizon Scanning / Sense-making,Disruption/uncertainty,turbulent [turbulence],0
Amazon,1997,Horizon Scanning / Sense-making,Disruption/uncertainty,crisis [crises],0
Amazon,2016,Horizon Scanning / Sense-making,Disruption/uncertainty,crisis [crises],0
Amazon,2020,Horizon Scanning / Sense-making,Disruption/uncertainty,crisis [crises],0
Amazon,2021,Horizon Scanning / Sense-making,Disruption/uncertainty,crisis [crises],0
Amazon,2022,Horizon Scanning / Sense-making,Disruption/uncertainty,crisis [crises],1
Amazon,2024,Horizon Scanning / Sense-making,Disruption/uncertainty,crisis [crises],0
Amazon,2025,Horizon Scanning / Sense-making,Disruption/uncertainty,crisis [crises],0
Chevron,2013,Horizon Scanning / Sense-making,Disruption/uncertainty,crisis [crises],0
Chevron,2018,Horizon Scanning / Sense-making,Disruption/uncertainty,crisis [crises],0
Chevron,2020,Horizon Scanning / Sense-making,Disruption/uncertainty,crisis [crises],0
Chevron,2021,Horizon Scanning / Sense-making,Disruption/uncertainty,crisis [crises],0
Chevron,2022,Horizon Scanning / Sense-making,Disruption/uncertainty,crisis [crises],0
Chevron,2023,Horizon Scanning / Sense-making,Disruption/uncertainty,crisis [crises],0
Chevron,2024,Horizon Scanning / Sense-making,Disruption/uncertainty,crisis [crises],0
Nvidia,2017,Horizon Scanning / Sense-making,Disruption/uncertainty,crisis [crises],0
Nvidia,2018,Horizon Scanning / Sense-making,Disruption/uncertainty,crisis [crises],0
Nvidia,2020,Horizon Scanning / Sense-making,Disruption/uncertainty,crisis [crises],1
Nvidia,2021,Horizon Scanning / Sense-making,Disruption/uncertainty,crisis [crises],0
Nvidia,2022,Horizon Scanning / Sense-making,Disruption/uncertainty,crisis [crises],0
Nvidia,2023,Horizon Scanning / Sense-making,Disruption/uncertainty,crisis [crises],0
Nvidia,2025,Horizon Scanning / Sense-making,Disruption/uncertainty,crisis [crises],0
Shell,2014,Horizon Scanning / Sense-making,Disruption/uncertainty,crisis [crises],0
Shell,2015,Horizon Scanning / Sense-making,Disruption/uncertainty,crisis [crises],0
Shell,2016,Horizon Scanning / Sense-making,Disruption/uncertainty,crisis [crises],0
Shell,2020,Horizon Scanning / Sense-making,Disruption/uncertainty,crisis [crises],0
Shell,2022,Horizon Scanning / Sense-making,Disruption/uncertainty,crisis [crises],0
Shell,2024,Horizon Scanning / Sense-making,Disruption/uncertainty,crisis [crises],0
Shell,2025,Horizon Scanning / Sense-making,Disruption/uncertainty,crisis [crises],0
Amazon,1997,Horizon Scanning / Sense-making,Future orientation,future [futures],2
Amazon,2016,Horizon Scanning / Sense-making,Future orientation,future [futures],1
Amazon,2020,Horizon Scanning / Sense-making,Future orientation,future [futures],3
Amazon,2021,Horizon Scanning / Sense-making,Future orientation,future [futures],0
Amazon,2022,Horizon Scanning / Sense-making,Future orientation,future [futures],8
Amazon,2024,Horizon Scanning / Sense-making,Future orientation,future [futures],6
Amazon,2025,Horizon Scanning / Sense-making,Future orientation,future [futures],5
Chevron,2013,Horizon Scanning / Sense-making,Future orientation,future [futures],0
Chevron,2018,Horizon Scanning / Sense-making,Future orientation,future [futures],5
Chevron,2020,Horizon Scanning / Sense-making,Future orientation,future [futures],9
Chevron,2021,Horizon Scanning / Sense-making,Future orientation,future [futures],4
Chevron,2022,Horizon Scanning / Sense-making,Future orientation,future [futures],3
Chevron,2023,Horizon Scanning / Sense-making,Future orientation,future [futures],4
Chevron,2024,Horizon Scanning / Sense-making,Future orientation,future [futures],4
Nvidia,2017,Horizon Scanning / Sense-making,Future orientation,future [futures],1
Nvidia,2018,Horizon Scanning / Sense-making,Future orientation,future [futures],6
Nvidia,2020,Horizon Scanning / Sense-making,Future orientation,future [futures],4
Nvidia,2021,Horizon Scanning / Sense-making,Future orientation,future [futures],5
Nvidia,2022,Horizon Scanning / Sense-making,Future orientation,future [futures],2
Nvidia,2023,Horizon Scanning / Sense-making,Future orientation,future [futures],4
Nvidia,2025,Horizon Scanning / Sense-making,Future orientation,future [futures],2
Shell,2014,Horizon Scanning / Sense-making,Future orientation,future [futures],1
Shell,2015,Horizon Scanning / Sense-making,Future orientation,future [futures],1
Shell,2016,Horizon Scanning / Sense-making,Future orientation,future [futures],2
Shell,2020,Horizon Scanning / Sense-making,Future orientation,future [futures],3
Shell,2022,Horizon Scanning / Sense-making,Future orientation,future [futures],2
Shell,2024,Horizon Scanning / Sense-making,Future orientation,future [futures],1
Shell,2025,Horizon Scanning / Sense-making,Future orientation,future [futures],2
Amazon,1997,Horizon Scanning / Sense-making,Future orientation,long-term,8
Amazon,2016,Horizon Scanning / Sense-making,Future orientation,long-term,0
Amazon,2020,Horizon Scanning / Sense-making,Future orientation,long-term,0
Amazon,2021,Horizon Scanning / Sense-making,Future orientation,long-term,3
Amazon,2022,Horizon Scanning / Sense-making,Future orientation,long-term,13
Amazon,2024,Horizon Scanning / Sense-making,Future orientation,long-term,3
Amazon,2025,Horizon Scanning / Sense-making,Future orientation,long-term,3
Chevron,2013,Horizon Scanning / Sense-making,Future orientation,long-term,2
Chevron,2018,Horizon Scanning / Sense-making,Future orientation,long-term,0
Chevron,2020,Horizon Scanning / Sense-making,Future orientation,long-term,2
Chevron,2021,Horizon Scanning / Sense-making,Future orientation,long-term,0
Chevron,2022,Horizon Scanning / Sense-making,Future orientation,long-term,1
Chevron,2023,Horizon Scanning / Sense-making,Future orientation,long-term,0
Chevron,2024,Horizon Scanning / Sense-making,Future orientation,long-term,0
Nvidia,2017,Horizon Scanning / Sense-making,Future orientation,long-term,0
Nvidia,2018,Horizon Scanning / Sense-making,Future orientation,long-term,1
Nvidia,2020,Horizon Scanning / Sense-making,Future orientation,long-term,2
Nvidia,2021,Horizon Scanning / Sense-making,Future orientation,long-term,0
Nvidia,2022,Horizon Scanning / Sense-making,Future orientation,long-term,0
Nvidia,2023,Horizon Scanning / Sense-making,Future orientation,long-term,0
Nvidia,2025,Horizon Scanning / Sense-making,Future orientation,long-term,2
Shell,2014,Horizon Scanning / Sense-making,Future orientation,long-term,4
Shell,2015,Horizon Scanning / Sense-making,Future orientation,long-term,2
Shell,2016,Horizon Scanning / Sense-making,Future orientation,long-term,1
Shell,2020,Horizon Scanning / Sense-making,Future orientation,long-term,0
Shell,2022,Horizon Scanning / Sense-making,Future orientation,long-term,0
Shell,2024,Horizon Scanning / Sense-making,Future orientation,long-term,0
Shell,2025,Horizon Scanning / Sense-making,Future orientation,long-term,2
Amazon,1997,Horizon Scanning / Sense-making,Future orientation,long term,8
Amazon,2016,Horizon Scanning / Sense-making,Future orientation,long term,0
Amazon,2020,Horizon Scanning / Sense-making,Future orientation,long term,0
Amazon,2021,Horizon Scanning / Sense-making,Future orientation,long term,3
Amazon,2022,Horizon Scanning / Sense-making,Future orientation,long term,13
Amazon,2024,Horizon Scanning / Sense-making,Future orientation,long term,3
Amazon,2025,Horizon Scanning / Sense-making,Future orientation,long term,3
Chevron,2013,Horizon Scanning / Sense-making,Future orientation,long term,2
Chevron,2018,Horizon Scanning / Sense-making,Future orientation,long term,0
Chevron,2020,Horizon Scanning / Sense-making,Future orientation,long term,2
Chevron,2021,Horizon Scanning / Sense-making,Future orientation,long term,0
Chevron,2022,Horizon Scanning / Sense-making,Future orientation,long term,1
Chevron,2023,Horizon Scanning / Sense-making,Future orientation,long term,0
Chevron,2024,Horizon Scanning / Sense-making,Future orientation,long term,0
Nvidia,2017,Horizon Scanning / Sense-making,Future orientation,long term,0
Nvidia,2018,Horizon Scanning / Sense-making,Future orientation,long term,1
Nvidia,2020,Horizon Scanning / Sense-making,Future orientation,long term,2
Nvidia,2021,Horizon Scanning / Sense-making,Future orientation,long term,0
Nvidia,2022,Horizon Scanning / Sense-making,Future orientation,long term,0
Nvidia,2023,Horizon Scanning / Sense-making,Future orientation,long term,0
Nvidia,2025,Horizon Scanning / Sense-making,Future orientation,long term,2
Shell,2014,Horizon Scanning / Sense-making,Future orientation,long term,4
Shell,2015,Horizon Scanning / Sense-making,Future orientation,long term,2
Shell,2016,Horizon Scanning / Sense-making,Future orientation,long term,1
Shell,2020,Horizon Scanning / Sense-making,Future orientation,long term,0
Shell,2022,Horizon Scanning / Sense-making,Future orientation,long term,0
Shell,2024,Horizon Scanning / Sense-making,Future orientation,long term,0
Shell,2025,Horizon Scanning / Sense-making,Future orientation,long term,2
Amazon,1997,Horizon Scanning / Sense-making,Future orientation,decade [decades],0
Amazon,2016,Horizon Scanning / Sense-making,Future orientation,decade [decades],3
Amazon,2020,Horizon Scanning / Sense-making,Future orientation,decade [decades],2
Amazon,2021,Horizon Scanning / Sense-making,Future orientation,decade [decades],2
Amazon,2022,Horizon Scanning / Sense-making,Future orientation,decade [decades],4
Amazon,2024,Horizon Scanning / Sense-making,Future orientation,decade [decades],1
Amazon,2025,Horizon Scanning / Sense-making,Future orientation,decade [decades],1
Chevron,2013,Horizon Scanning / Sense-making,Future orientation,decade [decades],1
Chevron,2018,Horizon Scanning / Sense-making,Future orientation,decade [decades],2
Chevron,2020,Horizon Scanning / Sense-making,Future orientation,decade [decades],1
Chevron,2021,Horizon Scanning / Sense-making,Future orientation,decade [decades],0
Chevron,2022,Horizon Scanning / Sense-making,Future orientation,decade [decades],2
Chevron,2023,Horizon Scanning / Sense-making,Future orientation,decade [decades],1
Chevron,2024,Horizon Scanning / Sense-making,Future orientation,decade [decades],1
Nvidia,2017,Horizon Scanning / Sense-making,Future orientation,decade [decades],1
Nvidia,2018,Horizon Scanning / Sense-making,Future orientation,decade [decades],0
Nvidia,2020,Horizon Scanning / Sense-making,Future orientation,decade [decades],1
Nvidia,2021,Horizon Scanning / Sense-making,Future orientation,decade [decades],3
Nvidia,2022,Horizon Scanning / Sense-making,Future orientation,decade [decades],4
Nvidia,2023,Horizon Scanning / Sense-making,Future orientation,decade [decades],0
Nvidia,2025,Horizon Scanning / Sense-making,Future orientation,decade [decades],5
Shell,2014,Horizon Scanning / Sense-making,Future orientation,decade [decades],3
Shell,2015,Horizon Scanning / Sense-making,Future orientation,decade [decades],0
Shell,2016,Horizon Scanning / Sense-making,Future orientation,decade [decades],1
Shell,2020,Horizon Scanning / Sense-making,Future orientation,decade [decades],1
Shell,2022,Horizon Scanning / Sense-making,Future orientation,decade [decades],0
Shell,2024,Horizon Scanning / Sense-making,Future orientation,decade [decades],3
Shell,2025,Horizon Scanning / Sense-making,Future orientation,decade [decades],2
Amazon,1997,Horizon Scanning / Sense-making,Future orientation,"emerge [emerging, emerged, emerges, emergent]",0
Amazon,2016,Horizon Scanning / Sense-making,Future orientation,"emerge [emerging, emerged, emerges, emergent]",0
Amazon,2020,Horizon Scanning / Sense-making,Future orientation,"emerge [emerging, emerged, emerges, emergent]",1
Amazon,2021,Horizon Scanning / Sense-making,Future orientation,"emerge [emerging, emerged, emerges, emergent]",0
Amazon,2022,Horizon Scanning / Sense-making,Future orientation,"emerge [emerging, emerged, emerges, emergent]",3
Amazon,2024,Horizon Scanning / Sense-making,Future orientation,"emerge [emerging, emerged, emerges, emergent]",0
Amazon,2025,Horizon Scanning / Sense-making,Future orientation,"emerge [emerging, emerged, emerges, emergent]",2
Chevron,2013,Horizon Scanning / Sense-making,Future orientation,"emerge [emerging, emerged, emerges, emergent]",0
Chevron,2018,Horizon Scanning / Sense-making,Future orientation,"emerge [emerging, emerged, emerges, emergent]",0
Chevron,2020,Horizon Scanning / Sense-making,Future orientation,"emerge [emerging, emerged, emerges, emergent]",1
Chevron,2021,Horizon Scanning / Sense-making,Future orientation,"emerge [emerging, emerged, emerges, emergent]",3
Chevron,2022,Horizon Scanning / Sense-making,Future orientation,"emerge [emerging, emerged, emerges, emergent]",1
Chevron,2023,Horizon Scanning / Sense-making,Future orientation,"emerge [emerging, emerged, emerges, emergent]",0
Chevron,2024,Horizon Scanning / Sense-making,Future orientation,"emerge [emerging, emerged, emerges, emergent]",0
Nvidia,2017,Horizon Scanning / Sense-making,Future orientation,"emerge [emerging, emerged, emerges, emergent]",0
Nvidia,2018,Horizon Scanning / Sense-making,Future orientation,"emerge [emerging, emerged, emerges, emergent]",0
Nvidia,2020,Horizon Scanning / Sense-making,Future orientation,"emerge [emerging, emerged, emerges, emergent]",0
Nvidia,2021,Horizon Scanning / Sense-making,Future orientation,"emerge [emerging, emerged, emerges, emergent]",0
Nvidia,2022,Horizon Scanning / Sense-making,Future orientation,"emerge [emerging, emerged, emerges, emergent]",0
Nvidia,2023,Horizon Scanning / Sense-making,Future orientation,"emerge [emerging, emerged, emerges, emergent]",1
Nvidia,2025,Horizon Scanning / Sense-making,Future orientation,"emerge [emerging, emerged, emerges, emergent]",1
Shell,2014,Horizon Scanning / Sense-making,Future orientation,"emerge [emerging, emerged, emerges, emergent]",0
Shell,2015,Horizon Scanning / Sense-making,Future orientation,"emerge [emerging, emerged, emerges, emergent]",0
Shell,2016,Horizon Scanning / Sense-making,Future orientation,"emerge [emerging, emerged, emerges, emergent]",0
Shell,2020,Horizon Scanning / Sense-making,Future orientation,"emerge [emerging, emerged, emerges, emergent]",1
Shell,2022,Horizon Scanning / Sense-making,Future orientation,"emerge [emerging, emerged, emerges, emergent]",0
Shell,2024,Horizon Scanning / Sense-making,Future orientation,"emerge [emerging, emerged, emerges, emergent]",0
Shell,2025,Horizon Scanning / Sense-making,Future orientation,"emerge [emerging, emerged, emerges, emergent]",0
Amazon,1997,Horizon Scanning / Sense-making,Future orientation,tomorrow,1
Amazon,2016,Horizon Scanning / Sense-making,Future orientation,tomorrow,0
Amazon,2020,Horizon Scanning / Sense-making,Future orientation,tomorrow,0
Amazon,2021,Horizon Scanning / Sense-making,Future orientation,tomorrow,0
Amazon,2022,Horizon Scanning / Sense-making,Future orientation,tomorrow,0
Amazon,2024,Horizon Scanning / Sense-making,Future orientation,tomorrow,0
Amazon,2025,Horizon Scanning / Sense-making,Future orientation,tomorrow,0
Chevron,2013,Horizon Scanning / Sense-making,Future orientation,tomorrow,0
Chevron,2018,Horizon Scanning / Sense-making,Future orientation,tomorrow,1
Chevron,2020,Horizon Scanning / Sense-making,Future orientation,tomorrow,1
Chevron,2021,Horizon Scanning / Sense-making,Future orientation,tomorrow,1
Chevron,2022,Horizon Scanning / Sense-making,Future orientation,tomorrow,0
Chevron,2023,Horizon Scanning / Sense-making,Future orientation,tomorrow,1
Chevron,2024,Horizon Scanning / Sense-making,Future orientation,tomorrow,0
Nvidia,2017,Horizon Scanning / Sense-making,Future orientation,tomorrow,1
Nvidia,2018,Horizon Scanning / Sense-making,Future orientation,tomorrow,0
Nvidia,2020,Horizon Scanning / Sense-making,Future orientation,tomorrow,0
Nvidia,2021,Horizon Scanning / Sense-making,Future orientation,tomorrow,0
Nvidia,2022,Horizon Scanning / Sense-making,Future orientation,tomorrow,0
Nvidia,2023,Horizon Scanning / Sense-making,Future orientation,tomorrow,0
Nvidia,2025,Horizon Scanning / Sense-making,Future orientation,tomorrow,1
Shell,2014,Horizon Scanning / Sense-making,Future orientation,tomorrow,0
Shell,2015,Horizon Scanning / Sense-making,Future orientation,tomorrow,0
Shell,2016,Horizon Scanning / Sense-making,Future orientation,tomorrow,0
Shell,2020,Horizon Scanning / Sense-making,Future orientation,tomorrow,0
Shell,2022,Horizon Scanning / Sense-making,Future orientation,tomorrow,0
Shell,2024,Horizon Scanning / Sense-making,Future orientation,tomorrow,0
Shell,2025,Horizon Scanning / Sense-making,Future orientation,tomorrow,0
Amazon,1997,Horizon Scanning / Sense-making,Future orientation,next wave,0
Amazon,2016,Horizon Scanning / Sense-making,Future orientation,next wave,0
Amazon,2020,Horizon Scanning / Sense-making,Future orientation,next wave,0
Amazon,2021,Horizon Scanning / Sense-making,Future orientation,next wave,0
Amazon,2022,Horizon Scanning / Sense-making,Future orientation,next wave,0
Amazon,2024,Horizon Scanning / Sense-making,Future orientation,next wave,0
Amazon,2025,Horizon Scanning / Sense-making,Future orientation,next wave,1
Chevron,2013,Horizon Scanning / Sense-making,Future orientation,next wave,0
Chevron,2018,Horizon Scanning / Sense-making,Future orientation,next wave,0
Chevron,2020,Horizon Scanning / Sense-making,Future orientation,next wave,0
Chevron,2021,Horizon Scanning / Sense-making,Future orientation,next wave,0
Chevron,2022,Horizon Scanning / Sense-making,Future orientation,next wave,0
Chevron,2023,Horizon Scanning / Sense-making,Future orientation,next wave,0
Chevron,2024,Horizon Scanning / Sense-making,Future orientation,next wave,0
Nvidia,2017,Horizon Scanning / Sense-making,Future orientation,next wave,0
Nvidia,2018,Horizon Scanning / Sense-making,Future orientation,next wave,0
Nvidia,2020,Horizon Scanning / Sense-making,Future orientation,next wave,0
Nvidia,2021,Horizon Scanning / Sense-making,Future orientation,next wave,1
Nvidia,2022,Horizon Scanning / Sense-making,Future orientation,next wave,4
Nvidia,2023,Horizon Scanning / Sense-making,Future orientation,next wave,0
Nvidia,2025,Horizon Scanning / Sense-making,Future orientation,next wave,3
Shell,2014,Horizon Scanning / Sense-making,Future orientation,next wave,0
Shell,2015,Horizon Scanning / Sense-making,Future orientation,next wave,0
Shell,2016,Horizon Scanning / Sense-making,Future orientation,next wave,0
Shell,2020,Horizon Scanning / Sense-making,Future orientation,next wave,0
Shell,2022,Horizon Scanning / Sense-making,Future orientation,next wave,0
Shell,2024,Horizon Scanning / Sense-making,Future orientation,next wave,0
Shell,2025,Horizon Scanning / Sense-making,Future orientation,next wave,0
Amazon,1997,Horizon Scanning / Sense-making,Future orientation,next decade,0
Amazon,2016,Horizon Scanning / Sense-making,Future orientation,next decade,0
Amazon,2020,Horizon Scanning / Sense-making,Future orientation,next decade,0
Amazon,2021,Horizon Scanning / Sense-making,Future orientation,next decade,0
Amazon,2022,Horizon Scanning / Sense-making,Future orientation,next decade,1
Amazon,2024,Horizon Scanning / Sense-making,Future orientation,next decade,0
Amazon,2025,Horizon Scanning / Sense-making,Future orientation,next decade,0
Chevron,2013,Horizon Scanning / Sense-making,Future orientation,next decade,0
Chevron,2018,Horizon Scanning / Sense-making,Future orientation,next decade,0
Chevron,2020,Horizon Scanning / Sense-making,Future orientation,next decade,0
Chevron,2021,Horizon Scanning / Sense-making,Future orientation,next decade,0
Chevron,2022,Horizon Scanning / Sense-making,Future orientation,next decade,0
Chevron,2023,Horizon Scanning / Sense-making,Future orientation,next decade,0
Chevron,2024,Horizon Scanning / Sense-making,Future orientation,next decade,0
Nvidia,2017,Horizon Scanning / Sense-making,Future orientation,next decade,0
Nvidia,2018,Horizon Scanning / Sense-making,Future orientation,next decade,0
Nvidia,2020,Horizon Scanning / Sense-making,Future orientation,next decade,0
Nvidia,2021,Horizon Scanning / Sense-making,Future orientation,next decade,0
Nvidia,2022,Horizon Scanning / Sense-making,Future orientation,next decade,0
Nvidia,2023,Horizon Scanning / Sense-making,Future orientation,next decade,0
Nvidia,2025,Horizon Scanning / Sense-making,Future orientation,next decade,0
Shell,2014,Horizon Scanning / Sense-making,Future orientation,next decade,0
Shell,2015,Horizon Scanning / Sense-making,Future orientation,next decade,0
Shell,2016,Horizon Scanning / Sense-making,Future orientation,next decade,1
Shell,2020,Horizon Scanning / Sense-making,Future orientation,next decade,0
Shell,2022,Horizon Scanning / Sense-making,Future orientation,next decade,0
Shell,2024,Horizon Scanning / Sense-making,Future orientation,next decade,1
Shell,2025,Horizon Scanning / Sense-making,Future orientation,next decade,1
Amazon,1997,Horizon Scanning / Sense-making,Future orientation,day 2,0
Amazon,2016,Horizon Scanning / Sense-making,Future orientation,day 2,8
Amazon,2020,Horizon Scanning / Sense-making,Future orientation,day 2,0
Amazon,2021,Horizon Scanning / Sense-making,Future orientation,day 2,0
Amazon,2022,Horizon Scanning / Sense-making,Future orientation,day 2,0
Amazon,2024,Horizon Scanning / Sense-making,Future orientation,day 2,0
Amazon,2025,Horizon Scanning / Sense-making,Future orientation,day 2,0
Chevron,2013,Horizon Scanning / Sense-making,Future orientation,day 2,0
Chevron,2018,Horizon Scanning / Sense-making,Future orientation,day 2,0
Chevron,2020,Horizon Scanning / Sense-making,Future orientation,day 2,0
Chevron,2021,Horizon Scanning / Sense-making,Future orientation,day 2,0
Chevron,2022,Horizon Scanning / Sense-making,Future orientation,day 2,0
Chevron,2023,Horizon Scanning / Sense-making,Future orientation,day 2,0
Chevron,2024,Horizon Scanning / Sense-making,Future orientation,day 2,0
Nvidia,2017,Horizon Scanning / Sense-making,Future orientation,day 2,0
Nvidia,2018,Horizon Scanning / Sense-making,Future orientation,day 2,0
Nvidia,2020,Horizon Scanning / Sense-making,Future orientation,day 2,0
Nvidia,2021,Horizon Scanning / Sense-making,Future orientation,day 2,0
Nvidia,2022,Horizon Scanning / Sense-making,Future orientation,day 2,0
Nvidia,2023,Horizon Scanning / Sense-making,Future orientation,day 2,0
Nvidia,2025,Horizon Scanning / Sense-making,Future orientation,day 2,0
Shell,2014,Horizon Scanning / Sense-making,Future orientation,day 2,0
Shell,2015,Horizon Scanning / Sense-making,Future orientation,day 2,0
Shell,2016,Horizon Scanning / Sense-making,Future orientation,day 2,0
Shell,2020,Horizon Scanning / Sense-making,Future orientation,day 2,0
Shell,2022,Horizon Scanning / Sense-making,Future orientation,day 2,0
Shell,2024,Horizon Scanning / Sense-making,Future orientation,day 2,0
Shell,2025,Horizon Scanning / Sense-making,Future orientation,day 2,0
Amazon,1997,Horizon Scanning / Sense-making,Future orientation,"signal [signals, signaling, signalling, signaled, signalled]",0
Amazon,2016,Horizon Scanning / Sense-making,Future orientation,"signal [signals, signaling, signalling, signaled, signalled]",0
Amazon,2020,Horizon Scanning / Sense-making,Future orientation,"signal [signals, signaling, signalling, signaled, signalled]",1
Amazon,2021,Horizon Scanning / Sense-making,Future orientation,"signal [signals, signaling, signalling, signaled, signalled]",0
Amazon,2022,Horizon Scanning / Sense-making,Future orientation,"signal [signals, signaling, signalling, signaled, signalled]",0
Amazon,2024,Horizon Scanning / Sense-making,Future orientation,"signal [signals, signaling, signalling, signaled, signalled]",0
Amazon,2025,Horizon Scanning / Sense-making,Future orientation,"signal [signals, signaling, signalling, signaled, signalled]",0
Chevron,2013,Horizon Scanning / Sense-making,Future orientation,"signal [signals, signaling, signalling, signaled, signalled]",0
Chevron,2018,Horizon Scanning / Sense-making,Future orientation,"signal [signals, signaling, signalling, signaled, signalled]",0
Chevron,2020,Horizon Scanning / Sense-making,Future orientation,"signal [signals, signaling, signalling, signaled, signalled]",0
Chevron,2021,Horizon Scanning / Sense-making,Future orientation,"signal [signals, signaling, signalling, signaled, signalled]",0
Chevron,2022,Horizon Scanning / Sense-making,Future orientation,"signal [signals, signaling, signalling, signaled, signalled]",0
Chevron,2023,Horizon Scanning / Sense-making,Future orientation,"signal [signals, signaling, signalling, signaled, signalled]",0
Chevron,2024,Horizon Scanning / Sense-making,Future orientation,"signal [signals, signaling, signalling, signaled, signalled]",0
Nvidia,2017,Horizon Scanning / Sense-making,Future orientation,"signal [signals, signaling, signalling, signaled, signalled]",0
Nvidia,2018,Horizon Scanning / Sense-making,Future orientation,"signal [signals, signaling, signalling, signaled, signalled]",0
Nvidia,2020,Horizon Scanning / Sense-making,Future orientation,"signal [signals, signaling, signalling, signaled, signalled]",0
Nvidia,2021,Horizon Scanning / Sense-making,Future orientation,"signal [signals, signaling, signalling, signaled, signalled]",0
Nvidia,2022,Horizon Scanning / Sense-making,Future orientation,"signal [signals, signaling, signalling, signaled, signalled]",0
Nvidia,2023,Horizon Scanning / Sense-making,Future orientation,"signal [signals, signaling, signalling, signaled, signalled]",0
Nvidia,2025,Horizon Scanning / Sense-making,Future orientation,"signal [signals, signaling, signalling, signaled, signalled]",0
Shell,2014,Horizon Scanning / Sense-making,Future orientation,"signal [signals, signaling, signalling, signaled, signalled]",0
Shell,2015,Horizon Scanning / Sense-making,Future orientation,"signal [signals, signaling, signalling, signaled, signalled]",0
Shell,2016,Horizon Scanning / Sense-making,Future orientation,"signal [signals, signaling, signalling, signaled, signalled]",0
Shell,2020,Horizon Scanning / Sense-making,Future orientation,"signal [signals, signaling, signalling, signaled, signalled]",1
Shell,2022,Horizon Scanning / Sense-making,Future orientation,"signal [signals, signaling, signalling, signaled, signalled]",0
Shell,2024,Horizon Scanning / Sense-making,Future orientation,"signal [signals, signaling, signalling, signaled, signalled]",0
Shell,2025,Horizon Scanning / Sense-making,Future orientation,"signal [signals, signaling, signalling, signaled, signalled]",0
Amazon,1997,Horizon Scanning / Sense-making,Future orientation,"wander [wanders, wandered, wandering]",0
Amazon,2016,Horizon Scanning / Sense-making,Future orientation,"wander [wanders, wandered, wandering]",0
Amazon,2020,Horizon Scanning / Sense-making,Future orientation,"wander [wanders, wandered, wandering]",0
Amazon,2021,Horizon Scanning / Sense-making,Future orientation,"wander [wanders, wandered, wandering]",0
Amazon,2022,Horizon Scanning / Sense-making,Future orientation,"wander [wanders, wandered, wandering]",1
Amazon,2024,Horizon Scanning / Sense-making,Future orientation,"wander [wanders, wandered, wandering]",0
Amazon,2025,Horizon Scanning / Sense-making,Future orientation,"wander [wanders, wandered, wandering]",0
Chevron,2013,Horizon Scanning / Sense-making,Future orientation,"wander [wanders, wandered, wandering]",0
Chevron,2018,Horizon Scanning / Sense-making,Future orientation,"wander [wanders, wandered, wandering]",0
Chevron,2020,Horizon Scanning / Sense-making,Future orientation,"wander [wanders, wandered, wandering]",0
Chevron,2021,Horizon Scanning / Sense-making,Future orientation,"wander [wanders, wandered, wandering]",0
Chevron,2022,Horizon Scanning / Sense-making,Future orientation,"wander [wanders, wandered, wandering]",0
Chevron,2023,Horizon Scanning / Sense-making,Future orientation,"wander [wanders, wandered, wandering]",0
Chevron,2024,Horizon Scanning / Sense-making,Future orientation,"wander [wanders, wandered, wandering]",0
Nvidia,2017,Horizon Scanning / Sense-making,Future orientation,"wander [wanders, wandered, wandering]",0
Nvidia,2018,Horizon Scanning / Sense-making,Future orientation,"wander [wanders, wandered, wandering]",0
Nvidia,2020,Horizon Scanning / Sense-making,Future orientation,"wander [wanders, wandered, wandering]",0
Nvidia,2021,Horizon Scanning / Sense-making,Future orientation,"wander [wanders, wandered, wandering]",0
Nvidia,2022,Horizon Scanning / Sense-making,Future orientation,"wander [wanders, wandered, wandering]",0
Nvidia,2023,Horizon Scanning / Sense-making,Future orientation,"wander [wanders, wandered, wandering]",0
Nvidia,2025,Horizon Scanning / Sense-making,Future orientation,"wander [wanders, wandered, wandering]",0
Shell,2014,Horizon Scanning / Sense-making,Future orientation,"wander [wanders, wandered, wandering]",0
Shell,2015,Horizon Scanning / Sense-making,Future orientation,"wander [wanders, wandered, wandering]",0
Shell,2016,Horizon Scanning / Sense-making,Future orientation,"wander [wanders, wandered, wandering]",0
Shell,2020,Horizon Scanning / Sense-making,Future orientation,"wander [wanders, wandered, wandering]",0
Shell,2022,Horizon Scanning / Sense-making,Future orientation,"wander [wanders, wandered, wandering]",0
Shell,2024,Horizon Scanning / Sense-making,Future orientation,"wander [wanders, wandered, wandering]",0
Shell,2025,Horizon Scanning / Sense-making,Future orientation,"wander [wanders, wandered, wandering]",0
Amazon,1997,Horizon Scanning / Sense-making,Future orientation,"transform [transforms, transformed, transforming, transformation, transformations, transformative, transformational]",0
Amazon,2016,Horizon Scanning / Sense-making,Future orientation,"transform [transforms, transformed, transforming, transformation, transformations, transformative, transformational]",0
Amazon,2020,Horizon Scanning / Sense-making,Future orientation,"transform [transforms, transformed, transforming, transformation, transformations, transformative, transformational]",0
Amazon,2021,Horizon Scanning / Sense-making,Future orientation,"transform [transforms, transformed, transforming, transformation, transformations, transformative, transformational]",2
Amazon,2022,Horizon Scanning / Sense-making,Future orientation,"transform [transforms, transformed, transforming, transformation, transformations, transformative, transformational]",3
Amazon,2024,Horizon Scanning / Sense-making,Future orientation,"transform [transforms, transformed, transforming, transformation, transformations, transformative, transformational]",0
Amazon,2025,Horizon Scanning / Sense-making,Future orientation,"transform [transforms, transformed, transforming, transformation, transformations, transformative, transformational]",4
Chevron,2013,Horizon Scanning / Sense-making,Future orientation,"transform [transforms, transformed, transforming, transformation, transformations, transformative, transformational]",0
Chevron,2018,Horizon Scanning / Sense-making,Future orientation,"transform [transforms, transformed, transforming, transformation, transformations, transformative, transformational]",0
Chevron,2020,Horizon Scanning / Sense-making,Future orientation,"transform [transforms, transformed, transforming, transformation, transformations, transformative, transformational]",1
Chevron,2021,Horizon Scanning / Sense-making,Future orientation,"transform [transforms, transformed, transforming, transformation, transformations, transformative, transformational]",1
Chevron,2022,Horizon Scanning / Sense-making,Future orientation,"transform [transforms, transformed, transforming, transformation, transformations, transformative, transformational]",0
Chevron,2023,Horizon Scanning / Sense-making,Future orientation,"transform [transforms, transformed, transforming, transformation, transformations, transformative, transformational]",0
Chevron,2024,Horizon Scanning / Sense-making,Future orientation,"transform [transforms, transformed, transforming, transformation, transformations, transformative, transformational]",0
Nvidia,2017,Horizon Scanning / Sense-making,Future orientation,"transform [transforms, transformed, transforming, transformation, transformations, transformative, transformational]",3
Nvidia,2018,Horizon Scanning / Sense-making,Future orientation,"transform [transforms, transformed, transforming, transformation, transformations, transformative, transformational]",0
Nvidia,2020,Horizon Scanning / Sense-making,Future orientation,"transform [transforms, transformed, transforming, transformation, transformations, transformative, transformational]",0
Nvidia,2021,Horizon Scanning / Sense-making,Future orientation,"transform [transforms, transformed, transforming, transformation, transformations, transformative, transformational]",0
Nvidia,2022,Horizon Scanning / Sense-making,Future orientation,"transform [transforms, transformed, transforming, transformation, transformations, transformative, transformational]",1
Nvidia,2023,Horizon Scanning / Sense-making,Future orientation,"transform [transforms, transformed, transforming, transformation, transformations, transformative, transformational]",4
Nvidia,2025,Horizon Scanning / Sense-making,Future orientation,"transform [transforms, transformed, transforming, transformation, transformations, transformative, transformational]",9
Shell,2014,Horizon Scanning / Sense-making,Future orientation,"transform [transforms, transformed, transforming, transformation, transformations, transformative, transformational]",0
Shell,2015,Horizon Scanning / Sense-making,Future orientation,"transform [transforms, transformed, transforming, transformation, transformations, transformative, transformational]",0
Shell,2016,Horizon Scanning / Sense-making,Future orientation,"transform [transforms, transformed, transforming, transformation, transformations, transformative, transformational]",0
Shell,2020,Horizon Scanning / Sense-making,Future orientation,"transform [transforms, transformed, transforming, transformation, transformations, transformative, transformational]",2
Shell,2022,Horizon Scanning / Sense-making,Future orientation,"transform [transforms, transformed, transforming, transformation, transformations, transformative, transformational]",3
Shell,2024,Horizon Scanning / Sense-making,Future orientation,"transform [transforms, transformed, transforming, transformation, transformations, transformative, transformational]",3
Shell,2025,Horizon Scanning / Sense-making,Future orientation,"transform [transforms, transformed, transforming, transformation, transformations, transformative, transformational]",4
Amazon,1997,Horizon Scanning / Sense-making,Future orientation,"foundation [foundations, foundational]",1
Amazon,2016,Horizon Scanning / Sense-making,Future orientation,"foundation [foundations, foundational]",0
Amazon,2020,Horizon Scanning / Sense-making,Future orientation,"foundation [foundations, foundational]",0
Amazon,2021,Horizon Scanning / Sense-making,Future orientation,"foundation [foundations, foundational]",0
Amazon,2022,Horizon Scanning / Sense-making,Future orientation,"foundation [foundations, foundational]",1
Amazon,2024,Horizon Scanning / Sense-making,Future orientation,"foundation [foundations, foundational]",1
Amazon,2025,Horizon Scanning / Sense-making,Future orientation,"foundation [foundations, foundational]",0
Chevron,2013,Horizon Scanning / Sense-making,Future orientation,"foundation [foundations, foundational]",0
Chevron,2018,Horizon Scanning / Sense-making,Future orientation,"foundation [foundations, foundational]",1
Chevron,2020,Horizon Scanning / Sense-making,Future orientation,"foundation [foundations, foundational]",1
Chevron,2021,Horizon Scanning / Sense-making,Future orientation,"foundation [foundations, foundational]",0
Chevron,2022,Horizon Scanning / Sense-making,Future orientation,"foundation [foundations, foundational]",2
Chevron,2023,Horizon Scanning / Sense-making,Future orientation,"foundation [foundations, foundational]",0
Chevron,2024,Horizon Scanning / Sense-making,Future orientation,"foundation [foundations, foundational]",0
Nvidia,2017,Horizon Scanning / Sense-making,Future orientation,"foundation [foundations, foundational]",1
Nvidia,2018,Horizon Scanning / Sense-making,Future orientation,"foundation [foundations, foundational]",1
Nvidia,2020,Horizon Scanning / Sense-making,Future orientation,"foundation [foundations, foundational]",0
Nvidia,2021,Horizon Scanning / Sense-making,Future orientation,"foundation [foundations, foundational]",0
Nvidia,2022,Horizon Scanning / Sense-making,Future orientation,"foundation [foundations, foundational]",1
Nvidia,2023,Horizon Scanning / Sense-making,Future orientation,"foundation [foundations, foundational]",6
Nvidia,2025,Horizon Scanning / Sense-making,Future orientation,"foundation [foundations, foundational]",11
Shell,2014,Horizon Scanning / Sense-making,Future orientation,"foundation [foundations, foundational]",0
Shell,2015,Horizon Scanning / Sense-making,Future orientation,"foundation [foundations, foundational]",0
Shell,2016,Horizon Scanning / Sense-making,Future orientation,"foundation [foundations, foundational]",1
Shell,2020,Horizon Scanning / Sense-making,Future orientation,"foundation [foundations, foundational]",0
Shell,2022,Horizon Scanning / Sense-making,Future orientation,"foundation [foundations, foundational]",0
Shell,2024,Horizon Scanning / Sense-making,Future orientation,"foundation [foundations, foundational]",0
Shell,2025,Horizon Scanning / Sense-making,Future orientation,"foundation [foundations, foundational]",0
Amazon,1997,Horizon Scanning / Sense-making,Discovery/exploration,"discover [discovery, discoveries, discovered, discovering]",1
Amazon,2016,Horizon Scanning / Sense-making,Discovery/exploration,"discover [discovery, discoveries, discovered, discovering]",0
Amazon,2020,Horizon Scanning / Sense-making,Discovery/exploration,"discover [discovery, discoveries, discovered, discovering]",0
Amazon,2021,Horizon Scanning / Sense-making,Discovery/exploration,"discover [discovery, discoveries, discovered, discovering]",1
Amazon,2022,Horizon Scanning / Sense-making,Discovery/exploration,"discover [discovery, discoveries, discovered, discovering]",0
Amazon,2024,Horizon Scanning / Sense-making,Discovery/exploration,"discover [discovery, discoveries, discovered, discovering]",0
Amazon,2025,Horizon Scanning / Sense-making,Discovery/exploration,"discover [discovery, discoveries, discovered, discovering]",0
Chevron,2013,Horizon Scanning / Sense-making,Discovery/exploration,"discover [discovery, discoveries, discovered, discovering]",1
Chevron,2018,Horizon Scanning / Sense-making,Discovery/exploration,"discover [discovery, discoveries, discovered, discovering]",1
Chevron,2020,Horizon Scanning / Sense-making,Discovery/exploration,"discover [discovery, discoveries, discovered, discovering]",0
Chevron,2021,Horizon Scanning / Sense-making,Discovery/exploration,"discover [discovery, discoveries, discovered, discovering]",1
Chevron,2022,Horizon Scanning / Sense-making,Discovery/exploration,"discover [discovery, discoveries, discovered, discovering]",0
Chevron,2023,Horizon Scanning / Sense-making,Discovery/exploration,"discover [discovery, discoveries, discovered, discovering]",0
Chevron,2024,Horizon Scanning / Sense-making,Discovery/exploration,"discover [discovery, discoveries, discovered, discovering]",0
Nvidia,2017,Horizon Scanning / Sense-making,Discovery/exploration,"discover [discovery, discoveries, discovered, discovering]",2
Nvidia,2018,Horizon Scanning / Sense-making,Discovery/exploration,"discover [discovery, discoveries, discovered, discovering]",2
Nvidia,2020,Horizon Scanning / Sense-making,Discovery/exploration,"discover [discovery, discoveries, discovered, discovering]",2
Nvidia,2021,Horizon Scanning / Sense-making,Discovery/exploration,"discover [discovery, discoveries, discovered, discovering]",1
Nvidia,2022,Horizon Scanning / Sense-making,Discovery/exploration,"discover [discovery, discoveries, discovered, discovering]",1
Nvidia,2023,Horizon Scanning / Sense-making,Discovery/exploration,"discover [discovery, discoveries, discovered, discovering]",3
Nvidia,2025,Horizon Scanning / Sense-making,Discovery/exploration,"discover [discovery, discoveries, discovered, discovering]",1
Shell,2014,Horizon Scanning / Sense-making,Discovery/exploration,"discover [discovery, discoveries, discovered, discovering]",1
Shell,2015,Horizon Scanning / Sense-making,Discovery/exploration,"discover [discovery, discoveries, discovered, discovering]",0
Shell,2016,Horizon Scanning / Sense-making,Discovery/exploration,"discover [discovery, discoveries, discovered, discovering]",0
Shell,2020,Horizon Scanning / Sense-making,Discovery/exploration,"discover [discovery, discoveries, discovered, discovering]",0
Shell,2022,Horizon Scanning / Sense-making,Discovery/exploration,"discover [discovery, discoveries, discovered, discovering]",0
Shell,2024,Horizon Scanning / Sense-making,Discovery/exploration,"discover [discovery, discoveries, discovered, discovering]",0
Shell,2025,Horizon Scanning / Sense-making,Discovery/exploration,"discover [discovery, discoveries, discovered, discovering]",0
Amazon,1997,Horizon Scanning / Sense-making,Discovery/exploration,"explore [exploration, exploring, explored, exploratory, explorer]",0
Amazon,2016,Horizon Scanning / Sense-making,Discovery/exploration,"explore [exploration, exploring, explored, exploratory, explorer]",0
Amazon,2020,Horizon Scanning / Sense-making,Discovery/exploration,"explore [exploration, exploring, explored, exploratory, explorer]",0
Amazon,2021,Horizon Scanning / Sense-making,Discovery/exploration,"explore [exploration, exploring, explored, exploratory, explorer]",0
Amazon,2022,Horizon Scanning / Sense-making,Discovery/exploration,"explore [exploration, exploring, explored, exploratory, explorer]",0
Amazon,2024,Horizon Scanning / Sense-making,Discovery/exploration,"explore [exploration, exploring, explored, exploratory, explorer]",1
Amazon,2025,Horizon Scanning / Sense-making,Discovery/exploration,"explore [exploration, exploring, explored, exploratory, explorer]",1
Chevron,2013,Horizon Scanning / Sense-making,Discovery/exploration,"explore [exploration, exploring, explored, exploratory, explorer]",3
Chevron,2018,Horizon Scanning / Sense-making,Discovery/exploration,"explore [exploration, exploring, explored, exploratory, explorer]",1
Chevron,2020,Horizon Scanning / Sense-making,Discovery/exploration,"explore [exploration, exploring, explored, exploratory, explorer]",1
Chevron,2021,Horizon Scanning / Sense-making,Discovery/exploration,"explore [exploration, exploring, explored, exploratory, explorer]",0
Chevron,2022,Horizon Scanning / Sense-making,Discovery/exploration,"explore [exploration, exploring, explored, exploratory, explorer]",2
Chevron,2023,Horizon Scanning / Sense-making,Discovery/exploration,"explore [exploration, exploring, explored, exploratory, explorer]",1
Chevron,2024,Horizon Scanning / Sense-making,Discovery/exploration,"explore [exploration, exploring, explored, exploratory, explorer]",1
Nvidia,2017,Horizon Scanning / Sense-making,Discovery/exploration,"explore [exploration, exploring, explored, exploratory, explorer]",0
Nvidia,2018,Horizon Scanning / Sense-making,Discovery/exploration,"explore [exploration, exploring, explored, exploratory, explorer]",2
Nvidia,2020,Horizon Scanning / Sense-making,Discovery/exploration,"explore [exploration, exploring, explored, exploratory, explorer]",0
Nvidia,2021,Horizon Scanning / Sense-making,Discovery/exploration,"explore [exploration, exploring, explored, exploratory, explorer]",1
Nvidia,2022,Horizon Scanning / Sense-making,Discovery/exploration,"explore [exploration, exploring, explored, exploratory, explorer]",0
Nvidia,2023,Horizon Scanning / Sense-making,Discovery/exploration,"explore [exploration, exploring, explored, exploratory, explorer]",1
Nvidia,2025,Horizon Scanning / Sense-making,Discovery/exploration,"explore [exploration, exploring, explored, exploratory, explorer]",1
Shell,2014,Horizon Scanning / Sense-making,Discovery/exploration,"explore [exploration, exploring, explored, exploratory, explorer]",1
Shell,2015,Horizon Scanning / Sense-making,Discovery/exploration,"explore [exploration, exploring, explored, exploratory, explorer]",0
Shell,2016,Horizon Scanning / Sense-making,Discovery/exploration,"explore [exploration, exploring, explored, exploratory, explorer]",1
Shell,2020,Horizon Scanning / Sense-making,Discovery/exploration,"explore [exploration, exploring, explored, exploratory, explorer]",0
Shell,2022,Horizon Scanning / Sense-making,Discovery/exploration,"explore [exploration, exploring, explored, exploratory, explorer]",0
Shell,2024,Horizon Scanning / Sense-making,Discovery/exploration,"explore [exploration, exploring, explored, exploratory, explorer]",0
Shell,2025,Horizon Scanning / Sense-making,Discovery/exploration,"explore [exploration, exploring, explored, exploratory, explorer]",1
Amazon,1997,Horizon Scanning / Sense-making,Discovery/exploration,"learn [learning, learned, learner, learners, learns]",4
Amazon,2016,Horizon Scanning / Sense-making,Discovery/exploration,"learn [learning, learned, learner, learners, learns]",9
Amazon,2020,Horizon Scanning / Sense-making,Discovery/exploration,"learn [learning, learned, learner, learners, learns]",0
Amazon,2021,Horizon Scanning / Sense-making,Discovery/exploration,"learn [learning, learned, learner, learners, learns]",9
Amazon,2022,Horizon Scanning / Sense-making,Discovery/exploration,"learn [learning, learned, learner, learners, learns]",20
Amazon,2024,Horizon Scanning / Sense-making,Discovery/exploration,"learn [learning, learned, learner, learners, learns]",7
Amazon,2025,Horizon Scanning / Sense-making,Discovery/exploration,"learn [learning, learned, learner, learners, learns]",3
Chevron,2013,Horizon Scanning / Sense-making,Discovery/exploration,"learn [learning, learned, learner, learners, learns]",0
Chevron,2018,Horizon Scanning / Sense-making,Discovery/exploration,"learn [learning, learned, learner, learners, learns]",1
Chevron,2020,Horizon Scanning / Sense-making,Discovery/exploration,"learn [learning, learned, learner, learners, learns]",0
Chevron,2021,Horizon Scanning / Sense-making,Discovery/exploration,"learn [learning, learned, learner, learners, learns]",0
Chevron,2022,Horizon Scanning / Sense-making,Discovery/exploration,"learn [learning, learned, learner, learners, learns]",0
Chevron,2023,Horizon Scanning / Sense-making,Discovery/exploration,"learn [learning, learned, learner, learners, learns]",0
Chevron,2024,Horizon Scanning / Sense-making,Discovery/exploration,"learn [learning, learned, learner, learners, learns]",0
Nvidia,2017,Horizon Scanning / Sense-making,Discovery/exploration,"learn [learning, learned, learner, learners, learns]",3
Nvidia,2018,Horizon Scanning / Sense-making,Discovery/exploration,"learn [learning, learned, learner, learners, learns]",3
Nvidia,2020,Horizon Scanning / Sense-making,Discovery/exploration,"learn [learning, learned, learner, learners, learns]",11
Nvidia,2021,Horizon Scanning / Sense-making,Discovery/exploration,"learn [learning, learned, learner, learners, learns]",7
Nvidia,2022,Horizon Scanning / Sense-making,Discovery/exploration,"learn [learning, learned, learner, learners, learns]",3
Nvidia,2023,Horizon Scanning / Sense-making,Discovery/exploration,"learn [learning, learned, learner, learners, learns]",9
Nvidia,2025,Horizon Scanning / Sense-making,Discovery/exploration,"learn [learning, learned, learner, learners, learns]",8
Shell,2014,Horizon Scanning / Sense-making,Discovery/exploration,"learn [learning, learned, learner, learners, learns]",0
Shell,2015,Horizon Scanning / Sense-making,Discovery/exploration,"learn [learning, learned, learner, learners, learns]",0
Shell,2016,Horizon Scanning / Sense-making,Discovery/exploration,"learn [learning, learned, learner, learners, learns]",0
Shell,2020,Horizon Scanning / Sense-making,Discovery/exploration,"learn [learning, learned, learner, learners, learns]",0
Shell,2022,Horizon Scanning / Sense-making,Discovery/exploration,"learn [learning, learned, learner, learners, learns]",1
Shell,2024,Horizon Scanning / Sense-making,Discovery/exploration,"learn [learning, learned, learner, learners, learns]",1
Shell,2025,Horizon Scanning / Sense-making,Discovery/exploration,"learn [learning, learned, learner, learners, learns]",1
Amazon,1997,Horizon Scanning / Sense-making,Discovery/exploration,opportunity [opportunities],6
Amazon,2016,Horizon Scanning / Sense-making,Discovery/exploration,opportunity [opportunities],2
Amazon,2020,Horizon Scanning / Sense-making,Discovery/exploration,opportunity [opportunities],2
Amazon,2021,Horizon Scanning / Sense-making,Discovery/exploration,opportunity [opportunities],2
Amazon,2022,Horizon Scanning / Sense-making,Discovery/exploration,opportunity [opportunities],8
Amazon,2024,Horizon Scanning / Sense-making,Discovery/exploration,opportunity [opportunities],0
Amazon,2025,Horizon Scanning / Sense-making,Discovery/exploration,opportunity [opportunities],2
Chevron,2013,Horizon Scanning / Sense-making,Discovery/exploration,opportunity [opportunities],1
Chevron,2018,Horizon Scanning / Sense-making,Discovery/exploration,opportunity [opportunities],3
Chevron,2020,Horizon Scanning / Sense-making,Discovery/exploration,opportunity [opportunities],3
Chevron,2021,Horizon Scanning / Sense-making,Discovery/exploration,opportunity [opportunities],2
Chevron,2022,Horizon Scanning / Sense-making,Discovery/exploration,opportunity [opportunities],1
Chevron,2023,Horizon Scanning / Sense-making,Discovery/exploration,opportunity [opportunities],0
Chevron,2024,Horizon Scanning / Sense-making,Discovery/exploration,opportunity [opportunities],0
Nvidia,2017,Horizon Scanning / Sense-making,Discovery/exploration,opportunity [opportunities],0
Nvidia,2018,Horizon Scanning / Sense-making,Discovery/exploration,opportunity [opportunities],0
Nvidia,2020,Horizon Scanning / Sense-making,Discovery/exploration,opportunity [opportunities],5
Nvidia,2021,Horizon Scanning / Sense-making,Discovery/exploration,opportunity [opportunities],1
Nvidia,2022,Horizon Scanning / Sense-making,Discovery/exploration,opportunity [opportunities],1
Nvidia,2023,Horizon Scanning / Sense-making,Discovery/exploration,opportunity [opportunities],1
Nvidia,2025,Horizon Scanning / Sense-making,Discovery/exploration,opportunity [opportunities],2
Shell,2014,Horizon Scanning / Sense-making,Discovery/exploration,opportunity [opportunities],3
Shell,2015,Horizon Scanning / Sense-making,Discovery/exploration,opportunity [opportunities],0
Shell,2016,Horizon Scanning / Sense-making,Discovery/exploration,opportunity [opportunities],1
Shell,2020,Horizon Scanning / Sense-making,Discovery/exploration,opportunity [opportunities],0
Shell,2022,Horizon Scanning / Sense-making,Discovery/exploration,opportunity [opportunities],0
Shell,2024,Horizon Scanning / Sense-making,Discovery/exploration,opportunity [opportunities],1
Shell,2025,Horizon Scanning / Sense-making,Discovery/exploration,opportunity [opportunities],3
Amazon,1997,Horizon Scanning / Sense-making,Discovery/exploration,"option [options, optional, optionality]",2
Amazon,2016,Horizon Scanning / Sense-making,Discovery/exploration,"option [options, optional, optionality]",0
Amazon,2020,Horizon Scanning / Sense-making,Discovery/exploration,"option [options, optional, optionality]",1
Amazon,2021,Horizon Scanning / Sense-making,Discovery/exploration,"option [options, optional, optionality]",2
Amazon,2022,Horizon Scanning / Sense-making,Discovery/exploration,"option [options, optional, optionality]",1
Amazon,2024,Horizon Scanning / Sense-making,Discovery/exploration,"option [options, optional, optionality]",2
Amazon,2025,Horizon Scanning / Sense-making,Discovery/exploration,"option [options, optional, optionality]",0
Chevron,2013,Horizon Scanning / Sense-making,Discovery/exploration,"option [options, optional, optionality]",0
Chevron,2018,Horizon Scanning / Sense-making,Discovery/exploration,"option [options, optional, optionality]",0
Chevron,2020,Horizon Scanning / Sense-making,Discovery/exploration,"option [options, optional, optionality]",0
Chevron,2021,Horizon Scanning / Sense-making,Discovery/exploration,"option [options, optional, optionality]",1
Chevron,2022,Horizon Scanning / Sense-making,Discovery/exploration,"option [options, optional, optionality]",0
Chevron,2023,Horizon Scanning / Sense-making,Discovery/exploration,"option [options, optional, optionality]",0
Chevron,2024,Horizon Scanning / Sense-making,Discovery/exploration,"option [options, optional, optionality]",0
Nvidia,2017,Horizon Scanning / Sense-making,Discovery/exploration,"option [options, optional, optionality]",0
Nvidia,2018,Horizon Scanning / Sense-making,Discovery/exploration,"option [options, optional, optionality]",0
Nvidia,2020,Horizon Scanning / Sense-making,Discovery/exploration,"option [options, optional, optionality]",0
Nvidia,2021,Horizon Scanning / Sense-making,Discovery/exploration,"option [options, optional, optionality]",1
Nvidia,2022,Horizon Scanning / Sense-making,Discovery/exploration,"option [options, optional, optionality]",0
Nvidia,2023,Horizon Scanning / Sense-making,Discovery/exploration,"option [options, optional, optionality]",0
Nvidia,2025,Horizon Scanning / Sense-making,Discovery/exploration,"option [options, optional, optionality]",0
Shell,2014,Horizon Scanning / Sense-making,Discovery/exploration,"option [options, optional, optionality]",0
Shell,2015,Horizon Scanning / Sense-making,Discovery/exploration,"option [options, optional, optionality]",0
Shell,2016,Horizon Scanning / Sense-making,Discovery/exploration,"option [options, optional, optionality]",0
Shell,2020,Horizon Scanning / Sense-making,Discovery/exploration,"option [options, optional, optionality]",0
Shell,2022,Horizon Scanning / Sense-making,Discovery/exploration,"option [options, optional, optionality]",1
Shell,2024,Horizon Scanning / Sense-making,Discovery/exploration,"option [options, optional, optionality]",0
Shell,2025,Horizon Scanning / Sense-making,Discovery/exploration,"option [options, optional, optionality]",0
Amazon,1997,Horizon Scanning / Sense-making,Discovery/exploration,"experiment [experimentation, experimental, experiments, experimented] !experience, experiences, experienced, experiencing",0
Amazon,2016,Horizon Scanning / Sense-making,Discovery/exploration,"experiment [experimentation, experimental, experiments, experimented] !experience, experiences, experienced, experiencing",1
Amazon,2020,Horizon Scanning / Sense-making,Discovery/exploration,"experiment [experimentation, experimental, experiments, experimented] !experience, experiences, experienced, experiencing",0
Amazon,2021,Horizon Scanning / Sense-making,Discovery/exploration,"experiment [experimentation, experimental, experiments, experimented] !experience, experiences, experienced, experiencing",5
Amazon,2022,Horizon Scanning / Sense-making,Discovery/exploration,"experiment [experimentation, experimental, experiments, experimented] !experience, experiences, experienced, experiencing",2
Amazon,2024,Horizon Scanning / Sense-making,Discovery/exploration,"experiment [experimentation, experimental, experiments, experimented] !experience, experiences, experienced, experiencing",2
Amazon,2025,Horizon Scanning / Sense-making,Discovery/exploration,"experiment [experimentation, experimental, experiments, experimented] !experience, experiences, experienced, experiencing",5
Chevron,2013,Horizon Scanning / Sense-making,Discovery/exploration,"experiment [experimentation, experimental, experiments, experimented] !experience, experiences, experienced, experiencing",0
Chevron,2018,Horizon Scanning / Sense-making,Discovery/exploration,"experiment [experimentation, experimental, experiments, experimented] !experience, experiences, experienced, experiencing",0
Chevron,2020,Horizon Scanning / Sense-making,Discovery/exploration,"experiment [experimentation, experimental, experiments, experimented] !experience, experiences, experienced, experiencing",0
Chevron,2021,Horizon Scanning / Sense-making,Discovery/exploration,"experiment [experimentation, experimental, experiments, experimented] !experience, experiences, experienced, experiencing",0
Chevron,2022,Horizon Scanning / Sense-making,Discovery/exploration,"experiment [experimentation, experimental, experiments, experimented] !experience, experiences, experienced, experiencing",0
Chevron,2023,Horizon Scanning / Sense-making,Discovery/exploration,"experiment [experimentation, experimental, experiments, experimented] !experience, experiences, experienced, experiencing",0
Chevron,2024,Horizon Scanning / Sense-making,Discovery/exploration,"experiment [experimentation, experimental, experiments, experimented] !experience, experiences, experienced, experiencing",0
Nvidia,2017,Horizon Scanning / Sense-making,Discovery/exploration,"experiment [experimentation, experimental, experiments, experimented] !experience, experiences, experienced, experiencing",0
Nvidia,2018,Horizon Scanning / Sense-making,Discovery/exploration,"experiment [experimentation, experimental, experiments, experimented] !experience, experiences, experienced, experiencing",0
Nvidia,2020,Horizon Scanning / Sense-making,Discovery/exploration,"experiment [experimentation, experimental, experiments, experimented] !experience, experiences, experienced, experiencing",0
Nvidia,2021,Horizon Scanning / Sense-making,Discovery/exploration,"experiment [experimentation, experimental, experiments, experimented] !experience, experiences, experienced, experiencing",1
Nvidia,2022,Horizon Scanning / Sense-making,Discovery/exploration,"experiment [experimentation, experimental, experiments, experimented] !experience, experiences, experienced, experiencing",0
Nvidia,2023,Horizon Scanning / Sense-making,Discovery/exploration,"experiment [experimentation, experimental, experiments, experimented] !experience, experiences, experienced, experiencing",0
Nvidia,2025,Horizon Scanning / Sense-making,Discovery/exploration,"experiment [experimentation, experimental, experiments, experimented] !experience, experiences, experienced, experiencing",0
Shell,2014,Horizon Scanning / Sense-making,Discovery/exploration,"experiment [experimentation, experimental, experiments, experimented] !experience, experiences, experienced, experiencing",0
Shell,2015,Horizon Scanning / Sense-making,Discovery/exploration,"experiment [experimentation, experimental, experiments, experimented] !experience, experiences, experienced, experiencing",0
Shell,2016,Horizon Scanning / Sense-making,Discovery/exploration,"experiment [experimentation, experimental, experiments, experimented] !experience, experiences, experienced, experiencing",0
Shell,2020,Horizon Scanning / Sense-making,Discovery/exploration,"experiment [experimentation, experimental, experiments, experimented] !experience, experiences, experienced, experiencing",0
Shell,2022,Horizon Scanning / Sense-making,Discovery/exploration,"experiment [experimentation, experimental, experiments, experimented] !experience, experiences, experienced, experiencing",0
Shell,2024,Horizon Scanning / Sense-making,Discovery/exploration,"experiment [experimentation, experimental, experiments, experimented] !experience, experiences, experienced, experiencing",0
Shell,2025,Horizon Scanning / Sense-making,Discovery/exploration,"experiment [experimentation, experimental, experiments, experimented] !experience, experiences, experienced, experiencing",0
Amazon,1997,Horizon Scanning / Sense-making,Technology transition,artificial intelligence,0
Amazon,2016,Horizon Scanning / Sense-making,Technology transition,artificial intelligence,1
Amazon,2020,Horizon Scanning / Sense-making,Technology transition,artificial intelligence,0
Amazon,2021,Horizon Scanning / Sense-making,Technology transition,artificial intelligence,0
Amazon,2022,Horizon Scanning / Sense-making,Technology transition,artificial intelligence,0
Amazon,2024,Horizon Scanning / Sense-making,Technology transition,artificial intelligence,0
Amazon,2025,Horizon Scanning / Sense-making,Technology transition,artificial intelligence,1
Chevron,2013,Horizon Scanning / Sense-making,Technology transition,artificial intelligence,0
Chevron,2018,Horizon Scanning / Sense-making,Technology transition,artificial intelligence,0
Chevron,2020,Horizon Scanning / Sense-making,Technology transition,artificial intelligence,0
Chevron,2021,Horizon Scanning / Sense-making,Technology transition,artificial intelligence,0
Chevron,2022,Horizon Scanning / Sense-making,Technology transition,artificial intelligence,0
Chevron,2023,Horizon Scanning / Sense-making,Technology transition,artificial intelligence,0
Chevron,2024,Horizon Scanning / Sense-making,Technology transition,artificial intelligence,0
Nvidia,2017,Horizon Scanning / Sense-making,Technology transition,artificial intelligence,1
Nvidia,2018,Horizon Scanning / Sense-making,Technology transition,artificial intelligence,1
Nvidia,2020,Horizon Scanning / Sense-making,Technology transition,artificial intelligence,1
Nvidia,2021,Horizon Scanning / Sense-making,Technology transition,artificial intelligence,0
Nvidia,2022,Horizon Scanning / Sense-making,Technology transition,artificial intelligence,0
Nvidia,2023,Horizon Scanning / Sense-making,Technology transition,artificial intelligence,3
Nvidia,2025,Horizon Scanning / Sense-making,Technology transition,artificial intelligence,1
Shell,2014,Horizon Scanning / Sense-making,Technology transition,artificial intelligence,0
Shell,2015,Horizon Scanning / Sense-making,Technology transition,artificial intelligence,0
Shell,2016,Horizon Scanning / Sense-making,Technology transition,artificial intelligence,0
Shell,2020,Horizon Scanning / Sense-making,Technology transition,artificial intelligence,0
Shell,2022,Horizon Scanning / Sense-making,Technology transition,artificial intelligence,0
Shell,2024,Horizon Scanning / Sense-making,Technology transition,artificial intelligence,0
Shell,2025,Horizon Scanning / Sense-making,Technology transition,artificial intelligence,1
Amazon,1997,Horizon Scanning / Sense-making,Technology transition,AI,0
Amazon,2016,Horizon Scanning / Sense-making,Technology transition,AI,2
Amazon,2020,Horizon Scanning / Sense-making,Technology transition,AI,0
Amazon,2021,Horizon Scanning / Sense-making,Technology transition,AI,0
Amazon,2022,Horizon Scanning / Sense-making,Technology transition,AI,6
Amazon,2024,Horizon Scanning / Sense-making,Technology transition,AI,25
Amazon,2025,Horizon Scanning / Sense-making,Technology transition,AI,29
Chevron,2013,Horizon Scanning / Sense-making,Technology transition,AI,0
Chevron,2018,Horizon Scanning / Sense-making,Technology transition,AI,0
Chevron,2020,Horizon Scanning / Sense-making,Technology transition,AI,0
Chevron,2021,Horizon Scanning / Sense-making,Technology transition,AI,0
Chevron,2022,Horizon Scanning / Sense-making,Technology transition,AI,0
Chevron,2023,Horizon Scanning / Sense-making,Technology transition,AI,0
Chevron,2024,Horizon Scanning / Sense-making,Technology transition,AI,1
Nvidia,2017,Horizon Scanning / Sense-making,Technology transition,AI,14
Nvidia,2018,Horizon Scanning / Sense-making,Technology transition,AI,10
Nvidia,2020,Horizon Scanning / Sense-making,Technology transition,AI,49
Nvidia,2021,Horizon Scanning / Sense-making,Technology transition,AI,56
Nvidia,2022,Horizon Scanning / Sense-making,Technology transition,AI,36
Nvidia,2023,Horizon Scanning / Sense-making,Technology transition,AI,54
Nvidia,2025,Horizon Scanning / Sense-making,Technology transition,AI,122
Shell,2014,Horizon Scanning / Sense-making,Technology transition,AI,0
Shell,2015,Horizon Scanning / Sense-making,Technology transition,AI,0
Shell,2016,Horizon Scanning / Sense-making,Technology transition,AI,0
Shell,2020,Horizon Scanning / Sense-making,Technology transition,AI,0
Shell,2022,Horizon Scanning / Sense-making,Technology transition,AI,0
Shell,2024,Horizon Scanning / Sense-making,Technology transition,AI,0
Shell,2025,Horizon Scanning / Sense-making,Technology transition,AI,0
Amazon,1997,Horizon Scanning / Sense-making,Technology transition,generative AI,0
Amazon,2016,Horizon Scanning / Sense-making,Technology transition,generative AI,0
Amazon,2020,Horizon Scanning / Sense-making,Technology transition,generative AI,0
Amazon,2021,Horizon Scanning / Sense-making,Technology transition,generative AI,0
Amazon,2022,Horizon Scanning / Sense-making,Technology transition,generative AI,6
Amazon,2024,Horizon Scanning / Sense-making,Technology transition,generative AI,2
Amazon,2025,Horizon Scanning / Sense-making,Technology transition,generative AI,1
Chevron,2013,Horizon Scanning / Sense-making,Technology transition,generative AI,0
Chevron,2018,Horizon Scanning / Sense-making,Technology transition,generative AI,0
Chevron,2020,Horizon Scanning / Sense-making,Technology transition,generative AI,0
Chevron,2021,Horizon Scanning / Sense-making,Technology transition,generative AI,0
Chevron,2022,Horizon Scanning / Sense-making,Technology transition,generative AI,0
Chevron,2023,Horizon Scanning / Sense-making,Technology transition,generative AI,0
Chevron,2024,Horizon Scanning / Sense-making,Technology transition,generative AI,0
Nvidia,2017,Horizon Scanning / Sense-making,Technology transition,generative AI,0
Nvidia,2018,Horizon Scanning / Sense-making,Technology transition,generative AI,0
Nvidia,2020,Horizon Scanning / Sense-making,Technology transition,generative AI,0
Nvidia,2021,Horizon Scanning / Sense-making,Technology transition,generative AI,0
Nvidia,2022,Horizon Scanning / Sense-making,Technology transition,generative AI,0
Nvidia,2023,Horizon Scanning / Sense-making,Technology transition,generative AI,15
Nvidia,2025,Horizon Scanning / Sense-making,Technology transition,generative AI,3
Shell,2014,Horizon Scanning / Sense-making,Technology transition,generative AI,0
Shell,2015,Horizon Scanning / Sense-making,Technology transition,generative AI,0
Shell,2016,Horizon Scanning / Sense-making,Technology transition,generative AI,0
Shell,2020,Horizon Scanning / Sense-making,Technology transition,generative AI,0
Shell,2022,Horizon Scanning / Sense-making,Technology transition,generative AI,0
Shell,2024,Horizon Scanning / Sense-making,Technology transition,generative AI,0
Shell,2025,Horizon Scanning / Sense-making,Technology transition,generative AI,0
Amazon,1997,Horizon Scanning / Sense-making,Technology transition,machine learning,0
Amazon,2016,Horizon Scanning / Sense-making,Technology transition,machine learning,8
Amazon,2020,Horizon Scanning / Sense-making,Technology transition,machine learning,0
Amazon,2021,Horizon Scanning / Sense-making,Technology transition,machine learning,2
Amazon,2022,Horizon Scanning / Sense-making,Technology transition,machine learning,16
Amazon,2024,Horizon Scanning / Sense-making,Technology transition,machine learning,0
Amazon,2025,Horizon Scanning / Sense-making,Technology transition,machine learning,0
Chevron,2013,Horizon Scanning / Sense-making,Technology transition,machine learning,0
Chevron,2018,Horizon Scanning / Sense-making,Technology transition,machine learning,0
Chevron,2020,Horizon Scanning / Sense-making,Technology transition,machine learning,0
Chevron,2021,Horizon Scanning / Sense-making,Technology transition,machine learning,0
Chevron,2022,Horizon Scanning / Sense-making,Technology transition,machine learning,0
Chevron,2023,Horizon Scanning / Sense-making,Technology transition,machine learning,0
Chevron,2024,Horizon Scanning / Sense-making,Technology transition,machine learning,0
Nvidia,2017,Horizon Scanning / Sense-making,Technology transition,machine learning,0
Nvidia,2018,Horizon Scanning / Sense-making,Technology transition,machine learning,0
Nvidia,2020,Horizon Scanning / Sense-making,Technology transition,machine learning,0
Nvidia,2021,Horizon Scanning / Sense-making,Technology transition,machine learning,1
Nvidia,2022,Horizon Scanning / Sense-making,Technology transition,machine learning,2
Nvidia,2023,Horizon Scanning / Sense-making,Technology transition,machine learning,1
Nvidia,2025,Horizon Scanning / Sense-making,Technology transition,machine learning,1
Shell,2014,Horizon Scanning / Sense-making,Technology transition,machine learning,0
Shell,2015,Horizon Scanning / Sense-making,Technology transition,machine learning,0
Shell,2016,Horizon Scanning / Sense-making,Technology transition,machine learning,0
Shell,2020,Horizon Scanning / Sense-making,Technology transition,machine learning,0
Shell,2022,Horizon Scanning / Sense-making,Technology transition,machine learning,0
Shell,2024,Horizon Scanning / Sense-making,Technology transition,machine learning,0
Shell,2025,Horizon Scanning / Sense-making,Technology transition,machine learning,0
Amazon,1997,Horizon Scanning / Sense-making,Technology transition,deep learning,0
Amazon,2016,Horizon Scanning / Sense-making,Technology transition,deep learning,1
Amazon,2020,Horizon Scanning / Sense-making,Technology transition,deep learning,0
Amazon,2021,Horizon Scanning / Sense-making,Technology transition,deep learning,0
Amazon,2022,Horizon Scanning / Sense-making,Technology transition,deep learning,0
Amazon,2024,Horizon Scanning / Sense-making,Technology transition,deep learning,0
Amazon,2025,Horizon Scanning / Sense-making,Technology transition,deep learning,0
Chevron,2013,Horizon Scanning / Sense-making,Technology transition,deep learning,0
Chevron,2018,Horizon Scanning / Sense-making,Technology transition,deep learning,0
Chevron,2020,Horizon Scanning / Sense-making,Technology transition,deep learning,0
Chevron,2021,Horizon Scanning / Sense-making,Technology transition,deep learning,0
Chevron,2022,Horizon Scanning / Sense-making,Technology transition,deep learning,0
Chevron,2023,Horizon Scanning / Sense-making,Technology transition,deep learning,0
Chevron,2024,Horizon Scanning / Sense-making,Technology transition,deep learning,0
Nvidia,2017,Horizon Scanning / Sense-making,Technology transition,deep learning,1
Nvidia,2018,Horizon Scanning / Sense-making,Technology transition,deep learning,1
Nvidia,2020,Horizon Scanning / Sense-making,Technology transition,deep learning,5
Nvidia,2021,Horizon Scanning / Sense-making,Technology transition,deep learning,1
Nvidia,2022,Horizon Scanning / Sense-making,Technology transition,deep learning,0
Nvidia,2023,Horizon Scanning / Sense-making,Technology transition,deep learning,1
Nvidia,2025,Horizon Scanning / Sense-making,Technology transition,deep learning,2
Shell,2014,Horizon Scanning / Sense-making,Technology transition,deep learning,0
Shell,2015,Horizon Scanning / Sense-making,Technology transition,deep learning,0
Shell,2016,Horizon Scanning / Sense-making,Technology transition,deep learning,0
Shell,2020,Horizon Scanning / Sense-making,Technology transition,deep learning,0
Shell,2022,Horizon Scanning / Sense-making,Technology transition,deep learning,0
Shell,2024,Horizon Scanning / Sense-making,Technology transition,deep learning,0
Shell,2025,Horizon Scanning / Sense-making,Technology transition,deep learning,0
Amazon,1997,Horizon Scanning / Sense-making,Technology transition,neural network,0
Amazon,2016,Horizon Scanning / Sense-making,Technology transition,neural network,0
Amazon,2020,Horizon Scanning / Sense-making,Technology transition,neural network,0
Amazon,2021,Horizon Scanning / Sense-making,Technology transition,neural network,0
Amazon,2022,Horizon Scanning / Sense-making,Technology transition,neural network,0
Amazon,2024,Horizon Scanning / Sense-making,Technology transition,neural network,0
Amazon,2025,Horizon Scanning / Sense-making,Technology transition,neural network,0
Chevron,2013,Horizon Scanning / Sense-making,Technology transition,neural network,0
Chevron,2018,Horizon Scanning / Sense-making,Technology transition,neural network,0
Chevron,2020,Horizon Scanning / Sense-making,Technology transition,neural network,0
Chevron,2021,Horizon Scanning / Sense-making,Technology transition,neural network,0
Chevron,2022,Horizon Scanning / Sense-making,Technology transition,neural network,0
Chevron,2023,Horizon Scanning / Sense-making,Technology transition,neural network,0
Chevron,2024,Horizon Scanning / Sense-making,Technology transition,neural network,0
Nvidia,2017,Horizon Scanning / Sense-making,Technology transition,neural network,0
Nvidia,2018,Horizon Scanning / Sense-making,Technology transition,neural network,0
Nvidia,2020,Horizon Scanning / Sense-making,Technology transition,neural network,1
Nvidia,2021,Horizon Scanning / Sense-making,Technology transition,neural network,0
Nvidia,2022,Horizon Scanning / Sense-making,Technology transition,neural network,1
Nvidia,2023,Horizon Scanning / Sense-making,Technology transition,neural network,1
Nvidia,2025,Horizon Scanning / Sense-making,Technology transition,neural network,0
Shell,2014,Horizon Scanning / Sense-making,Technology transition,neural network,0
Shell,2015,Horizon Scanning / Sense-making,Technology transition,neural network,0
Shell,2016,Horizon Scanning / Sense-making,Technology transition,neural network,0
Shell,2020,Horizon Scanning / Sense-making,Technology transition,neural network,0
Shell,2022,Horizon Scanning / Sense-making,Technology transition,neural network,0
Shell,2024,Horizon Scanning / Sense-making,Technology transition,neural network,0
Shell,2025,Horizon Scanning / Sense-making,Technology transition,neural network,0
Amazon,1997,Horizon Scanning / Sense-making,Technology transition,neural networks,0
Amazon,2016,Horizon Scanning / Sense-making,Technology transition,neural networks,0
Amazon,2020,Horizon Scanning / Sense-making,Technology transition,neural networks,0
Amazon,2021,Horizon Scanning / Sense-making,Technology transition,neural networks,0
Amazon,2022,Horizon Scanning / Sense-making,Technology transition,neural networks,0
Amazon,2024,Horizon Scanning / Sense-making,Technology transition,neural networks,0
Amazon,2025,Horizon Scanning / Sense-making,Technology transition,neural networks,0
Chevron,2013,Horizon Scanning / Sense-making,Technology transition,neural networks,0
Chevron,2018,Horizon Scanning / Sense-making,Technology transition,neural networks,0
Chevron,2020,Horizon Scanning / Sense-making,Technology transition,neural networks,0
Chevron,2021,Horizon Scanning / Sense-making,Technology transition,neural networks,0
Chevron,2022,Horizon Scanning / Sense-making,Technology transition,neural networks,0
Chevron,2023,Horizon Scanning / Sense-making,Technology transition,neural networks,0
Chevron,2024,Horizon Scanning / Sense-making,Technology transition,neural networks,0
Nvidia,2017,Horizon Scanning / Sense-making,Technology transition,neural networks,0
Nvidia,2018,Horizon Scanning / Sense-making,Technology transition,neural networks,0
Nvidia,2020,Horizon Scanning / Sense-making,Technology transition,neural networks,0
Nvidia,2021,Horizon Scanning / Sense-making,Technology transition,neural networks,0
Nvidia,2022,Horizon Scanning / Sense-making,Technology transition,neural networks,0
Nvidia,2023,Horizon Scanning / Sense-making,Technology transition,neural networks,1
Nvidia,2025,Horizon Scanning / Sense-making,Technology transition,neural networks,2
Shell,2014,Horizon Scanning / Sense-making,Technology transition,neural networks,0
Shell,2015,Horizon Scanning / Sense-making,Technology transition,neural networks,0
Shell,2016,Horizon Scanning / Sense-making,Technology transition,neural networks,0
Shell,2020,Horizon Scanning / Sense-making,Technology transition,neural networks,0
Shell,2022,Horizon Scanning / Sense-making,Technology transition,neural networks,0
Shell,2024,Horizon Scanning / Sense-making,Technology transition,neural networks,0
Shell,2025,Horizon Scanning / Sense-making,Technology transition,neural networks,0
Amazon,1997,Horizon Scanning / Sense-making,Technology transition,large language model,0
Amazon,2016,Horizon Scanning / Sense-making,Technology transition,large language model,0
Amazon,2020,Horizon Scanning / Sense-making,Technology transition,large language model,0
Amazon,2021,Horizon Scanning / Sense-making,Technology transition,large language model,0
Amazon,2022,Horizon Scanning / Sense-making,Technology transition,large language model,0
Amazon,2024,Horizon Scanning / Sense-making,Technology transition,large language model,0
Amazon,2025,Horizon Scanning / Sense-making,Technology transition,large language model,0
Chevron,2013,Horizon Scanning / Sense-making,Technology transition,large language model,0
Chevron,2018,Horizon Scanning / Sense-making,Technology transition,large language model,0
Chevron,2020,Horizon Scanning / Sense-making,Technology transition,large language model,0
Chevron,2021,Horizon Scanning / Sense-making,Technology transition,large language model,0
Chevron,2022,Horizon Scanning / Sense-making,Technology transition,large language model,0
Chevron,2023,Horizon Scanning / Sense-making,Technology transition,large language model,0
Chevron,2024,Horizon Scanning / Sense-making,Technology transition,large language model,0
Nvidia,2017,Horizon Scanning / Sense-making,Technology transition,large language model,0
Nvidia,2018,Horizon Scanning / Sense-making,Technology transition,large language model,0
Nvidia,2020,Horizon Scanning / Sense-making,Technology transition,large language model,0
Nvidia,2021,Horizon Scanning / Sense-making,Technology transition,large language model,0
Nvidia,2022,Horizon Scanning / Sense-making,Technology transition,large language model,0
Nvidia,2023,Horizon Scanning / Sense-making,Technology transition,large language model,2
Nvidia,2025,Horizon Scanning / Sense-making,Technology transition,large language model,0
Shell,2014,Horizon Scanning / Sense-making,Technology transition,large language model,0
Shell,2015,Horizon Scanning / Sense-making,Technology transition,large language model,0
Shell,2016,Horizon Scanning / Sense-making,Technology transition,large language model,0
Shell,2020,Horizon Scanning / Sense-making,Technology transition,large language model,0
Shell,2022,Horizon Scanning / Sense-making,Technology transition,large language model,0
Shell,2024,Horizon Scanning / Sense-making,Technology transition,large language model,0
Shell,2025,Horizon Scanning / Sense-making,Technology transition,large language model,0
Amazon,1997,Horizon Scanning / Sense-making,Technology transition,LLM,0
Amazon,2016,Horizon Scanning / Sense-making,Technology transition,LLM,0
Amazon,2020,Horizon Scanning / Sense-making,Technology transition,LLM,0
Amazon,2021,Horizon Scanning / Sense-making,Technology transition,LLM,0
Amazon,2022,Horizon Scanning / Sense-making,Technology transition,LLM,0
Amazon,2024,Horizon Scanning / Sense-making,Technology transition,LLM,0
Amazon,2025,Horizon Scanning / Sense-making,Technology transition,LLM,0
Chevron,2013,Horizon Scanning / Sense-making,Technology transition,LLM,0
Chevron,2018,Horizon Scanning / Sense-making,Technology transition,LLM,0
Chevron,2020,Horizon Scanning / Sense-making,Technology transition,LLM,0
Chevron,2021,Horizon Scanning / Sense-making,Technology transition,LLM,0
Chevron,2022,Horizon Scanning / Sense-making,Technology transition,LLM,0
Chevron,2023,Horizon Scanning / Sense-making,Technology transition,LLM,0
Chevron,2024,Horizon Scanning / Sense-making,Technology transition,LLM,0
Nvidia,2017,Horizon Scanning / Sense-making,Technology transition,LLM,0
Nvidia,2018,Horizon Scanning / Sense-making,Technology transition,LLM,0
Nvidia,2020,Horizon Scanning / Sense-making,Technology transition,LLM,0
Nvidia,2021,Horizon Scanning / Sense-making,Technology transition,LLM,0
Nvidia,2022,Horizon Scanning / Sense-making,Technology transition,LLM,0
Nvidia,2023,Horizon Scanning / Sense-making,Technology transition,LLM,5
Nvidia,2025,Horizon Scanning / Sense-making,Technology transition,LLM,1
Shell,2014,Horizon Scanning / Sense-making,Technology transition,LLM,0
Shell,2015,Horizon Scanning / Sense-making,Technology transition,LLM,0
Shell,2016,Horizon Scanning / Sense-making,Technology transition,LLM,0
Shell,2020,Horizon Scanning / Sense-making,Technology transition,LLM,0
Shell,2022,Horizon Scanning / Sense-making,Technology transition,LLM,0
Shell,2024,Horizon Scanning / Sense-making,Technology transition,LLM,0
Shell,2025,Horizon Scanning / Sense-making,Technology transition,LLM,0
Amazon,1997,Horizon Scanning / Sense-making,Technology transition,foundation model,0
Amazon,2016,Horizon Scanning / Sense-making,Technology transition,foundation model,0
Amazon,2020,Horizon Scanning / Sense-making,Technology transition,foundation model,0
Amazon,2021,Horizon Scanning / Sense-making,Technology transition,foundation model,0
Amazon,2022,Horizon Scanning / Sense-making,Technology transition,foundation model,0
Amazon,2024,Horizon Scanning / Sense-making,Technology transition,foundation model,0
Amazon,2025,Horizon Scanning / Sense-making,Technology transition,foundation model,0
Chevron,2013,Horizon Scanning / Sense-making,Technology transition,foundation model,0
Chevron,2018,Horizon Scanning / Sense-making,Technology transition,foundation model,0
Chevron,2020,Horizon Scanning / Sense-making,Technology transition,foundation model,0
Chevron,2021,Horizon Scanning / Sense-making,Technology transition,foundation model,0
Chevron,2022,Horizon Scanning / Sense-making,Technology transition,foundation model,0
Chevron,2023,Horizon Scanning / Sense-making,Technology transition,foundation model,0
Chevron,2024,Horizon Scanning / Sense-making,Technology transition,foundation model,0
Nvidia,2017,Horizon Scanning / Sense-making,Technology transition,foundation model,0
Nvidia,2018,Horizon Scanning / Sense-making,Technology transition,foundation model,0
Nvidia,2020,Horizon Scanning / Sense-making,Technology transition,foundation model,0
Nvidia,2021,Horizon Scanning / Sense-making,Technology transition,foundation model,0
Nvidia,2022,Horizon Scanning / Sense-making,Technology transition,foundation model,0
Nvidia,2023,Horizon Scanning / Sense-making,Technology transition,foundation model,0
Nvidia,2025,Horizon Scanning / Sense-making,Technology transition,foundation model,2
Shell,2014,Horizon Scanning / Sense-making,Technology transition,foundation model,0
Shell,2015,Horizon Scanning / Sense-making,Technology transition,foundation model,0
Shell,2016,Horizon Scanning / Sense-making,Technology transition,foundation model,0
Shell,2020,Horizon Scanning / Sense-making,Technology transition,foundation model,0
Shell,2022,Horizon Scanning / Sense-making,Technology transition,foundation model,0
Shell,2024,Horizon Scanning / Sense-making,Technology transition,foundation model,0
Shell,2025,Horizon Scanning / Sense-making,Technology transition,foundation model,0
Amazon,1997,Horizon Scanning / Sense-making,Technology transition,AI factory,0
Amazon,2016,Horizon Scanning / Sense-making,Technology transition,AI factory,0
Amazon,2020,Horizon Scanning / Sense-making,Technology transition,AI factory,0
Amazon,2021,Horizon Scanning / Sense-making,Technology transition,AI factory,0
Amazon,2022,Horizon Scanning / Sense-making,Technology transition,AI factory,0
Amazon,2024,Horizon Scanning / Sense-making,Technology transition,AI factory,0
Amazon,2025,Horizon Scanning / Sense-making,Technology transition,AI factory,0
Chevron,2013,Horizon Scanning / Sense-making,Technology transition,AI factory,0
Chevron,2018,Horizon Scanning / Sense-making,Technology transition,AI factory,0
Chevron,2020,Horizon Scanning / Sense-making,Technology transition,AI factory,0
Chevron,2021,Horizon Scanning / Sense-making,Technology transition,AI factory,0
Chevron,2022,Horizon Scanning / Sense-making,Technology transition,AI factory,0
Chevron,2023,Horizon Scanning / Sense-making,Technology transition,AI factory,0
Chevron,2024,Horizon Scanning / Sense-making,Technology transition,AI factory,0
Nvidia,2017,Horizon Scanning / Sense-making,Technology transition,AI factory,0
Nvidia,2018,Horizon Scanning / Sense-making,Technology transition,AI factory,0
Nvidia,2020,Horizon Scanning / Sense-making,Technology transition,AI factory,0
Nvidia,2021,Horizon Scanning / Sense-making,Technology transition,AI factory,0
Nvidia,2022,Horizon Scanning / Sense-making,Technology transition,AI factory,0
Nvidia,2023,Horizon Scanning / Sense-making,Technology transition,AI factory,1
Nvidia,2025,Horizon Scanning / Sense-making,Technology transition,AI factory,4
Shell,2014,Horizon Scanning / Sense-making,Technology transition,AI factory,0
Shell,2015,Horizon Scanning / Sense-making,Technology transition,AI factory,0
Shell,2016,Horizon Scanning / Sense-making,Technology transition,AI factory,0
Shell,2020,Horizon Scanning / Sense-making,Technology transition,AI factory,0
Shell,2022,Horizon Scanning / Sense-making,Technology transition,AI factory,0
Shell,2024,Horizon Scanning / Sense-making,Technology transition,AI factory,0
Shell,2025,Horizon Scanning / Sense-making,Technology transition,AI factory,0
Amazon,1997,Horizon Scanning / Sense-making,Technology transition,AI infrastructure,0
Amazon,2016,Horizon Scanning / Sense-making,Technology transition,AI infrastructure,0
Amazon,2020,Horizon Scanning / Sense-making,Technology transition,AI infrastructure,0
Amazon,2021,Horizon Scanning / Sense-making,Technology transition,AI infrastructure,0
Amazon,2022,Horizon Scanning / Sense-making,Technology transition,AI infrastructure,0
Amazon,2024,Horizon Scanning / Sense-making,Technology transition,AI infrastructure,0
Amazon,2025,Horizon Scanning / Sense-making,Technology transition,AI infrastructure,0
Chevron,2013,Horizon Scanning / Sense-making,Technology transition,AI infrastructure,0
Chevron,2018,Horizon Scanning / Sense-making,Technology transition,AI infrastructure,0
Chevron,2020,Horizon Scanning / Sense-making,Technology transition,AI infrastructure,0
Chevron,2021,Horizon Scanning / Sense-making,Technology transition,AI infrastructure,0
Chevron,2022,Horizon Scanning / Sense-making,Technology transition,AI infrastructure,0
Chevron,2023,Horizon Scanning / Sense-making,Technology transition,AI infrastructure,0
Chevron,2024,Horizon Scanning / Sense-making,Technology transition,AI infrastructure,0
Nvidia,2017,Horizon Scanning / Sense-making,Technology transition,AI infrastructure,0
Nvidia,2018,Horizon Scanning / Sense-making,Technology transition,AI infrastructure,0
Nvidia,2020,Horizon Scanning / Sense-making,Technology transition,AI infrastructure,0
Nvidia,2021,Horizon Scanning / Sense-making,Technology transition,AI infrastructure,0
Nvidia,2022,Horizon Scanning / Sense-making,Technology transition,AI infrastructure,4
Nvidia,2023,Horizon Scanning / Sense-making,Technology transition,AI infrastructure,0
Nvidia,2025,Horizon Scanning / Sense-making,Technology transition,AI infrastructure,9
Shell,2014,Horizon Scanning / Sense-making,Technology transition,AI infrastructure,0
Shell,2015,Horizon Scanning / Sense-making,Technology transition,AI infrastructure,0
Shell,2016,Horizon Scanning / Sense-making,Technology transition,AI infrastructure,0
Shell,2020,Horizon Scanning / Sense-making,Technology transition,AI infrastructure,0
Shell,2022,Horizon Scanning / Sense-making,Technology transition,AI infrastructure,0
Shell,2024,Horizon Scanning / Sense-making,Technology transition,AI infrastructure,0
Shell,2025,Horizon Scanning / Sense-making,Technology transition,AI infrastructure,0
Amazon,1997,Horizon Scanning / Sense-making,Technology transition,cloud,0
Amazon,2016,Horizon Scanning / Sense-making,Technology transition,cloud,1
Amazon,2020,Horizon Scanning / Sense-making,Technology transition,cloud,2
Amazon,2021,Horizon Scanning / Sense-making,Technology transition,cloud,3
Amazon,2022,Horizon Scanning / Sense-making,Technology transition,cloud,7
Amazon,2024,Horizon Scanning / Sense-making,Technology transition,cloud,1
Amazon,2025,Horizon Scanning / Sense-making,Technology transition,cloud,2
Chevron,2013,Horizon Scanning / Sense-making,Technology transition,cloud,0
Chevron,2018,Horizon Scanning / Sense-making,Technology transition,cloud,0
Chevron,2020,Horizon Scanning / Sense-making,Technology transition,cloud,0
Chevron,2021,Horizon Scanning / Sense-making,Technology transition,cloud,1
Chevron,2022,Horizon Scanning / Sense-making,Technology transition,cloud,0
Chevron,2023,Horizon Scanning / Sense-making,Technology transition,cloud,0
Chevron,2024,Horizon Scanning / Sense-making,Technology transition,cloud,0
Nvidia,2017,Horizon Scanning / Sense-making,Technology transition,cloud,3
Nvidia,2018,Horizon Scanning / Sense-making,Technology transition,cloud,4
Nvidia,2020,Horizon Scanning / Sense-making,Technology transition,cloud,7
Nvidia,2021,Horizon Scanning / Sense-making,Technology transition,cloud,6
Nvidia,2022,Horizon Scanning / Sense-making,Technology transition,cloud,4
Nvidia,2023,Horizon Scanning / Sense-making,Technology transition,cloud,14
Nvidia,2025,Horizon Scanning / Sense-making,Technology transition,cloud,2
Shell,2014,Horizon Scanning / Sense-making,Technology transition,cloud,0
Shell,2015,Horizon Scanning / Sense-making,Technology transition,cloud,0
Shell,2016,Horizon Scanning / Sense-making,Technology transition,cloud,0
Shell,2020,Horizon Scanning / Sense-making,Technology transition,cloud,0
Shell,2022,Horizon Scanning / Sense-making,Technology transition,cloud,0
Shell,2024,Horizon Scanning / Sense-making,Technology transition,cloud,0
Shell,2025,Horizon Scanning / Sense-making,Technology transition,cloud,0
Amazon,1997,Horizon Scanning / Sense-making,Technology transition,GPU,0
Amazon,2016,Horizon Scanning / Sense-making,Technology transition,GPU,0
Amazon,2020,Horizon Scanning / Sense-making,Technology transition,GPU,0
Amazon,2021,Horizon Scanning / Sense-making,Technology transition,GPU,0
Amazon,2022,Horizon Scanning / Sense-making,Technology transition,GPU,1
Amazon,2024,Horizon Scanning / Sense-making,Technology transition,GPU,1
Amazon,2025,Horizon Scanning / Sense-making,Technology transition,GPU,0
Chevron,2013,Horizon Scanning / Sense-making,Technology transition,GPU,0
Chevron,2018,Horizon Scanning / Sense-making,Technology transition,GPU,0
Chevron,2020,Horizon Scanning / Sense-making,Technology transition,GPU,0
Chevron,2021,Horizon Scanning / Sense-making,Technology transition,GPU,0
Chevron,2022,Horizon Scanning / Sense-making,Technology transition,GPU,0
Chevron,2023,Horizon Scanning / Sense-making,Technology transition,GPU,0
Chevron,2024,Horizon Scanning / Sense-making,Technology transition,GPU,0
Nvidia,2017,Horizon Scanning / Sense-making,Technology transition,GPU,4
Nvidia,2018,Horizon Scanning / Sense-making,Technology transition,GPU,4
Nvidia,2020,Horizon Scanning / Sense-making,Technology transition,GPU,11
Nvidia,2021,Horizon Scanning / Sense-making,Technology transition,GPU,14
Nvidia,2022,Horizon Scanning / Sense-making,Technology transition,GPU,8
Nvidia,2023,Horizon Scanning / Sense-making,Technology transition,GPU,2
Nvidia,2025,Horizon Scanning / Sense-making,Technology transition,GPU,4
Shell,2014,Horizon Scanning / Sense-making,Technology transition,GPU,0
Shell,2015,Horizon Scanning / Sense-making,Technology transition,GPU,0
Shell,2016,Horizon Scanning / Sense-making,Technology transition,GPU,0
Shell,2020,Horizon Scanning / Sense-making,Technology transition,GPU,0
Shell,2022,Horizon Scanning / Sense-making,Technology transition,GPU,0
Shell,2024,Horizon Scanning / Sense-making,Technology transition,GPU,0
Shell,2025,Horizon Scanning / Sense-making,Technology transition,GPU,0
Amazon,1997,Horizon Scanning / Sense-making,Technology transition,energy transition,0
Amazon,2016,Horizon Scanning / Sense-making,Technology transition,energy transition,0
Amazon,2020,Horizon Scanning / Sense-making,Technology transition,energy transition,0
Amazon,2021,Horizon Scanning / Sense-making,Technology transition,energy transition,0
Amazon,2022,Horizon Scanning / Sense-making,Technology transition,energy transition,0
Amazon,2024,Horizon Scanning / Sense-making,Technology transition,energy transition,0
Amazon,2025,Horizon Scanning / Sense-making,Technology transition,energy transition,0
Chevron,2013,Horizon Scanning / Sense-making,Technology transition,energy transition,0
Chevron,2018,Horizon Scanning / Sense-making,Technology transition,energy transition,0
Chevron,2020,Horizon Scanning / Sense-making,Technology transition,energy transition,2
Chevron,2021,Horizon Scanning / Sense-making,Technology transition,energy transition,1
Chevron,2022,Horizon Scanning / Sense-making,Technology transition,energy transition,0
Chevron,2023,Horizon Scanning / Sense-making,Technology transition,energy transition,0
Chevron,2024,Horizon Scanning / Sense-making,Technology transition,energy transition,0
Nvidia,2017,Horizon Scanning / Sense-making,Technology transition,energy transition,0
Nvidia,2018,Horizon Scanning / Sense-making,Technology transition,energy transition,0
Nvidia,2020,Horizon Scanning / Sense-making,Technology transition,energy transition,0
Nvidia,2021,Horizon Scanning / Sense-making,Technology transition,energy transition,0
Nvidia,2022,Horizon Scanning / Sense-making,Technology transition,energy transition,0
Nvidia,2023,Horizon Scanning / Sense-making,Technology transition,energy transition,0
Nvidia,2025,Horizon Scanning / Sense-making,Technology transition,energy transition,0
Shell,2014,Horizon Scanning / Sense-making,Technology transition,energy transition,0
Shell,2015,Horizon Scanning / Sense-making,Technology transition,energy transition,0
Shell,2016,Horizon Scanning / Sense-making,Technology transition,energy transition,1
Shell,2020,Horizon Scanning / Sense-making,Technology transition,energy transition,0
Shell,2022,Horizon Scanning / Sense-making,Technology transition,energy transition,7
Shell,2024,Horizon Scanning / Sense-making,Technology transition,energy transition,6
Shell,2025,Horizon Scanning / Sense-making,Technology transition,energy transition,1
Amazon,1997,Horizon Scanning / Sense-making,Technology transition,"digital [digitally, digitalization, digitization, digitized]",0
Amazon,2016,Horizon Scanning / Sense-making,Technology transition,"digital [digitally, digitalization, digitization, digitized]",0
Amazon,2020,Horizon Scanning / Sense-making,Technology transition,"digital [digitally, digitalization, digitization, digitized]",0
Amazon,2021,Horizon Scanning / Sense-making,Technology transition,"digital [digitally, digitalization, digitization, digitized]",2
Amazon,2022,Horizon Scanning / Sense-making,Technology transition,"digital [digitally, digitalization, digitization, digitized]",4
Amazon,2024,Horizon Scanning / Sense-making,Technology transition,"digital [digitally, digitalization, digitization, digitized]",3
Amazon,2025,Horizon Scanning / Sense-making,Technology transition,"digital [digitally, digitalization, digitization, digitized]",3
Chevron,2013,Horizon Scanning / Sense-making,Technology transition,"digital [digitally, digitalization, digitization, digitized]",0
Chevron,2018,Horizon Scanning / Sense-making,Technology transition,"digital [digitally, digitalization, digitization, digitized]",2
Chevron,2020,Horizon Scanning / Sense-making,Technology transition,"digital [digitally, digitalization, digitization, digitized]",1
Chevron,2021,Horizon Scanning / Sense-making,Technology transition,"digital [digitally, digitalization, digitization, digitized]",0
Chevron,2022,Horizon Scanning / Sense-making,Technology transition,"digital [digitally, digitalization, digitization, digitized]",0
Chevron,2023,Horizon Scanning / Sense-making,Technology transition,"digital [digitally, digitalization, digitization, digitized]",0
Chevron,2024,Horizon Scanning / Sense-making,Technology transition,"digital [digitally, digitalization, digitization, digitized]",0
Nvidia,2017,Horizon Scanning / Sense-making,Technology transition,"digital [digitally, digitalization, digitization, digitized]",1
Nvidia,2018,Horizon Scanning / Sense-making,Technology transition,"digital [digitally, digitalization, digitization, digitized]",0
Nvidia,2020,Horizon Scanning / Sense-making,Technology transition,"digital [digitally, digitalization, digitization, digitized]",1
Nvidia,2021,Horizon Scanning / Sense-making,Technology transition,"digital [digitally, digitalization, digitization, digitized]",4
Nvidia,2022,Horizon Scanning / Sense-making,Technology transition,"digital [digitally, digitalization, digitization, digitized]",14
Nvidia,2023,Horizon Scanning / Sense-making,Technology transition,"digital [digitally, digitalization, digitization, digitized]",17
Nvidia,2025,Horizon Scanning / Sense-making,Technology transition,"digital [digitally, digitalization, digitization, digitized]",9
Shell,2014,Horizon Scanning / Sense-making,Technology transition,"digital [digitally, digitalization, digitization, digitized]",0
Shell,2015,Horizon Scanning / Sense-making,Technology transition,"digital [digitally, digitalization, digitization, digitized]",0
Shell,2016,Horizon Scanning / Sense-making,Technology transition,"digital [digitally, digitalization, digitization, digitized]",0
Shell,2020,Horizon Scanning / Sense-making,Technology transition,"digital [digitally, digitalization, digitization, digitized]",1
Shell,2022,Horizon Scanning / Sense-making,Technology transition,"digital [digitally, digitalization, digitization, digitized]",0
Shell,2024,Horizon Scanning / Sense-making,Technology transition,"digital [digitally, digitalization, digitization, digitized]",0
Shell,2025,Horizon Scanning / Sense-making,Technology transition,"digital [digitally, digitalization, digitization, digitized]",0
Amazon,1997,Horizon Scanning / Sense-making,Technology transition,"automate [automation, automated, automating, automatic]",0
Amazon,2016,Horizon Scanning / Sense-making,Technology transition,"automate [automation, automated, automating, automatic]",1
Amazon,2020,Horizon Scanning / Sense-making,Technology transition,"automate [automation, automated, automating, automatic]",1
Amazon,2021,Horizon Scanning / Sense-making,Technology transition,"automate [automation, automated, automating, automatic]",1
Amazon,2022,Horizon Scanning / Sense-making,Technology transition,"automate [automation, automated, automating, automatic]",0
Amazon,2024,Horizon Scanning / Sense-making,Technology transition,"automate [automation, automated, automating, automatic]",0
Amazon,2025,Horizon Scanning / Sense-making,Technology transition,"automate [automation, automated, automating, automatic]",1
Chevron,2013,Horizon Scanning / Sense-making,Technology transition,"automate [automation, automated, automating, automatic]",0
Chevron,2018,Horizon Scanning / Sense-making,Technology transition,"automate [automation, automated, automating, automatic]",0
Chevron,2020,Horizon Scanning / Sense-making,Technology transition,"automate [automation, automated, automating, automatic]",0
Chevron,2021,Horizon Scanning / Sense-making,Technology transition,"automate [automation, automated, automating, automatic]",0
Chevron,2022,Horizon Scanning / Sense-making,Technology transition,"automate [automation, automated, automating, automatic]",0
Chevron,2023,Horizon Scanning / Sense-making,Technology transition,"automate [automation, automated, automating, automatic]",0
Chevron,2024,Horizon Scanning / Sense-making,Technology transition,"automate [automation, automated, automating, automatic]",0
Nvidia,2017,Horizon Scanning / Sense-making,Technology transition,"automate [automation, automated, automating, automatic]",0
Nvidia,2018,Horizon Scanning / Sense-making,Technology transition,"automate [automation, automated, automating, automatic]",1
Nvidia,2020,Horizon Scanning / Sense-making,Technology transition,"automate [automation, automated, automating, automatic]",4
Nvidia,2021,Horizon Scanning / Sense-making,Technology transition,"automate [automation, automated, automating, automatic]",3
Nvidia,2022,Horizon Scanning / Sense-making,Technology transition,"automate [automation, automated, automating, automatic]",5
Nvidia,2023,Horizon Scanning / Sense-making,Technology transition,"automate [automation, automated, automating, automatic]",2
Nvidia,2025,Horizon Scanning / Sense-making,Technology transition,"automate [automation, automated, automating, automatic]",3
Shell,2014,Horizon Scanning / Sense-making,Technology transition,"automate [automation, automated, automating, automatic]",0
Shell,2015,Horizon Scanning / Sense-making,Technology transition,"automate [automation, automated, automating, automatic]",0
Shell,2016,Horizon Scanning / Sense-making,Technology transition,"automate [automation, automated, automating, automatic]",0
Shell,2020,Horizon Scanning / Sense-making,Technology transition,"automate [automation, automated, automating, automatic]",0
Shell,2022,Horizon Scanning / Sense-making,Technology transition,"automate [automation, automated, automating, automatic]",0
Shell,2024,Horizon Scanning / Sense-making,Technology transition,"automate [automation, automated, automating, automatic]",0
Shell,2025,Horizon Scanning / Sense-making,Technology transition,"automate [automation, automated, automating, automatic]",0
Amazon,1997,Horizon Scanning / Sense-making,Technology transition,"electrify [electrification, electric, electrified]",0
Amazon,2016,Horizon Scanning / Sense-making,Technology transition,"electrify [electrification, electric, electrified]",0
Amazon,2020,Horizon Scanning / Sense-making,Technology transition,"electrify [electrification, electric, electrified]",6
Amazon,2021,Horizon Scanning / Sense-making,Technology transition,"electrify [electrification, electric, electrified]",1
Amazon,2022,Horizon Scanning / Sense-making,Technology transition,"electrify [electrification, electric, electrified]",0
Amazon,2024,Horizon Scanning / Sense-making,Technology transition,"electrify [electrification, electric, electrified]",0
Amazon,2025,Horizon Scanning / Sense-making,Technology transition,"electrify [electrification, electric, electrified]",2
Chevron,2013,Horizon Scanning / Sense-making,Technology transition,"electrify [electrification, electric, electrified]",0
Chevron,2018,Horizon Scanning / Sense-making,Technology transition,"electrify [electrification, electric, electrified]",1
Chevron,2020,Horizon Scanning / Sense-making,Technology transition,"electrify [electrification, electric, electrified]",0
Chevron,2021,Horizon Scanning / Sense-making,Technology transition,"electrify [electrification, electric, electrified]",0
Chevron,2022,Horizon Scanning / Sense-making,Technology transition,"electrify [electrification, electric, electrified]",0
Chevron,2023,Horizon Scanning / Sense-making,Technology transition,"electrify [electrification, electric, electrified]",0
Chevron,2024,Horizon Scanning / Sense-making,Technology transition,"electrify [electrification, electric, electrified]",0
Nvidia,2017,Horizon Scanning / Sense-making,Technology transition,"electrify [electrification, electric, electrified]",0
Nvidia,2018,Horizon Scanning / Sense-making,Technology transition,"electrify [electrification, electric, electrified]",1
Nvidia,2020,Horizon Scanning / Sense-making,Technology transition,"electrify [electrification, electric, electrified]",0
Nvidia,2021,Horizon Scanning / Sense-making,Technology transition,"electrify [electrification, electric, electrified]",1
Nvidia,2022,Horizon Scanning / Sense-making,Technology transition,"electrify [electrification, electric, electrified]",1
Nvidia,2023,Horizon Scanning / Sense-making,Technology transition,"electrify [electrification, electric, electrified]",1
Nvidia,2025,Horizon Scanning / Sense-making,Technology transition,"electrify [electrification, electric, electrified]",0
Shell,2014,Horizon Scanning / Sense-making,Technology transition,"electrify [electrification, electric, electrified]",0
Shell,2015,Horizon Scanning / Sense-making,Technology transition,"electrify [electrification, electric, electrified]",0
Shell,2016,Horizon Scanning / Sense-making,Technology transition,"electrify [electrification, electric, electrified]",0
Shell,2020,Horizon Scanning / Sense-making,Technology transition,"electrify [electrification, electric, electrified]",2
Shell,2022,Horizon Scanning / Sense-making,Technology transition,"electrify [electrification, electric, electrified]",0
Shell,2024,Horizon Scanning / Sense-making,Technology transition,"electrify [electrification, electric, electrified]",3
Shell,2025,Horizon Scanning / Sense-making,Technology transition,"electrify [electrification, electric, electrified]",1
Amazon,1997,Horizon Scanning / Sense-making,External environment,"regulate [regulation, regulatory, regulator, regulators, regulations, regulated]",0
Amazon,2016,Horizon Scanning / Sense-making,External environment,"regulate [regulation, regulatory, regulator, regulators, regulations, regulated]",0
Amazon,2020,Horizon Scanning / Sense-making,External environment,"regulate [regulation, regulatory, regulator, regulators, regulations, regulated]",0
Amazon,2021,Horizon Scanning / Sense-making,External environment,"regulate [regulation, regulatory, regulator, regulators, regulations, regulated]",0
Amazon,2022,Horizon Scanning / Sense-making,External environment,"regulate [regulation, regulatory, regulator, regulators, regulations, regulated]",0
Amazon,2024,Horizon Scanning / Sense-making,External environment,"regulate [regulation, regulatory, regulator, regulators, regulations, regulated]",0
Amazon,2025,Horizon Scanning / Sense-making,External environment,"regulate [regulation, regulatory, regulator, regulators, regulations, regulated]",0
Chevron,2013,Horizon Scanning / Sense-making,External environment,"regulate [regulation, regulatory, regulator, regulators, regulations, regulated]",0
Chevron,2018,Horizon Scanning / Sense-making,External environment,"regulate [regulation, regulatory, regulator, regulators, regulations, regulated]",0
Chevron,2020,Horizon Scanning / Sense-making,External environment,"regulate [regulation, regulatory, regulator, regulators, regulations, regulated]",0
Chevron,2021,Horizon Scanning / Sense-making,External environment,"regulate [regulation, regulatory, regulator, regulators, regulations, regulated]",0
Chevron,2022,Horizon Scanning / Sense-making,External environment,"regulate [regulation, regulatory, regulator, regulators, regulations, regulated]",0
Chevron,2023,Horizon Scanning / Sense-making,External environment,"regulate [regulation, regulatory, regulator, regulators, regulations, regulated]",0
Chevron,2024,Horizon Scanning / Sense-making,External environment,"regulate [regulation, regulatory, regulator, regulators, regulations, regulated]",0
Nvidia,2017,Horizon Scanning / Sense-making,External environment,"regulate [regulation, regulatory, regulator, regulators, regulations, regulated]",0
Nvidia,2018,Horizon Scanning / Sense-making,External environment,"regulate [regulation, regulatory, regulator, regulators, regulations, regulated]",0
Nvidia,2020,Horizon Scanning / Sense-making,External environment,"regulate [regulation, regulatory, regulator, regulators, regulations, regulated]",1
Nvidia,2021,Horizon Scanning / Sense-making,External environment,"regulate [regulation, regulatory, regulator, regulators, regulations, regulated]",2
Nvidia,2022,Horizon Scanning / Sense-making,External environment,"regulate [regulation, regulatory, regulator, regulators, regulations, regulated]",0
Nvidia,2023,Horizon Scanning / Sense-making,External environment,"regulate [regulation, regulatory, regulator, regulators, regulations, regulated]",0
Nvidia,2025,Horizon Scanning / Sense-making,External environment,"regulate [regulation, regulatory, regulator, regulators, regulations, regulated]",0
Shell,2014,Horizon Scanning / Sense-making,External environment,"regulate [regulation, regulatory, regulator, regulators, regulations, regulated]",0
Shell,2015,Horizon Scanning / Sense-making,External environment,"regulate [regulation, regulatory, regulator, regulators, regulations, regulated]",0
Shell,2016,Horizon Scanning / Sense-making,External environment,"regulate [regulation, regulatory, regulator, regulators, regulations, regulated]",0
Shell,2020,Horizon Scanning / Sense-making,External environment,"regulate [regulation, regulatory, regulator, regulators, regulations, regulated]",1
Shell,2022,Horizon Scanning / Sense-making,External environment,"regulate [regulation, regulatory, regulator, regulators, regulations, regulated]",0
Shell,2024,Horizon Scanning / Sense-making,External environment,"regulate [regulation, regulatory, regulator, regulators, regulations, regulated]",0
Shell,2025,Horizon Scanning / Sense-making,External environment,"regulate [regulation, regulatory, regulator, regulators, regulations, regulated]",0
Amazon,1997,Horizon Scanning / Sense-making,External environment,geopolitical [geopolitics],0
Amazon,2016,Horizon Scanning / Sense-making,External environment,geopolitical [geopolitics],0
Amazon,2020,Horizon Scanning / Sense-making,External environment,geopolitical [geopolitics],0
Amazon,2021,Horizon Scanning / Sense-making,External environment,geopolitical [geopolitics],0
Amazon,2022,Horizon Scanning / Sense-making,External environment,geopolitical [geopolitics],0
Amazon,2024,Horizon Scanning / Sense-making,External environment,geopolitical [geopolitics],0
Amazon,2025,Horizon Scanning / Sense-making,External environment,geopolitical [geopolitics],1
Chevron,2013,Horizon Scanning / Sense-making,External environment,geopolitical [geopolitics],0
Chevron,2018,Horizon Scanning / Sense-making,External environment,geopolitical [geopolitics],1
Chevron,2020,Horizon Scanning / Sense-making,External environment,geopolitical [geopolitics],1
Chevron,2021,Horizon Scanning / Sense-making,External environment,geopolitical [geopolitics],0
Chevron,2022,Horizon Scanning / Sense-making,External environment,geopolitical [geopolitics],1
Chevron,2023,Horizon Scanning / Sense-making,External environment,geopolitical [geopolitics],1
Chevron,2024,Horizon Scanning / Sense-making,External environment,geopolitical [geopolitics],2
Nvidia,2017,Horizon Scanning / Sense-making,External environment,geopolitical [geopolitics],0
Nvidia,2018,Horizon Scanning / Sense-making,External environment,geopolitical [geopolitics],0
Nvidia,2020,Horizon Scanning / Sense-making,External environment,geopolitical [geopolitics],0
Nvidia,2021,Horizon Scanning / Sense-making,External environment,geopolitical [geopolitics],0
Nvidia,2022,Horizon Scanning / Sense-making,External environment,geopolitical [geopolitics],0
Nvidia,2023,Horizon Scanning / Sense-making,External environment,geopolitical [geopolitics],1
Nvidia,2025,Horizon Scanning / Sense-making,External environment,geopolitical [geopolitics],0
Shell,2014,Horizon Scanning / Sense-making,External environment,geopolitical [geopolitics],0
Shell,2015,Horizon Scanning / Sense-making,External environment,geopolitical [geopolitics],0
Shell,2016,Horizon Scanning / Sense-making,External environment,geopolitical [geopolitics],0
Shell,2020,Horizon Scanning / Sense-making,External environment,geopolitical [geopolitics],0
Shell,2022,Horizon Scanning / Sense-making,External environment,geopolitical [geopolitics],0
Shell,2024,Horizon Scanning / Sense-making,External environment,geopolitical [geopolitics],1
Shell,2025,Horizon Scanning / Sense-making,External environment,geopolitical [geopolitics],1
Amazon,1997,Horizon Scanning / Sense-making,External environment,policy [policies],0
Amazon,2016,Horizon Scanning / Sense-making,External environment,policy [policies],0
Amazon,2020,Horizon Scanning / Sense-making,External environment,policy [policies],0
Amazon,2021,Horizon Scanning / Sense-making,External environment,policy [policies],0
Amazon,2022,Horizon Scanning / Sense-making,External environment,policy [policies],0
Amazon,2024,Horizon Scanning / Sense-making,External environment,policy [policies],0
Amazon,2025,Horizon Scanning / Sense-making,External environment,policy [policies],0
Chevron,2013,Horizon Scanning / Sense-making,External environment,policy [policies],0
Chevron,2018,Horizon Scanning / Sense-making,External environment,policy [policies],0
Chevron,2020,Horizon Scanning / Sense-making,External environment,policy [policies],0
Chevron,2021,Horizon Scanning / Sense-making,External environment,policy [policies],1
Chevron,2022,Horizon Scanning / Sense-making,External environment,policy [policies],0
Chevron,2023,Horizon Scanning / Sense-making,External environment,policy [policies],0
Chevron,2024,Horizon Scanning / Sense-making,External environment,policy [policies],0
Nvidia,2017,Horizon Scanning / Sense-making,External environment,policy [policies],0
Nvidia,2018,Horizon Scanning / Sense-making,External environment,policy [policies],0
Nvidia,2020,Horizon Scanning / Sense-making,External environment,policy [policies],0
Nvidia,2021,Horizon Scanning / Sense-making,External environment,policy [policies],0
Nvidia,2022,Horizon Scanning / Sense-making,External environment,policy [policies],0
Nvidia,2023,Horizon Scanning / Sense-making,External environment,policy [policies],0
Nvidia,2025,Horizon Scanning / Sense-making,External environment,policy [policies],2
Shell,2014,Horizon Scanning / Sense-making,External environment,policy [policies],1
Shell,2015,Horizon Scanning / Sense-making,External environment,policy [policies],0
Shell,2016,Horizon Scanning / Sense-making,External environment,policy [policies],0
Shell,2020,Horizon Scanning / Sense-making,External environment,policy [policies],0
Shell,2022,Horizon Scanning / Sense-making,External environment,policy [policies],0
Shell,2024,Horizon Scanning / Sense-making,External environment,policy [policies],0
Shell,2025,Horizon Scanning / Sense-making,External environment,policy [policies],1
Amazon,1997,Horizon Scanning / Sense-making,External environment,commodity [commodities],0
Amazon,2016,Horizon Scanning / Sense-making,External environment,commodity [commodities],0
Amazon,2020,Horizon Scanning / Sense-making,External environment,commodity [commodities],0
Amazon,2021,Horizon Scanning / Sense-making,External environment,commodity [commodities],1
Amazon,2022,Horizon Scanning / Sense-making,External environment,commodity [commodities],0
Amazon,2024,Horizon Scanning / Sense-making,External environment,commodity [commodities],0
Amazon,2025,Horizon Scanning / Sense-making,External environment,commodity [commodities],0
Chevron,2013,Horizon Scanning / Sense-making,External environment,commodity [commodities],0
Chevron,2018,Horizon Scanning / Sense-making,External environment,commodity [commodities],1
Chevron,2020,Horizon Scanning / Sense-making,External environment,commodity [commodities],0
Chevron,2021,Horizon Scanning / Sense-making,External environment,commodity [commodities],0
Chevron,2022,Horizon Scanning / Sense-making,External environment,commodity [commodities],1
Chevron,2023,Horizon Scanning / Sense-making,External environment,commodity [commodities],0
Chevron,2024,Horizon Scanning / Sense-making,External environment,commodity [commodities],0
Nvidia,2017,Horizon Scanning / Sense-making,External environment,commodity [commodities],0
Nvidia,2018,Horizon Scanning / Sense-making,External environment,commodity [commodities],0
Nvidia,2020,Horizon Scanning / Sense-making,External environment,commodity [commodities],0
Nvidia,2021,Horizon Scanning / Sense-making,External environment,commodity [commodities],0
Nvidia,2022,Horizon Scanning / Sense-making,External environment,commodity [commodities],0
Nvidia,2023,Horizon Scanning / Sense-making,External environment,commodity [commodities],0
Nvidia,2025,Horizon Scanning / Sense-making,External environment,commodity [commodities],0
Shell,2014,Horizon Scanning / Sense-making,External environment,commodity [commodities],0
Shell,2015,Horizon Scanning / Sense-making,External environment,commodity [commodities],0
Shell,2016,Horizon Scanning / Sense-making,External environment,commodity [commodities],0
Shell,2020,Horizon Scanning / Sense-making,External environment,commodity [commodities],0
Shell,2022,Horizon Scanning / Sense-making,External environment,commodity [commodities],0
Shell,2024,Horizon Scanning / Sense-making,External environment,commodity [commodities],0
Shell,2025,Horizon Scanning / Sense-making,External environment,commodity [commodities],0
Amazon,1997,Horizon Scanning / Sense-making,External environment,"competition [competitions, compete, competes, competing, competitive, competitor, competitors]",4
Amazon,2016,Horizon Scanning / Sense-making,External environment,"competition [competitions, compete, competes, competing, competitive, competitor, competitors]",2
Amazon,2020,Horizon Scanning / Sense-making,External environment,"competition [competitions, compete, competes, competing, competitive, competitor, competitors]",2
Amazon,2021,Horizon Scanning / Sense-making,External environment,"competition [competitions, compete, competes, competing, competitive, competitor, competitors]",1
Amazon,2022,Horizon Scanning / Sense-making,External environment,"competition [competitions, compete, competes, competing, competitive, competitor, competitors]",3
Amazon,2024,Horizon Scanning / Sense-making,External environment,"competition [competitions, compete, competes, competing, competitive, competitor, competitors]",2
Amazon,2025,Horizon Scanning / Sense-making,External environment,"competition [competitions, compete, competes, competing, competitive, competitor, competitors]",1
Chevron,2013,Horizon Scanning / Sense-making,External environment,"competition [competitions, compete, competes, competing, competitive, competitor, competitors]",2
Chevron,2018,Horizon Scanning / Sense-making,External environment,"competition [competitions, compete, competes, competing, competitive, competitor, competitors]",0
Chevron,2020,Horizon Scanning / Sense-making,External environment,"competition [competitions, compete, competes, competing, competitive, competitor, competitors]",1
Chevron,2021,Horizon Scanning / Sense-making,External environment,"competition [competitions, compete, competes, competing, competitive, competitor, competitors]",0
Chevron,2022,Horizon Scanning / Sense-making,External environment,"competition [competitions, compete, competes, competing, competitive, competitor, competitors]",1
Chevron,2023,Horizon Scanning / Sense-making,External environment,"competition [competitions, compete, competes, competing, competitive, competitor, competitors]",0
Chevron,2024,Horizon Scanning / Sense-making,External environment,"competition [competitions, compete, competes, competing, competitive, competitor, competitors]",0
Nvidia,2017,Horizon Scanning / Sense-making,External environment,"competition [competitions, compete, competes, competing, competitive, competitor, competitors]",0
Nvidia,2018,Horizon Scanning / Sense-making,External environment,"competition [competitions, compete, competes, competing, competitive, competitor, competitors]",0
Nvidia,2020,Horizon Scanning / Sense-making,External environment,"competition [competitions, compete, competes, competing, competitive, competitor, competitors]",0
Nvidia,2021,Horizon Scanning / Sense-making,External environment,"competition [competitions, compete, competes, competing, competitive, competitor, competitors]",0
Nvidia,2022,Horizon Scanning / Sense-making,External environment,"competition [competitions, compete, competes, competing, competitive, competitor, competitors]",0
Nvidia,2023,Horizon Scanning / Sense-making,External environment,"competition [competitions, compete, competes, competing, competitive, competitor, competitors]",0
Nvidia,2025,Horizon Scanning / Sense-making,External environment,"competition [competitions, compete, competes, competing, competitive, competitor, competitors]",0
Shell,2014,Horizon Scanning / Sense-making,External environment,"competition [competitions, compete, competes, competing, competitive, competitor, competitors]",1
Shell,2015,Horizon Scanning / Sense-making,External environment,"competition [competitions, compete, competes, competing, competitive, competitor, competitors]",2
Shell,2016,Horizon Scanning / Sense-making,External environment,"competition [competitions, compete, competes, competing, competitive, competitor, competitors]",4
Shell,2020,Horizon Scanning / Sense-making,External environment,"competition [competitions, compete, competes, competing, competitive, competitor, competitors]",0
Shell,2022,Horizon Scanning / Sense-making,External environment,"competition [competitions, compete, competes, competing, competitive, competitor, competitors]",0
Shell,2024,Horizon Scanning / Sense-making,External environment,"competition [competitions, compete, competes, competing, competitive, competitor, competitors]",3
Shell,2025,Horizon Scanning / Sense-making,External environment,"competition [competitions, compete, competes, competing, competitive, competitor, competitors]",2
Amazon,1997,"Purpose, Vision, and Governance",Customer orientation,"customer [customers] !custom, customize, customized, customizing, customizes",25
Amazon,2016,"Purpose, Vision, and Governance",Customer orientation,"customer [customers] !custom, customize, customized, customizing, customizes",17
Amazon,2020,"Purpose, Vision, and Governance",Customer orientation,"customer [customers] !custom, customize, customized, customizing, customizes",20
Amazon,2021,"Purpose, Vision, and Governance",Customer orientation,"customer [customers] !custom, customize, customized, customizing, customizes",54
Amazon,2022,"Purpose, Vision, and Governance",Customer orientation,"customer [customers] !custom, customize, customized, customizing, customizes",58
Amazon,2024,"Purpose, Vision, and Governance",Customer orientation,"customer [customers] !custom, customize, customized, customizing, customizes",62
Amazon,2025,"Purpose, Vision, and Governance",Customer orientation,"customer [customers] !custom, customize, customized, customizing, customizes",52
Chevron,2013,"Purpose, Vision, and Governance",Customer orientation,"customer [customers] !custom, customize, customized, customizing, customizes",0
Chevron,2018,"Purpose, Vision, and Governance",Customer orientation,"customer [customers] !custom, customize, customized, customizing, customizes",1
Chevron,2020,"Purpose, Vision, and Governance",Customer orientation,"customer [customers] !custom, customize, customized, customizing, customizes",2
Chevron,2021,"Purpose, Vision, and Governance",Customer orientation,"customer [customers] !custom, customize, customized, customizing, customizes",6
Chevron,2022,"Purpose, Vision, and Governance",Customer orientation,"customer [customers] !custom, customize, customized, customizing, customizes",3
Chevron,2023,"Purpose, Vision, and Governance",Customer orientation,"customer [customers] !custom, customize, customized, customizing, customizes",3
Chevron,2024,"Purpose, Vision, and Governance",Customer orientation,"customer [customers] !custom, customize, customized, customizing, customizes",3
Nvidia,2017,"Purpose, Vision, and Governance",Customer orientation,"customer [customers] !custom, customize, customized, customizing, customizes",0
Nvidia,2018,"Purpose, Vision, and Governance",Customer orientation,"customer [customers] !custom, customize, customized, customizing, customizes",0
Nvidia,2020,"Purpose, Vision, and Governance",Customer orientation,"customer [customers] !custom, customize, customized, customizing, customizes",0
Nvidia,2021,"Purpose, Vision, and Governance",Customer orientation,"customer [customers] !custom, customize, customized, customizing, customizes",1
Nvidia,2022,"Purpose, Vision, and Governance",Customer orientation,"customer [customers] !custom, customize, customized, customizing, customizes",3
Nvidia,2023,"Purpose, Vision, and Governance",Customer orientation,"customer [customers] !custom, customize, customized, customizing, customizes",4
Nvidia,2025,"Purpose, Vision, and Governance",Customer orientation,"customer [customers] !custom, customize, customized, customizing, customizes",6
Shell,2014,"Purpose, Vision, and Governance",Customer orientation,"customer [customers] !custom, customize, customized, customizing, customizes",0
Shell,2015,"Purpose, Vision, and Governance",Customer orientation,"customer [customers] !custom, customize, customized, customizing, customizes",0
Shell,2016,"Purpose, Vision, and Governance",Customer orientation,"customer [customers] !custom, customize, customized, customizing, customizes",0
Shell,2020,"Purpose, Vision, and Governance",Customer orientation,"customer [customers] !custom, customize, customized, customizing, customizes",10
Shell,2022,"Purpose, Vision, and Governance",Customer orientation,"customer [customers] !custom, customize, customized, customizing, customizes",2
Shell,2024,"Purpose, Vision, and Governance",Customer orientation,"customer [customers] !custom, customize, customized, customizing, customizes",1
Shell,2025,"Purpose, Vision, and Governance",Customer orientation,"customer [customers] !custom, customize, customized, customizing, customizes",7
Amazon,1997,"Purpose, Vision, and Governance",Customer orientation,"consumer [consumers] !consume, consumed, consuming, consumables, consumes, consumption",0
Amazon,2016,"Purpose, Vision, and Governance",Customer orientation,"consumer [consumers] !consume, consumed, consuming, consumables, consumes, consumption",0
Amazon,2020,"Purpose, Vision, and Governance",Customer orientation,"consumer [consumers] !consume, consumed, consuming, consumables, consumes, consumption",4
Amazon,2021,"Purpose, Vision, and Governance",Customer orientation,"consumer [consumers] !consume, consumed, consuming, consumables, consumes, consumption",5
Amazon,2022,"Purpose, Vision, and Governance",Customer orientation,"consumer [consumers] !consume, consumed, consuming, consumables, consumes, consumption",7
Amazon,2024,"Purpose, Vision, and Governance",Customer orientation,"consumer [consumers] !consume, consumed, consuming, consumables, consumes, consumption",1
Amazon,2025,"Purpose, Vision, and Governance",Customer orientation,"consumer [consumers] !consume, consumed, consuming, consumables, consumes, consumption",4
Chevron,2013,"Purpose, Vision, and Governance",Customer orientation,"consumer [consumers] !consume, consumed, consuming, consumables, consumes, consumption",0
Chevron,2018,"Purpose, Vision, and Governance",Customer orientation,"consumer [consumers] !consume, consumed, consuming, consumables, consumes, consumption",0
Chevron,2020,"Purpose, Vision, and Governance",Customer orientation,"consumer [consumers] !consume, consumed, consuming, consumables, consumes, consumption",0
Chevron,2021,"Purpose, Vision, and Governance",Customer orientation,"consumer [consumers] !consume, consumed, consuming, consumables, consumes, consumption",0
Chevron,2022,"Purpose, Vision, and Governance",Customer orientation,"consumer [consumers] !consume, consumed, consuming, consumables, consumes, consumption",1
Chevron,2023,"Purpose, Vision, and Governance",Customer orientation,"consumer [consumers] !consume, consumed, consuming, consumables, consumes, consumption",0
Chevron,2024,"Purpose, Vision, and Governance",Customer orientation,"consumer [consumers] !consume, consumed, consuming, consumables, consumes, consumption",0
Nvidia,2017,"Purpose, Vision, and Governance",Customer orientation,"consumer [consumers] !consume, consumed, consuming, consumables, consumes, consumption",0
Nvidia,2018,"Purpose, Vision, and Governance",Customer orientation,"consumer [consumers] !consume, consumed, consuming, consumables, consumes, consumption",0
Nvidia,2020,"Purpose, Vision, and Governance",Customer orientation,"consumer [consumers] !consume, consumed, consuming, consumables, consumes, consumption",1
Nvidia,2021,"Purpose, Vision, and Governance",Customer orientation,"consumer [consumers] !consume, consumed, consuming, consumables, consumes, consumption",1
Nvidia,2022,"Purpose, Vision, and Governance",Customer orientation,"consumer [consumers] !consume, consumed, consuming, consumables, consumes, consumption",1
Nvidia,2023,"Purpose, Vision, and Governance",Customer orientation,"consumer [consumers] !consume, consumed, consuming, consumables, consumes, consumption",0
Nvidia,2025,"Purpose, Vision, and Governance",Customer orientation,"consumer [consumers] !consume, consumed, consuming, consumables, consumes, consumption",0
Shell,2014,"Purpose, Vision, and Governance",Customer orientation,"consumer [consumers] !consume, consumed, consuming, consumables, consumes, consumption",0
Shell,2015,"Purpose, Vision, and Governance",Customer orientation,"consumer [consumers] !consume, consumed, consuming, consumables, consumes, consumption",0
Shell,2016,"Purpose, Vision, and Governance",Customer orientation,"consumer [consumers] !consume, consumed, consuming, consumables, consumes, consumption",0
Shell,2020,"Purpose, Vision, and Governance",Customer orientation,"consumer [consumers] !consume, consumed, consuming, consumables, consumes, consumption",0
Shell,2022,"Purpose, Vision, and Governance",Customer orientation,"consumer [consumers] !consume, consumed, consuming, consumables, consumes, consumption",0
Shell,2024,"Purpose, Vision, and Governance",Customer orientation,"consumer [consumers] !consume, consumed, consuming, consumables, consumes, consumption",0
Shell,2025,"Purpose, Vision, and Governance",Customer orientation,"consumer [consumers] !consume, consumed, consuming, consumables, consumes, consumption",0
Amazon,1997,"Purpose, Vision, and Governance",Customer orientation,user [users],0
Amazon,2016,"Purpose, Vision, and Governance",Customer orientation,user [users],0
Amazon,2020,"Purpose, Vision, and Governance",Customer orientation,user [users],0
Amazon,2021,"Purpose, Vision, and Governance",Customer orientation,user [users],0
Amazon,2022,"Purpose, Vision, and Governance",Customer orientation,user [users],0
Amazon,2024,"Purpose, Vision, and Governance",Customer orientation,user [users],0
Amazon,2025,"Purpose, Vision, and Governance",Customer orientation,user [users],2
Chevron,2013,"Purpose, Vision, and Governance",Customer orientation,user [users],0
Chevron,2018,"Purpose, Vision, and Governance",Customer orientation,user [users],0
Chevron,2020,"Purpose, Vision, and Governance",Customer orientation,user [users],0
Chevron,2021,"Purpose, Vision, and Governance",Customer orientation,user [users],0
Chevron,2022,"Purpose, Vision, and Governance",Customer orientation,user [users],0
Chevron,2023,"Purpose, Vision, and Governance",Customer orientation,user [users],0
Chevron,2024,"Purpose, Vision, and Governance",Customer orientation,user [users],0
Nvidia,2017,"Purpose, Vision, and Governance",Customer orientation,user [users],0
Nvidia,2018,"Purpose, Vision, and Governance",Customer orientation,user [users],1
Nvidia,2020,"Purpose, Vision, and Governance",Customer orientation,user [users],0
Nvidia,2021,"Purpose, Vision, and Governance",Customer orientation,user [users],1
Nvidia,2022,"Purpose, Vision, and Governance",Customer orientation,user [users],0
Nvidia,2023,"Purpose, Vision, and Governance",Customer orientation,user [users],4
Nvidia,2025,"Purpose, Vision, and Governance",Customer orientation,user [users],1
Shell,2014,"Purpose, Vision, and Governance",Customer orientation,user [users],0
Shell,2015,"Purpose, Vision, and Governance",Customer orientation,user [users],0
Shell,2016,"Purpose, Vision, and Governance",Customer orientation,user [users],0
Shell,2020,"Purpose, Vision, and Governance",Customer orientation,user [users],0
Shell,2022,"Purpose, Vision, and Governance",Customer orientation,user [users],0
Shell,2024,"Purpose, Vision, and Governance",Customer orientation,user [users],0
Shell,2025,"Purpose, Vision, and Governance",Customer orientation,user [users],0
Amazon,1997,"Purpose, Vision, and Governance",Customer orientation,"experience [experiences, experienced, experiencing]",2
Amazon,2016,"Purpose, Vision, and Governance",Customer orientation,"experience [experiences, experienced, experiencing]",3
Amazon,2020,"Purpose, Vision, and Governance",Customer orientation,"experience [experiences, experienced, experiencing]",0
Amazon,2021,"Purpose, Vision, and Governance",Customer orientation,"experience [experiences, experienced, experiencing]",20
Amazon,2022,"Purpose, Vision, and Governance",Customer orientation,"experience [experiences, experienced, experiencing]",16
Amazon,2024,"Purpose, Vision, and Governance",Customer orientation,"experience [experiences, experienced, experiencing]",20
Amazon,2025,"Purpose, Vision, and Governance",Customer orientation,"experience [experiences, experienced, experiencing]",17
Chevron,2013,"Purpose, Vision, and Governance",Customer orientation,"experience [experiences, experienced, experiencing]",0
Chevron,2018,"Purpose, Vision, and Governance",Customer orientation,"experience [experiences, experienced, experiencing]",1
Chevron,2020,"Purpose, Vision, and Governance",Customer orientation,"experience [experiences, experienced, experiencing]",0
Chevron,2021,"Purpose, Vision, and Governance",Customer orientation,"experience [experiences, experienced, experiencing]",0
Chevron,2022,"Purpose, Vision, and Governance",Customer orientation,"experience [experiences, experienced, experiencing]",1
Chevron,2023,"Purpose, Vision, and Governance",Customer orientation,"experience [experiences, experienced, experiencing]",0
Chevron,2024,"Purpose, Vision, and Governance",Customer orientation,"experience [experiences, experienced, experiencing]",0
Nvidia,2017,"Purpose, Vision, and Governance",Customer orientation,"experience [experiences, experienced, experiencing]",0
Nvidia,2018,"Purpose, Vision, and Governance",Customer orientation,"experience [experiences, experienced, experiencing]",1
Nvidia,2020,"Purpose, Vision, and Governance",Customer orientation,"experience [experiences, experienced, experiencing]",0
Nvidia,2021,"Purpose, Vision, and Governance",Customer orientation,"experience [experiences, experienced, experiencing]",1
Nvidia,2022,"Purpose, Vision, and Governance",Customer orientation,"experience [experiences, experienced, experiencing]",0
Nvidia,2023,"Purpose, Vision, and Governance",Customer orientation,"experience [experiences, experienced, experiencing]",1
Nvidia,2025,"Purpose, Vision, and Governance",Customer orientation,"experience [experiences, experienced, experiencing]",1
Shell,2014,"Purpose, Vision, and Governance",Customer orientation,"experience [experiences, experienced, experiencing]",1
Shell,2015,"Purpose, Vision, and Governance",Customer orientation,"experience [experiences, experienced, experiencing]",0
Shell,2016,"Purpose, Vision, and Governance",Customer orientation,"experience [experiences, experienced, experiencing]",0
Shell,2020,"Purpose, Vision, and Governance",Customer orientation,"experience [experiences, experienced, experiencing]",0
Shell,2022,"Purpose, Vision, and Governance",Customer orientation,"experience [experiences, experienced, experiencing]",0
Shell,2024,"Purpose, Vision, and Governance",Customer orientation,"experience [experiences, experienced, experiencing]",2
Shell,2025,"Purpose, Vision, and Governance",Customer orientation,"experience [experiences, experienced, experiencing]",0
Amazon,1997,"Purpose, Vision, and Governance",Customer orientation,"convenience [convenient, conveniently]",1
Amazon,2016,"Purpose, Vision, and Governance",Customer orientation,"convenience [convenient, conveniently]",2
Amazon,2020,"Purpose, Vision, and Governance",Customer orientation,"convenience [convenient, conveniently]",0
Amazon,2021,"Purpose, Vision, and Governance",Customer orientation,"convenience [convenient, conveniently]",0
Amazon,2022,"Purpose, Vision, and Governance",Customer orientation,"convenience [convenient, conveniently]",1
Amazon,2024,"Purpose, Vision, and Governance",Customer orientation,"convenience [convenient, conveniently]",0
Amazon,2025,"Purpose, Vision, and Governance",Customer orientation,"convenience [convenient, conveniently]",2
Chevron,2013,"Purpose, Vision, and Governance",Customer orientation,"convenience [convenient, conveniently]",0
Chevron,2018,"Purpose, Vision, and Governance",Customer orientation,"convenience [convenient, conveniently]",0
Chevron,2020,"Purpose, Vision, and Governance",Customer orientation,"convenience [convenient, conveniently]",0
Chevron,2021,"Purpose, Vision, and Governance",Customer orientation,"convenience [convenient, conveniently]",0
Chevron,2022,"Purpose, Vision, and Governance",Customer orientation,"convenience [convenient, conveniently]",0
Chevron,2023,"Purpose, Vision, and Governance",Customer orientation,"convenience [convenient, conveniently]",0
Chevron,2024,"Purpose, Vision, and Governance",Customer orientation,"convenience [convenient, conveniently]",0
Nvidia,2017,"Purpose, Vision, and Governance",Customer orientation,"convenience [convenient, conveniently]",0
Nvidia,2018,"Purpose, Vision, and Governance",Customer orientation,"convenience [convenient, conveniently]",0
Nvidia,2020,"Purpose, Vision, and Governance",Customer orientation,"convenience [convenient, conveniently]",0
Nvidia,2021,"Purpose, Vision, and Governance",Customer orientation,"convenience [convenient, conveniently]",0
Nvidia,2022,"Purpose, Vision, and Governance",Customer orientation,"convenience [convenient, conveniently]",0
Nvidia,2023,"Purpose, Vision, and Governance",Customer orientation,"convenience [convenient, conveniently]",0
Nvidia,2025,"Purpose, Vision, and Governance",Customer orientation,"convenience [convenient, conveniently]",0
Shell,2014,"Purpose, Vision, and Governance",Customer orientation,"convenience [convenient, conveniently]",0
Shell,2015,"Purpose, Vision, and Governance",Customer orientation,"convenience [convenient, conveniently]",0
Shell,2016,"Purpose, Vision, and Governance",Customer orientation,"convenience [convenient, conveniently]",0
Shell,2020,"Purpose, Vision, and Governance",Customer orientation,"convenience [convenient, conveniently]",0
Shell,2022,"Purpose, Vision, and Governance",Customer orientation,"convenience [convenient, conveniently]",0
Shell,2024,"Purpose, Vision, and Governance",Customer orientation,"convenience [convenient, conveniently]",0
Shell,2025,"Purpose, Vision, and Governance",Customer orientation,"convenience [convenient, conveniently]",0
Amazon,1997,"Purpose, Vision, and Governance",Shareholder/value orientation,shareholder [shareholders],4
Amazon,2016,"Purpose, Vision, and Governance",Shareholder/value orientation,shareholder [shareholders],0
Amazon,2020,"Purpose, Vision, and Governance",Shareholder/value orientation,shareholder [shareholders],7
Amazon,2021,"Purpose, Vision, and Governance",Shareholder/value orientation,shareholder [shareholders],3
Amazon,2022,"Purpose, Vision, and Governance",Shareholder/value orientation,shareholder [shareholders],5
Amazon,2024,"Purpose, Vision, and Governance",Shareholder/value orientation,shareholder [shareholders],2
Amazon,2025,"Purpose, Vision, and Governance",Shareholder/value orientation,shareholder [shareholders],2
Chevron,2013,"Purpose, Vision, and Governance",Shareholder/value orientation,shareholder [shareholders],0
Chevron,2018,"Purpose, Vision, and Governance",Shareholder/value orientation,shareholder [shareholders],0
Chevron,2020,"Purpose, Vision, and Governance",Shareholder/value orientation,shareholder [shareholders],0
Chevron,2021,"Purpose, Vision, and Governance",Shareholder/value orientation,shareholder [shareholders],2
Chevron,2022,"Purpose, Vision, and Governance",Shareholder/value orientation,shareholder [shareholders],1
Chevron,2023,"Purpose, Vision, and Governance",Shareholder/value orientation,shareholder [shareholders],0
Chevron,2024,"Purpose, Vision, and Governance",Shareholder/value orientation,shareholder [shareholders],0
Nvidia,2017,"Purpose, Vision, and Governance",Shareholder/value orientation,shareholder [shareholders],1
Nvidia,2018,"Purpose, Vision, and Governance",Shareholder/value orientation,shareholder [shareholders],1
Nvidia,2020,"Purpose, Vision, and Governance",Shareholder/value orientation,shareholder [shareholders],1
Nvidia,2021,"Purpose, Vision, and Governance",Shareholder/value orientation,shareholder [shareholders],0
Nvidia,2022,"Purpose, Vision, and Governance",Shareholder/value orientation,shareholder [shareholders],1
Nvidia,2023,"Purpose, Vision, and Governance",Shareholder/value orientation,shareholder [shareholders],0
Nvidia,2025,"Purpose, Vision, and Governance",Shareholder/value orientation,shareholder [shareholders],1
Shell,2014,"Purpose, Vision, and Governance",Shareholder/value orientation,shareholder [shareholders],6
Shell,2015,"Purpose, Vision, and Governance",Shareholder/value orientation,shareholder [shareholders],2
Shell,2016,"Purpose, Vision, and Governance",Shareholder/value orientation,shareholder [shareholders],3
Shell,2020,"Purpose, Vision, and Governance",Shareholder/value orientation,shareholder [shareholders],4
Shell,2022,"Purpose, Vision, and Governance",Shareholder/value orientation,shareholder [shareholders],7
Shell,2024,"Purpose, Vision, and Governance",Shareholder/value orientation,shareholder [shareholders],2
Shell,2025,"Purpose, Vision, and Governance",Shareholder/value orientation,shareholder [shareholders],2
Amazon,1997,"Purpose, Vision, and Governance",Shareholder/value orientation,stockholder [stockholders],0
Amazon,2016,"Purpose, Vision, and Governance",Shareholder/value orientation,stockholder [stockholders],0
Amazon,2020,"Purpose, Vision, and Governance",Shareholder/value orientation,stockholder [stockholders],0
Amazon,2021,"Purpose, Vision, and Governance",Shareholder/value orientation,stockholder [stockholders],0
Amazon,2022,"Purpose, Vision, and Governance",Shareholder/value orientation,stockholder [stockholders],0
Amazon,2024,"Purpose, Vision, and Governance",Shareholder/value orientation,stockholder [stockholders],0
Amazon,2025,"Purpose, Vision, and Governance",Shareholder/value orientation,stockholder [stockholders],0
Chevron,2013,"Purpose, Vision, and Governance",Shareholder/value orientation,stockholder [stockholders],4
Chevron,2018,"Purpose, Vision, and Governance",Shareholder/value orientation,stockholder [stockholders],4
Chevron,2020,"Purpose, Vision, and Governance",Shareholder/value orientation,stockholder [stockholders],8
Chevron,2021,"Purpose, Vision, and Governance",Shareholder/value orientation,stockholder [stockholders],2
Chevron,2022,"Purpose, Vision, and Governance",Shareholder/value orientation,stockholder [stockholders],4
Chevron,2023,"Purpose, Vision, and Governance",Shareholder/value orientation,stockholder [stockholders],3
Chevron,2024,"Purpose, Vision, and Governance",Shareholder/value orientation,stockholder [stockholders],5
Nvidia,2017,"Purpose, Vision, and Governance",Shareholder/value orientation,stockholder [stockholders],0
Nvidia,2018,"Purpose, Vision, and Governance",Shareholder/value orientation,stockholder [stockholders],0
Nvidia,2020,"Purpose, Vision, and Governance",Shareholder/value orientation,stockholder [stockholders],0
Nvidia,2021,"Purpose, Vision, and Governance",Shareholder/value orientation,stockholder [stockholders],0
Nvidia,2022,"Purpose, Vision, and Governance",Shareholder/value orientation,stockholder [stockholders],0
Nvidia,2023,"Purpose, Vision, and Governance",Shareholder/value orientation,stockholder [stockholders],0
Nvidia,2025,"Purpose, Vision, and Governance",Shareholder/value orientation,stockholder [stockholders],0
Shell,2014,"Purpose, Vision, and Governance",Shareholder/value orientation,stockholder [stockholders],0
Shell,2015,"Purpose, Vision, and Governance",Shareholder/value orientation,stockholder [stockholders],0
Shell,2016,"Purpose, Vision, and Governance",Shareholder/value orientation,stockholder [stockholders],0
Shell,2020,"Purpose, Vision, and Governance",Shareholder/value orientation,stockholder [stockholders],0
Shell,2022,"Purpose, Vision, and Governance",Shareholder/value orientation,stockholder [stockholders],0
Shell,2024,"Purpose, Vision, and Governance",Shareholder/value orientation,stockholder [stockholders],0
Shell,2025,"Purpose, Vision, and Governance",Shareholder/value orientation,stockholder [stockholders],0
Amazon,1997,"Purpose, Vision, and Governance",Shareholder/value orientation,"return [returns, returning, returned]",2
Amazon,2016,"Purpose, Vision, and Governance",Shareholder/value orientation,"return [returns, returning, returned]",0
Amazon,2020,"Purpose, Vision, and Governance",Shareholder/value orientation,"return [returns, returning, returned]",0
Amazon,2021,"Purpose, Vision, and Governance",Shareholder/value orientation,"return [returns, returning, returned]",2
Amazon,2022,"Purpose, Vision, and Governance",Shareholder/value orientation,"return [returns, returning, returned]",6
Amazon,2024,"Purpose, Vision, and Governance",Shareholder/value orientation,"return [returns, returning, returned]",1
Amazon,2025,"Purpose, Vision, and Governance",Shareholder/value orientation,"return [returns, returning, returned]",2
Chevron,2013,"Purpose, Vision, and Governance",Shareholder/value orientation,"return [returns, returning, returned]",2
Chevron,2018,"Purpose, Vision, and Governance",Shareholder/value orientation,"return [returns, returning, returned]",4
Chevron,2020,"Purpose, Vision, and Governance",Shareholder/value orientation,"return [returns, returning, returned]",7
Chevron,2021,"Purpose, Vision, and Governance",Shareholder/value orientation,"return [returns, returning, returned]",5
Chevron,2022,"Purpose, Vision, and Governance",Shareholder/value orientation,"return [returns, returning, returned]",5
Chevron,2023,"Purpose, Vision, and Governance",Shareholder/value orientation,"return [returns, returning, returned]",2
Chevron,2024,"Purpose, Vision, and Governance",Shareholder/value orientation,"return [returns, returning, returned]",2
Nvidia,2017,"Purpose, Vision, and Governance",Shareholder/value orientation,"return [returns, returning, returned]",1
Nvidia,2018,"Purpose, Vision, and Governance",Shareholder/value orientation,"return [returns, returning, returned]",1
Nvidia,2020,"Purpose, Vision, and Governance",Shareholder/value orientation,"return [returns, returning, returned]",2
Nvidia,2021,"Purpose, Vision, and Governance",Shareholder/value orientation,"return [returns, returning, returned]",0
Nvidia,2022,"Purpose, Vision, and Governance",Shareholder/value orientation,"return [returns, returning, returned]",1
Nvidia,2023,"Purpose, Vision, and Governance",Shareholder/value orientation,"return [returns, returning, returned]",0
Nvidia,2025,"Purpose, Vision, and Governance",Shareholder/value orientation,"return [returns, returning, returned]",2
Shell,2014,"Purpose, Vision, and Governance",Shareholder/value orientation,"return [returns, returning, returned]",2
Shell,2015,"Purpose, Vision, and Governance",Shareholder/value orientation,"return [returns, returning, returned]",0
Shell,2016,"Purpose, Vision, and Governance",Shareholder/value orientation,"return [returns, returning, returned]",3
Shell,2020,"Purpose, Vision, and Governance",Shareholder/value orientation,"return [returns, returning, returned]",1
Shell,2022,"Purpose, Vision, and Governance",Shareholder/value orientation,"return [returns, returning, returned]",2
Shell,2024,"Purpose, Vision, and Governance",Shareholder/value orientation,"return [returns, returning, returned]",1
Shell,2025,"Purpose, Vision, and Governance",Shareholder/value orientation,"return [returns, returning, returned]",1
Amazon,1997,"Purpose, Vision, and Governance",Shareholder/value orientation,cash flow,0
Amazon,2016,"Purpose, Vision, and Governance",Shareholder/value orientation,cash flow,0
Amazon,2020,"Purpose, Vision, and Governance",Shareholder/value orientation,cash flow,0
Amazon,2021,"Purpose, Vision, and Governance",Shareholder/value orientation,cash flow,0
Amazon,2022,"Purpose, Vision, and Governance",Shareholder/value orientation,cash flow,2
Amazon,2024,"Purpose, Vision, and Governance",Shareholder/value orientation,cash flow,1
Amazon,2025,"Purpose, Vision, and Governance",Shareholder/value orientation,cash flow,2
Chevron,2013,"Purpose, Vision, and Governance",Shareholder/value orientation,cash flow,1
Chevron,2018,"Purpose, Vision, and Governance",Shareholder/value orientation,cash flow,0
Chevron,2020,"Purpose, Vision, and Governance",Shareholder/value orientation,cash flow,3
Chevron,2021,"Purpose, Vision, and Governance",Shareholder/value orientation,cash flow,2
Chevron,2022,"Purpose, Vision, and Governance",Shareholder/value orientation,cash flow,0
Chevron,2023,"Purpose, Vision, and Governance",Shareholder/value orientation,cash flow,0
Chevron,2024,"Purpose, Vision, and Governance",Shareholder/value orientation,cash flow,0
Nvidia,2017,"Purpose, Vision, and Governance",Shareholder/value orientation,cash flow,0
Nvidia,2018,"Purpose, Vision, and Governance",Shareholder/value orientation,cash flow,0
Nvidia,2020,"Purpose, Vision, and Governance",Shareholder/value orientation,cash flow,0
Nvidia,2021,"Purpose, Vision, and Governance",Shareholder/value orientation,cash flow,0
Nvidia,2022,"Purpose, Vision, and Governance",Shareholder/value orientation,cash flow,0
Nvidia,2023,"Purpose, Vision, and Governance",Shareholder/value orientation,cash flow,0
Nvidia,2025,"Purpose, Vision, and Governance",Shareholder/value orientation,cash flow,2
Shell,2014,"Purpose, Vision, and Governance",Shareholder/value orientation,cash flow,2
Shell,2015,"Purpose, Vision, and Governance",Shareholder/value orientation,cash flow,0
Shell,2016,"Purpose, Vision, and Governance",Shareholder/value orientation,cash flow,2
Shell,2020,"Purpose, Vision, and Governance",Shareholder/value orientation,cash flow,2
Shell,2022,"Purpose, Vision, and Governance",Shareholder/value orientation,cash flow,4
Shell,2024,"Purpose, Vision, and Governance",Shareholder/value orientation,cash flow,3
Shell,2025,"Purpose, Vision, and Governance",Shareholder/value orientation,cash flow,2
Amazon,1997,"Purpose, Vision, and Governance",Shareholder/value orientation,value creation,0
Amazon,2016,"Purpose, Vision, and Governance",Shareholder/value orientation,value creation,0
Amazon,2020,"Purpose, Vision, and Governance",Shareholder/value orientation,value creation,8
Amazon,2021,"Purpose, Vision, and Governance",Shareholder/value orientation,value creation,0
Amazon,2022,"Purpose, Vision, and Governance",Shareholder/value orientation,value creation,0
Amazon,2024,"Purpose, Vision, and Governance",Shareholder/value orientation,value creation,0
Amazon,2025,"Purpose, Vision, and Governance",Shareholder/value orientation,value creation,0
Chevron,2013,"Purpose, Vision, and Governance",Shareholder/value orientation,value creation,0
Chevron,2018,"Purpose, Vision, and Governance",Shareholder/value orientation,value creation,0
Chevron,2020,"Purpose, Vision, and Governance",Shareholder/value orientation,value creation,0
Chevron,2021,"Purpose, Vision, and Governance",Shareholder/value orientation,value creation,0
Chevron,2022,"Purpose, Vision, and Governance",Shareholder/value orientation,value creation,0
Chevron,2023,"Purpose, Vision, and Governance",Shareholder/value orientation,value creation,0
Chevron,2024,"Purpose, Vision, and Governance",Shareholder/value orientation,value creation,0
Nvidia,2017,"Purpose, Vision, and Governance",Shareholder/value orientation,value creation,0
Nvidia,2018,"Purpose, Vision, and Governance",Shareholder/value orientation,value creation,0
Nvidia,2020,"Purpose, Vision, and Governance",Shareholder/value orientation,value creation,0
Nvidia,2021,"Purpose, Vision, and Governance",Shareholder/value orientation,value creation,0
Nvidia,2022,"Purpose, Vision, and Governance",Shareholder/value orientation,value creation,0
Nvidia,2023,"Purpose, Vision, and Governance",Shareholder/value orientation,value creation,0
Nvidia,2025,"Purpose, Vision, and Governance",Shareholder/value orientation,value creation,1
Shell,2014,"Purpose, Vision, and Governance",Shareholder/value orientation,value creation,0
Shell,2015,"Purpose, Vision, and Governance",Shareholder/value orientation,value creation,0
Shell,2016,"Purpose, Vision, and Governance",Shareholder/value orientation,value creation,0
Shell,2020,"Purpose, Vision, and Governance",Shareholder/value orientation,value creation,0
Shell,2022,"Purpose, Vision, and Governance",Shareholder/value orientation,value creation,0
Shell,2024,"Purpose, Vision, and Governance",Shareholder/value orientation,value creation,0
Shell,2025,"Purpose, Vision, and Governance",Shareholder/value orientation,value creation,0
Amazon,1997,"Purpose, Vision, and Governance",Shareholder/value orientation,dividend [dividends],0
Amazon,2016,"Purpose, Vision, and Governance",Shareholder/value orientation,dividend [dividends],0
Amazon,2020,"Purpose, Vision, and Governance",Shareholder/value orientation,dividend [dividends],0
Amazon,2021,"Purpose, Vision, and Governance",Shareholder/value orientation,dividend [dividends],0
Amazon,2022,"Purpose, Vision, and Governance",Shareholder/value orientation,dividend [dividends],0
Amazon,2024,"Purpose, Vision, and Governance",Shareholder/value orientation,dividend [dividends],0
Amazon,2025,"Purpose, Vision, and Governance",Shareholder/value orientation,dividend [dividends],0
Chevron,2013,"Purpose, Vision, and Governance",Shareholder/value orientation,dividend [dividends],1
Chevron,2018,"Purpose, Vision, and Governance",Shareholder/value orientation,dividend [dividends],2
Chevron,2020,"Purpose, Vision, and Governance",Shareholder/value orientation,dividend [dividends],3
Chevron,2021,"Purpose, Vision, and Governance",Shareholder/value orientation,dividend [dividends],1
Chevron,2022,"Purpose, Vision, and Governance",Shareholder/value orientation,dividend [dividends],4
Chevron,2023,"Purpose, Vision, and Governance",Shareholder/value orientation,dividend [dividends],4
Chevron,2024,"Purpose, Vision, and Governance",Shareholder/value orientation,dividend [dividends],3
Nvidia,2017,"Purpose, Vision, and Governance",Shareholder/value orientation,dividend [dividends],1
Nvidia,2018,"Purpose, Vision, and Governance",Shareholder/value orientation,dividend [dividends],1
Nvidia,2020,"Purpose, Vision, and Governance",Shareholder/value orientation,dividend [dividends],1
Nvidia,2021,"Purpose, Vision, and Governance",Shareholder/value orientation,dividend [dividends],0
Nvidia,2022,"Purpose, Vision, and Governance",Shareholder/value orientation,dividend [dividends],1
Nvidia,2023,"Purpose, Vision, and Governance",Shareholder/value orientation,dividend [dividends],0
Nvidia,2025,"Purpose, Vision, and Governance",Shareholder/value orientation,dividend [dividends],1
Shell,2014,"Purpose, Vision, and Governance",Shareholder/value orientation,dividend [dividends],4
Shell,2015,"Purpose, Vision, and Governance",Shareholder/value orientation,dividend [dividends],2
Shell,2016,"Purpose, Vision, and Governance",Shareholder/value orientation,dividend [dividends],2
Shell,2020,"Purpose, Vision, and Governance",Shareholder/value orientation,dividend [dividends],5
Shell,2022,"Purpose, Vision, and Governance",Shareholder/value orientation,dividend [dividends],1
Shell,2024,"Purpose, Vision, and Governance",Shareholder/value orientation,dividend [dividends],0
Shell,2025,"Purpose, Vision, and Governance",Shareholder/value orientation,dividend [dividends],0
Amazon,1997,"Purpose, Vision, and Governance",Market/category leadership,"leader [leaders, leadership]",10
Amazon,2016,"Purpose, Vision, and Governance",Market/category leadership,"leader [leaders, leadership]",2
Amazon,2020,"Purpose, Vision, and Governance",Market/category leadership,"leader [leaders, leadership]",0
Amazon,2021,"Purpose, Vision, and Governance",Market/category leadership,"leader [leaders, leadership]",3
Amazon,2022,"Purpose, Vision, and Governance",Market/category leadership,"leader [leaders, leadership]",1
Amazon,2024,"Purpose, Vision, and Governance",Market/category leadership,"leader [leaders, leadership]",19
Amazon,2025,"Purpose, Vision, and Governance",Market/category leadership,"leader [leaders, leadership]",5
Chevron,2013,"Purpose, Vision, and Governance",Market/category leadership,"leader [leaders, leadership]",1
Chevron,2018,"Purpose, Vision, and Governance",Market/category leadership,"leader [leaders, leadership]",1
Chevron,2020,"Purpose, Vision, and Governance",Market/category leadership,"leader [leaders, leadership]",1
Chevron,2021,"Purpose, Vision, and Governance",Market/category leadership,"leader [leaders, leadership]",0
Chevron,2022,"Purpose, Vision, and Governance",Market/category leadership,"leader [leaders, leadership]",0
Chevron,2023,"Purpose, Vision, and Governance",Market/category leadership,"leader [leaders, leadership]",1
Chevron,2024,"Purpose, Vision, and Governance",Market/category leadership,"leader [leaders, leadership]",1
Nvidia,2017,"Purpose, Vision, and Governance",Market/category leadership,"leader [leaders, leadership]",1
Nvidia,2018,"Purpose, Vision, and Governance",Market/category leadership,"leader [leaders, leadership]",1
Nvidia,2020,"Purpose, Vision, and Governance",Market/category leadership,"leader [leaders, leadership]",1
Nvidia,2021,"Purpose, Vision, and Governance",Market/category leadership,"leader [leaders, leadership]",2
Nvidia,2022,"Purpose, Vision, and Governance",Market/category leadership,"leader [leaders, leadership]",0
Nvidia,2023,"Purpose, Vision, and Governance",Market/category leadership,"leader [leaders, leadership]",0
Nvidia,2025,"Purpose, Vision, and Governance",Market/category leadership,"leader [leaders, leadership]",4
Shell,2014,"Purpose, Vision, and Governance",Market/category leadership,"leader [leaders, leadership]",2
Shell,2015,"Purpose, Vision, and Governance",Market/category leadership,"leader [leaders, leadership]",0
Shell,2016,"Purpose, Vision, and Governance",Market/category leadership,"leader [leaders, leadership]",0
Shell,2020,"Purpose, Vision, and Governance",Market/category leadership,"leader [leaders, leadership]",0
Shell,2022,"Purpose, Vision, and Governance",Market/category leadership,"leader [leaders, leadership]",1
Shell,2024,"Purpose, Vision, and Governance",Market/category leadership,"leader [leaders, leadership]",1
Shell,2025,"Purpose, Vision, and Governance",Market/category leadership,"leader [leaders, leadership]",0
Amazon,1997,"Purpose, Vision, and Governance",Market/category leadership,market leadership,7
Amazon,2016,"Purpose, Vision, and Governance",Market/category leadership,market leadership,0
Amazon,2020,"Purpose, Vision, and Governance",Market/category leadership,market leadership,0
Amazon,2021,"Purpose, Vision, and Governance",Market/category leadership,market leadership,0
Amazon,2022,"Purpose, Vision, and Governance",Market/category leadership,market leadership,0
Amazon,2024,"Purpose, Vision, and Governance",Market/category leadership,market leadership,0
Amazon,2025,"Purpose, Vision, and Governance",Market/category leadership,market leadership,0
Chevron,2013,"Purpose, Vision, and Governance",Market/category leadership,market leadership,0
Chevron,2018,"Purpose, Vision, and Governance",Market/category leadership,market leadership,0
Chevron,2020,"Purpose, Vision, and Governance",Market/category leadership,market leadership,0
Chevron,2021,"Purpose, Vision, and Governance",Market/category leadership,market leadership,0
Chevron,2022,"Purpose, Vision, and Governance",Market/category leadership,market leadership,0
Chevron,2023,"Purpose, Vision, and Governance",Market/category leadership,market leadership,0
Chevron,2024,"Purpose, Vision, and Governance",Market/category leadership,market leadership,0
Nvidia,2017,"Purpose, Vision, and Governance",Market/category leadership,market leadership,1
Nvidia,2018,"Purpose, Vision, and Governance",Market/category leadership,market leadership,0
Nvidia,2020,"Purpose, Vision, and Governance",Market/category leadership,market leadership,0
Nvidia,2021,"Purpose, Vision, and Governance",Market/category leadership,market leadership,0
Nvidia,2022,"Purpose, Vision, and Governance",Market/category leadership,market leadership,0
Nvidia,2023,"Purpose, Vision, and Governance",Market/category leadership,market leadership,0
Nvidia,2025,"Purpose, Vision, and Governance",Market/category leadership,market leadership,0
Shell,2014,"Purpose, Vision, and Governance",Market/category leadership,market leadership,0
Shell,2015,"Purpose, Vision, and Governance",Market/category leadership,market leadership,0
Shell,2016,"Purpose, Vision, and Governance",Market/category leadership,market leadership,0
Shell,2020,"Purpose, Vision, and Governance",Market/category leadership,market leadership,0
Shell,2022,"Purpose, Vision, and Governance",Market/category leadership,market leadership,0
Shell,2024,"Purpose, Vision, and Governance",Market/category leadership,market leadership,0
Shell,2025,"Purpose, Vision, and Governance",Market/category leadership,market leadership,0
Amazon,1997,"Purpose, Vision, and Governance",Market/category leadership,"scale [scales, scaled, scaling]",1
Amazon,2016,"Purpose, Vision, and Governance",Market/category leadership,"scale [scales, scaled, scaling]",0
Amazon,2020,"Purpose, Vision, and Governance",Market/category leadership,"scale [scales, scaled, scaling]",1
Amazon,2021,"Purpose, Vision, and Governance",Market/category leadership,"scale [scales, scaled, scaling]",5
Amazon,2022,"Purpose, Vision, and Governance",Market/category leadership,"scale [scales, scaled, scaling]",4
Amazon,2024,"Purpose, Vision, and Governance",Market/category leadership,"scale [scales, scaled, scaling]",1
Amazon,2025,"Purpose, Vision, and Governance",Market/category leadership,"scale [scales, scaled, scaling]",6
Chevron,2013,"Purpose, Vision, and Governance",Market/category leadership,"scale [scales, scaled, scaling]",0
Chevron,2018,"Purpose, Vision, and Governance",Market/category leadership,"scale [scales, scaled, scaling]",0
Chevron,2020,"Purpose, Vision, and Governance",Market/category leadership,"scale [scales, scaled, scaling]",1
Chevron,2021,"Purpose, Vision, and Governance",Market/category leadership,"scale [scales, scaled, scaling]",0
Chevron,2022,"Purpose, Vision, and Governance",Market/category leadership,"scale [scales, scaled, scaling]",2
Chevron,2023,"Purpose, Vision, and Governance",Market/category leadership,"scale [scales, scaled, scaling]",0
Chevron,2024,"Purpose, Vision, and Governance",Market/category leadership,"scale [scales, scaled, scaling]",0
Nvidia,2017,"Purpose, Vision, and Governance",Market/category leadership,"scale [scales, scaled, scaling]",0
Nvidia,2018,"Purpose, Vision, and Governance",Market/category leadership,"scale [scales, scaled, scaling]",2
Nvidia,2020,"Purpose, Vision, and Governance",Market/category leadership,"scale [scales, scaled, scaling]",3
Nvidia,2021,"Purpose, Vision, and Governance",Market/category leadership,"scale [scales, scaled, scaling]",1
Nvidia,2022,"Purpose, Vision, and Governance",Market/category leadership,"scale [scales, scaled, scaling]",3
Nvidia,2023,"Purpose, Vision, and Governance",Market/category leadership,"scale [scales, scaled, scaling]",3
Nvidia,2025,"Purpose, Vision, and Governance",Market/category leadership,"scale [scales, scaled, scaling]",23
Shell,2014,"Purpose, Vision, and Governance",Market/category leadership,"scale [scales, scaled, scaling]",0
Shell,2015,"Purpose, Vision, and Governance",Market/category leadership,"scale [scales, scaled, scaling]",0
Shell,2016,"Purpose, Vision, and Governance",Market/category leadership,"scale [scales, scaled, scaling]",1
Shell,2020,"Purpose, Vision, and Governance",Market/category leadership,"scale [scales, scaled, scaling]",0
Shell,2022,"Purpose, Vision, and Governance",Market/category leadership,"scale [scales, scaled, scaling]",0
Shell,2024,"Purpose, Vision, and Governance",Market/category leadership,"scale [scales, scaled, scaling]",1
Shell,2025,"Purpose, Vision, and Governance",Market/category leadership,"scale [scales, scaled, scaling]",0
Amazon,1997,"Purpose, Vision, and Governance",Market/category leadership,ecosystem [ecosystems],0
Amazon,2016,"Purpose, Vision, and Governance",Market/category leadership,ecosystem [ecosystems],0
Amazon,2020,"Purpose, Vision, and Governance",Market/category leadership,ecosystem [ecosystems],0
Amazon,2021,"Purpose, Vision, and Governance",Market/category leadership,ecosystem [ecosystems],0
Amazon,2022,"Purpose, Vision, and Governance",Market/category leadership,ecosystem [ecosystems],1
Amazon,2024,"Purpose, Vision, and Governance",Market/category leadership,ecosystem [ecosystems],0
Amazon,2025,"Purpose, Vision, and Governance",Market/category leadership,ecosystem [ecosystems],0
Chevron,2013,"Purpose, Vision, and Governance",Market/category leadership,ecosystem [ecosystems],0
Chevron,2018,"Purpose, Vision, and Governance",Market/category leadership,ecosystem [ecosystems],0
Chevron,2020,"Purpose, Vision, and Governance",Market/category leadership,ecosystem [ecosystems],0
Chevron,2021,"Purpose, Vision, and Governance",Market/category leadership,ecosystem [ecosystems],0
Chevron,2022,"Purpose, Vision, and Governance",Market/category leadership,ecosystem [ecosystems],0
Chevron,2023,"Purpose, Vision, and Governance",Market/category leadership,ecosystem [ecosystems],0
Chevron,2024,"Purpose, Vision, and Governance",Market/category leadership,ecosystem [ecosystems],0
Nvidia,2017,"Purpose, Vision, and Governance",Market/category leadership,ecosystem [ecosystems],0
Nvidia,2018,"Purpose, Vision, and Governance",Market/category leadership,ecosystem [ecosystems],0
Nvidia,2020,"Purpose, Vision, and Governance",Market/category leadership,ecosystem [ecosystems],0
Nvidia,2021,"Purpose, Vision, and Governance",Market/category leadership,ecosystem [ecosystems],3
Nvidia,2022,"Purpose, Vision, and Governance",Market/category leadership,ecosystem [ecosystems],2
Nvidia,2023,"Purpose, Vision, and Governance",Market/category leadership,ecosystem [ecosystems],2
Nvidia,2025,"Purpose, Vision, and Governance",Market/category leadership,ecosystem [ecosystems],4
Shell,2014,"Purpose, Vision, and Governance",Market/category leadership,ecosystem [ecosystems],0
Shell,2015,"Purpose, Vision, and Governance",Market/category leadership,ecosystem [ecosystems],0
Shell,2016,"Purpose, Vision, and Governance",Market/category leadership,ecosystem [ecosystems],0
Shell,2020,"Purpose, Vision, and Governance",Market/category leadership,ecosystem [ecosystems],0
Shell,2022,"Purpose, Vision, and Governance",Market/category leadership,ecosystem [ecosystems],0
Shell,2024,"Purpose, Vision, and Governance",Market/category leadership,ecosystem [ecosystems],0
Shell,2025,"Purpose, Vision, and Governance",Market/category leadership,ecosystem [ecosystems],0
Amazon,1997,"Purpose, Vision, and Governance",Mission/purpose/identity,mission [missions],0
Amazon,2016,"Purpose, Vision, and Governance",Mission/purpose/identity,mission [missions],0
Amazon,2020,"Purpose, Vision, and Governance",Mission/purpose/identity,mission [missions],0
Amazon,2021,"Purpose, Vision, and Governance",Mission/purpose/identity,mission [missions],1
Amazon,2022,"Purpose, Vision, and Governance",Mission/purpose/identity,mission [missions],1
Amazon,2024,"Purpose, Vision, and Governance",Mission/purpose/identity,mission [missions],5
Amazon,2025,"Purpose, Vision, and Governance",Mission/purpose/identity,mission [missions],1
Chevron,2013,"Purpose, Vision, and Governance",Mission/purpose/identity,mission [missions],0
Chevron,2018,"Purpose, Vision, and Governance",Mission/purpose/identity,mission [missions],0
Chevron,2020,"Purpose, Vision, and Governance",Mission/purpose/identity,mission [missions],0
Chevron,2021,"Purpose, Vision, and Governance",Mission/purpose/identity,mission [missions],0
Chevron,2022,"Purpose, Vision, and Governance",Mission/purpose/identity,mission [missions],0
Chevron,2023,"Purpose, Vision, and Governance",Mission/purpose/identity,mission [missions],0
Chevron,2024,"Purpose, Vision, and Governance",Mission/purpose/identity,mission [missions],0
Nvidia,2017,"Purpose, Vision, and Governance",Mission/purpose/identity,mission [missions],0
Nvidia,2018,"Purpose, Vision, and Governance",Mission/purpose/identity,mission [missions],0
Nvidia,2020,"Purpose, Vision, and Governance",Mission/purpose/identity,mission [missions],1
Nvidia,2021,"Purpose, Vision, and Governance",Mission/purpose/identity,mission [missions],0
Nvidia,2022,"Purpose, Vision, and Governance",Mission/purpose/identity,mission [missions],0
Nvidia,2023,"Purpose, Vision, and Governance",Mission/purpose/identity,mission [missions],0
Nvidia,2025,"Purpose, Vision, and Governance",Mission/purpose/identity,mission [missions],0
Shell,2014,"Purpose, Vision, and Governance",Mission/purpose/identity,mission [missions],0
Shell,2015,"Purpose, Vision, and Governance",Mission/purpose/identity,mission [missions],0
Shell,2016,"Purpose, Vision, and Governance",Mission/purpose/identity,mission [missions],0
Shell,2020,"Purpose, Vision, and Governance",Mission/purpose/identity,mission [missions],0
Shell,2022,"Purpose, Vision, and Governance",Mission/purpose/identity,mission [missions],0
Shell,2024,"Purpose, Vision, and Governance",Mission/purpose/identity,mission [missions],0
Shell,2025,"Purpose, Vision, and Governance",Mission/purpose/identity,mission [missions],0
Amazon,1997,"Purpose, Vision, and Governance",Mission/purpose/identity,"purpose [purposes, purposeful]",0
Amazon,2016,"Purpose, Vision, and Governance",Mission/purpose/identity,"purpose [purposes, purposeful]",0
Amazon,2020,"Purpose, Vision, and Governance",Mission/purpose/identity,"purpose [purposes, purposeful]",1
Amazon,2021,"Purpose, Vision, and Governance",Mission/purpose/identity,"purpose [purposes, purposeful]",0
Amazon,2022,"Purpose, Vision, and Governance",Mission/purpose/identity,"purpose [purposes, purposeful]",0
Amazon,2024,"Purpose, Vision, and Governance",Mission/purpose/identity,"purpose [purposes, purposeful]",0
Amazon,2025,"Purpose, Vision, and Governance",Mission/purpose/identity,"purpose [purposes, purposeful]",0
Chevron,2013,"Purpose, Vision, and Governance",Mission/purpose/identity,"purpose [purposes, purposeful]",0
Chevron,2018,"Purpose, Vision, and Governance",Mission/purpose/identity,"purpose [purposes, purposeful]",1
Chevron,2020,"Purpose, Vision, and Governance",Mission/purpose/identity,"purpose [purposes, purposeful]",0
Chevron,2021,"Purpose, Vision, and Governance",Mission/purpose/identity,"purpose [purposes, purposeful]",0
Chevron,2022,"Purpose, Vision, and Governance",Mission/purpose/identity,"purpose [purposes, purposeful]",0
Chevron,2023,"Purpose, Vision, and Governance",Mission/purpose/identity,"purpose [purposes, purposeful]",3
Chevron,2024,"Purpose, Vision, and Governance",Mission/purpose/identity,"purpose [purposes, purposeful]",0
Nvidia,2017,"Purpose, Vision, and Governance",Mission/purpose/identity,"purpose [purposes, purposeful]",0
Nvidia,2018,"Purpose, Vision, and Governance",Mission/purpose/identity,"purpose [purposes, purposeful]",1
Nvidia,2020,"Purpose, Vision, and Governance",Mission/purpose/identity,"purpose [purposes, purposeful]",1
Nvidia,2021,"Purpose, Vision, and Governance",Mission/purpose/identity,"purpose [purposes, purposeful]",1
Nvidia,2022,"Purpose, Vision, and Governance",Mission/purpose/identity,"purpose [purposes, purposeful]",0
Nvidia,2023,"Purpose, Vision, and Governance",Mission/purpose/identity,"purpose [purposes, purposeful]",0
Nvidia,2025,"Purpose, Vision, and Governance",Mission/purpose/identity,"purpose [purposes, purposeful]",2
Shell,2014,"Purpose, Vision, and Governance",Mission/purpose/identity,"purpose [purposes, purposeful]",0
Shell,2015,"Purpose, Vision, and Governance",Mission/purpose/identity,"purpose [purposes, purposeful]",0
Shell,2016,"Purpose, Vision, and Governance",Mission/purpose/identity,"purpose [purposes, purposeful]",0
Shell,2020,"Purpose, Vision, and Governance",Mission/purpose/identity,"purpose [purposes, purposeful]",0
Shell,2022,"Purpose, Vision, and Governance",Mission/purpose/identity,"purpose [purposes, purposeful]",0
Shell,2024,"Purpose, Vision, and Governance",Mission/purpose/identity,"purpose [purposes, purposeful]",0
Shell,2025,"Purpose, Vision, and Governance",Mission/purpose/identity,"purpose [purposes, purposeful]",0
Amazon,1997,"Purpose, Vision, and Governance",Mission/purpose/identity,values,0
Amazon,2016,"Purpose, Vision, and Governance",Mission/purpose/identity,values,0
Amazon,2020,"Purpose, Vision, and Governance",Mission/purpose/identity,values,0
Amazon,2021,"Purpose, Vision, and Governance",Mission/purpose/identity,values,0
Amazon,2022,"Purpose, Vision, and Governance",Mission/purpose/identity,values,0
Amazon,2024,"Purpose, Vision, and Governance",Mission/purpose/identity,values,0
Amazon,2025,"Purpose, Vision, and Governance",Mission/purpose/identity,values,0
Chevron,2013,"Purpose, Vision, and Governance",Mission/purpose/identity,values,0
Chevron,2018,"Purpose, Vision, and Governance",Mission/purpose/identity,values,1
Chevron,2020,"Purpose, Vision, and Governance",Mission/purpose/identity,values,1
Chevron,2021,"Purpose, Vision, and Governance",Mission/purpose/identity,values,0
Chevron,2022,"Purpose, Vision, and Governance",Mission/purpose/identity,values,0
Chevron,2023,"Purpose, Vision, and Governance",Mission/purpose/identity,values,1
Chevron,2024,"Purpose, Vision, and Governance",Mission/purpose/identity,values,0
Nvidia,2017,"Purpose, Vision, and Governance",Mission/purpose/identity,values,0
Nvidia,2018,"Purpose, Vision, and Governance",Mission/purpose/identity,values,1
Nvidia,2020,"Purpose, Vision, and Governance",Mission/purpose/identity,values,0
Nvidia,2021,"Purpose, Vision, and Governance",Mission/purpose/identity,values,1
Nvidia,2022,"Purpose, Vision, and Governance",Mission/purpose/identity,values,0
Nvidia,2023,"Purpose, Vision, and Governance",Mission/purpose/identity,values,1
Nvidia,2025,"Purpose, Vision, and Governance",Mission/purpose/identity,values,0
Shell,2014,"Purpose, Vision, and Governance",Mission/purpose/identity,values,0
Shell,2015,"Purpose, Vision, and Governance",Mission/purpose/identity,values,0
Shell,2016,"Purpose, Vision, and Governance",Mission/purpose/identity,values,0
Shell,2020,"Purpose, Vision, and Governance",Mission/purpose/identity,values,1
Shell,2022,"Purpose, Vision, and Governance",Mission/purpose/identity,values,2
Shell,2024,"Purpose, Vision, and Governance",Mission/purpose/identity,values,0
Shell,2025,"Purpose, Vision, and Governance",Mission/purpose/identity,values,0
Amazon,1997,"Purpose, Vision, and Governance",Mission/purpose/identity,human progress,0
Amazon,2016,"Purpose, Vision, and Governance",Mission/purpose/identity,human progress,0
Amazon,2020,"Purpose, Vision, and Governance",Mission/purpose/identity,human progress,0
Amazon,2021,"Purpose, Vision, and Governance",Mission/purpose/identity,human progress,0
Amazon,2022,"Purpose, Vision, and Governance",Mission/purpose/identity,human progress,0
Amazon,2024,"Purpose, Vision, and Governance",Mission/purpose/identity,human progress,0
Amazon,2025,"Purpose, Vision, and Governance",Mission/purpose/identity,human progress,0
Chevron,2013,"Purpose, Vision, and Governance",Mission/purpose/identity,human progress,0
Chevron,2018,"Purpose, Vision, and Governance",Mission/purpose/identity,human progress,2
Chevron,2020,"Purpose, Vision, and Governance",Mission/purpose/identity,human progress,1
Chevron,2021,"Purpose, Vision, and Governance",Mission/purpose/identity,human progress,0
Chevron,2022,"Purpose, Vision, and Governance",Mission/purpose/identity,human progress,0
Chevron,2023,"Purpose, Vision, and Governance",Mission/purpose/identity,human progress,2
Chevron,2024,"Purpose, Vision, and Governance",Mission/purpose/identity,human progress,1
Nvidia,2017,"Purpose, Vision, and Governance",Mission/purpose/identity,human progress,0
Nvidia,2018,"Purpose, Vision, and Governance",Mission/purpose/identity,human progress,1
Nvidia,2020,"Purpose, Vision, and Governance",Mission/purpose/identity,human progress,0
Nvidia,2021,"Purpose, Vision, and Governance",Mission/purpose/identity,human progress,0
Nvidia,2022,"Purpose, Vision, and Governance",Mission/purpose/identity,human progress,0
Nvidia,2023,"Purpose, Vision, and Governance",Mission/purpose/identity,human progress,0
Nvidia,2025,"Purpose, Vision, and Governance",Mission/purpose/identity,human progress,1
Shell,2014,"Purpose, Vision, and Governance",Mission/purpose/identity,human progress,0
Shell,2015,"Purpose, Vision, and Governance",Mission/purpose/identity,human progress,0
Shell,2016,"Purpose, Vision, and Governance",Mission/purpose/identity,human progress,0
Shell,2020,"Purpose, Vision, and Governance",Mission/purpose/identity,human progress,0
Shell,2022,"Purpose, Vision, and Governance",Mission/purpose/identity,human progress,0
Shell,2024,"Purpose, Vision, and Governance",Mission/purpose/identity,human progress,0
Shell,2025,"Purpose, Vision, and Governance",Mission/purpose/identity,human progress,0
Amazon,1997,"Purpose, Vision, and Governance",Mission/purpose/identity,day one,0
Amazon,2016,"Purpose, Vision, and Governance",Mission/purpose/identity,day one,0
Amazon,2020,"Purpose, Vision, and Governance",Mission/purpose/identity,day one,0
Amazon,2021,"Purpose, Vision, and Governance",Mission/purpose/identity,day one,0
Amazon,2022,"Purpose, Vision, and Governance",Mission/purpose/identity,day one,0
Amazon,2024,"Purpose, Vision, and Governance",Mission/purpose/identity,day one,1
Amazon,2025,"Purpose, Vision, and Governance",Mission/purpose/identity,day one,0
Chevron,2013,"Purpose, Vision, and Governance",Mission/purpose/identity,day one,0
Chevron,2018,"Purpose, Vision, and Governance",Mission/purpose/identity,day one,0
Chevron,2020,"Purpose, Vision, and Governance",Mission/purpose/identity,day one,0
Chevron,2021,"Purpose, Vision, and Governance",Mission/purpose/identity,day one,0
Chevron,2022,"Purpose, Vision, and Governance",Mission/purpose/identity,day one,0
Chevron,2023,"Purpose, Vision, and Governance",Mission/purpose/identity,day one,0
Chevron,2024,"Purpose, Vision, and Governance",Mission/purpose/identity,day one,0
Nvidia,2017,"Purpose, Vision, and Governance",Mission/purpose/identity,day one,0
Nvidia,2018,"Purpose, Vision, and Governance",Mission/purpose/identity,day one,0
Nvidia,2020,"Purpose, Vision, and Governance",Mission/purpose/identity,day one,0
Nvidia,2021,"Purpose, Vision, and Governance",Mission/purpose/identity,day one,0
Nvidia,2022,"Purpose, Vision, and Governance",Mission/purpose/identity,day one,0
Nvidia,2023,"Purpose, Vision, and Governance",Mission/purpose/identity,day one,0
Nvidia,2025,"Purpose, Vision, and Governance",Mission/purpose/identity,day one,0
Shell,2014,"Purpose, Vision, and Governance",Mission/purpose/identity,day one,0
Shell,2015,"Purpose, Vision, and Governance",Mission/purpose/identity,day one,0
Shell,2016,"Purpose, Vision, and Governance",Mission/purpose/identity,day one,0
Shell,2020,"Purpose, Vision, and Governance",Mission/purpose/identity,day one,0
Shell,2022,"Purpose, Vision, and Governance",Mission/purpose/identity,day one,0
Shell,2024,"Purpose, Vision, and Governance",Mission/purpose/identity,day one,0
Shell,2025,"Purpose, Vision, and Governance",Mission/purpose/identity,day one,0
Amazon,1997,"Purpose, Vision, and Governance",Mission/purpose/identity,day 1,1
Amazon,2016,"Purpose, Vision, and Governance",Mission/purpose/identity,day 1,9
Amazon,2020,"Purpose, Vision, and Governance",Mission/purpose/identity,day 1,2
Amazon,2021,"Purpose, Vision, and Governance",Mission/purpose/identity,day 1,1
Amazon,2022,"Purpose, Vision, and Governance",Mission/purpose/identity,day 1,0
Amazon,2024,"Purpose, Vision, and Governance",Mission/purpose/identity,day 1,0
Amazon,2025,"Purpose, Vision, and Governance",Mission/purpose/identity,day 1,0
Chevron,2013,"Purpose, Vision, and Governance",Mission/purpose/identity,day 1,0
Chevron,2018,"Purpose, Vision, and Governance",Mission/purpose/identity,day 1,0
Chevron,2020,"Purpose, Vision, and Governance",Mission/purpose/identity,day 1,0
Chevron,2021,"Purpose, Vision, and Governance",Mission/purpose/identity,day 1,0
Chevron,2022,"Purpose, Vision, and Governance",Mission/purpose/identity,day 1,0
Chevron,2023,"Purpose, Vision, and Governance",Mission/purpose/identity,day 1,0
Chevron,2024,"Purpose, Vision, and Governance",Mission/purpose/identity,day 1,0
Nvidia,2017,"Purpose, Vision, and Governance",Mission/purpose/identity,day 1,0
Nvidia,2018,"Purpose, Vision, and Governance",Mission/purpose/identity,day 1,0
Nvidia,2020,"Purpose, Vision, and Governance",Mission/purpose/identity,day 1,0
Nvidia,2021,"Purpose, Vision, and Governance",Mission/purpose/identity,day 1,0
Nvidia,2022,"Purpose, Vision, and Governance",Mission/purpose/identity,day 1,0
Nvidia,2023,"Purpose, Vision, and Governance",Mission/purpose/identity,day 1,0
Nvidia,2025,"Purpose, Vision, and Governance",Mission/purpose/identity,day 1,0
Shell,2014,"Purpose, Vision, and Governance",Mission/purpose/identity,day 1,0
Shell,2015,"Purpose, Vision, and Governance",Mission/purpose/identity,day 1,0
Shell,2016,"Purpose, Vision, and Governance",Mission/purpose/identity,day 1,0
Shell,2020,"Purpose, Vision, and Governance",Mission/purpose/identity,day 1,0
Shell,2022,"Purpose, Vision, and Governance",Mission/purpose/identity,day 1,0
Shell,2024,"Purpose, Vision, and Governance",Mission/purpose/identity,day 1,0
Shell,2025,"Purpose, Vision, and Governance",Mission/purpose/identity,day 1,0
Amazon,1997,"Purpose, Vision, and Governance",Governance/responsibility,"govern [governance, governing, governed] !government, governments",0
Amazon,2016,"Purpose, Vision, and Governance",Governance/responsibility,"govern [governance, governing, governed] !government, governments",0
Amazon,2020,"Purpose, Vision, and Governance",Governance/responsibility,"govern [governance, governing, governed] !government, governments",0
Amazon,2021,"Purpose, Vision, and Governance",Governance/responsibility,"govern [governance, governing, governed] !government, governments",0
Amazon,2022,"Purpose, Vision, and Governance",Governance/responsibility,"govern [governance, governing, governed] !government, governments",0
Amazon,2024,"Purpose, Vision, and Governance",Governance/responsibility,"govern [governance, governing, governed] !government, governments",0
Amazon,2025,"Purpose, Vision, and Governance",Governance/responsibility,"govern [governance, governing, governed] !government, governments",0
Chevron,2013,"Purpose, Vision, and Governance",Governance/responsibility,"govern [governance, governing, governed] !government, governments",0
Chevron,2018,"Purpose, Vision, and Governance",Governance/responsibility,"govern [governance, governing, governed] !government, governments",1
Chevron,2020,"Purpose, Vision, and Governance",Governance/responsibility,"govern [governance, governing, governed] !government, governments",0
Chevron,2021,"Purpose, Vision, and Governance",Governance/responsibility,"govern [governance, governing, governed] !government, governments",0
Chevron,2022,"Purpose, Vision, and Governance",Governance/responsibility,"govern [governance, governing, governed] !government, governments",0
Chevron,2023,"Purpose, Vision, and Governance",Governance/responsibility,"govern [governance, governing, governed] !government, governments",0
Chevron,2024,"Purpose, Vision, and Governance",Governance/responsibility,"govern [governance, governing, governed] !government, governments",0
Nvidia,2017,"Purpose, Vision, and Governance",Governance/responsibility,"govern [governance, governing, governed] !government, governments",0
Nvidia,2018,"Purpose, Vision, and Governance",Governance/responsibility,"govern [governance, governing, governed] !government, governments",0
Nvidia,2020,"Purpose, Vision, and Governance",Governance/responsibility,"govern [governance, governing, governed] !government, governments",0
Nvidia,2021,"Purpose, Vision, and Governance",Governance/responsibility,"govern [governance, governing, governed] !government, governments",0
Nvidia,2022,"Purpose, Vision, and Governance",Governance/responsibility,"govern [governance, governing, governed] !government, governments",0
Nvidia,2023,"Purpose, Vision, and Governance",Governance/responsibility,"govern [governance, governing, governed] !government, governments",0
Nvidia,2025,"Purpose, Vision, and Governance",Governance/responsibility,"govern [governance, governing, governed] !government, governments",1
Shell,2014,"Purpose, Vision, and Governance",Governance/responsibility,"govern [governance, governing, governed] !government, governments",0
Shell,2015,"Purpose, Vision, and Governance",Governance/responsibility,"govern [governance, governing, governed] !government, governments",0
Shell,2016,"Purpose, Vision, and Governance",Governance/responsibility,"govern [governance, governing, governed] !government, governments",0
Shell,2020,"Purpose, Vision, and Governance",Governance/responsibility,"govern [governance, governing, governed] !government, governments",0
Shell,2022,"Purpose, Vision, and Governance",Governance/responsibility,"govern [governance, governing, governed] !government, governments",0
Shell,2024,"Purpose, Vision, and Governance",Governance/responsibility,"govern [governance, governing, governed] !government, governments",0
Shell,2025,"Purpose, Vision, and Governance",Governance/responsibility,"govern [governance, governing, governed] !government, governments",1
Amazon,1997,"Purpose, Vision, and Governance",Governance/responsibility,board [boards],0
Amazon,2016,"Purpose, Vision, and Governance",Governance/responsibility,board [boards],0
Amazon,2020,"Purpose, Vision, and Governance",Governance/responsibility,board [boards],0
Amazon,2021,"Purpose, Vision, and Governance",Governance/responsibility,board [boards],0
Amazon,2022,"Purpose, Vision, and Governance",Governance/responsibility,board [boards],0
Amazon,2024,"Purpose, Vision, and Governance",Governance/responsibility,board [boards],0
Amazon,2025,"Purpose, Vision, and Governance",Governance/responsibility,board [boards],1
Chevron,2013,"Purpose, Vision, and Governance",Governance/responsibility,board [boards],1
Chevron,2018,"Purpose, Vision, and Governance",Governance/responsibility,board [boards],2
Chevron,2020,"Purpose, Vision, and Governance",Governance/responsibility,board [boards],1
Chevron,2021,"Purpose, Vision, and Governance",Governance/responsibility,board [boards],1
Chevron,2022,"Purpose, Vision, and Governance",Governance/responsibility,board [boards],1
Chevron,2023,"Purpose, Vision, and Governance",Governance/responsibility,board [boards],1
Chevron,2024,"Purpose, Vision, and Governance",Governance/responsibility,board [boards],1
Nvidia,2017,"Purpose, Vision, and Governance",Governance/responsibility,board [boards],0
Nvidia,2018,"Purpose, Vision, and Governance",Governance/responsibility,board [boards],0
Nvidia,2020,"Purpose, Vision, and Governance",Governance/responsibility,board [boards],1
Nvidia,2021,"Purpose, Vision, and Governance",Governance/responsibility,board [boards],0
Nvidia,2022,"Purpose, Vision, and Governance",Governance/responsibility,board [boards],0
Nvidia,2023,"Purpose, Vision, and Governance",Governance/responsibility,board [boards],0
Nvidia,2025,"Purpose, Vision, and Governance",Governance/responsibility,board [boards],0
Shell,2014,"Purpose, Vision, and Governance",Governance/responsibility,board [boards],0
Shell,2015,"Purpose, Vision, and Governance",Governance/responsibility,board [boards],0
Shell,2016,"Purpose, Vision, and Governance",Governance/responsibility,board [boards],0
Shell,2020,"Purpose, Vision, and Governance",Governance/responsibility,board [boards],1
Shell,2022,"Purpose, Vision, and Governance",Governance/responsibility,board [boards],1
Shell,2024,"Purpose, Vision, and Governance",Governance/responsibility,board [boards],0
Shell,2025,"Purpose, Vision, and Governance",Governance/responsibility,board [boards],0
Amazon,1997,"Purpose, Vision, and Governance",Governance/responsibility,"responsible [responsibility, responsibly, responsibilities]",0
Amazon,2016,"Purpose, Vision, and Governance",Governance/responsibility,"responsible [responsibility, responsibly, responsibilities]",0
Amazon,2020,"Purpose, Vision, and Governance",Governance/responsibility,"responsible [responsibility, responsibly, responsibilities]",2
Amazon,2021,"Purpose, Vision, and Governance",Governance/responsibility,"responsible [responsibility, responsibly, responsibilities]",1
Amazon,2022,"Purpose, Vision, and Governance",Governance/responsibility,"responsible [responsibility, responsibly, responsibilities]",0
Amazon,2024,"Purpose, Vision, and Governance",Governance/responsibility,"responsible [responsibility, responsibly, responsibilities]",1
Amazon,2025,"Purpose, Vision, and Governance",Governance/responsibility,"responsible [responsibility, responsibly, responsibilities]",2
Chevron,2013,"Purpose, Vision, and Governance",Governance/responsibility,"responsible [responsibility, responsibly, responsibilities]",2
Chevron,2018,"Purpose, Vision, and Governance",Governance/responsibility,"responsible [responsibility, responsibly, responsibilities]",2
Chevron,2020,"Purpose, Vision, and Governance",Governance/responsibility,"responsible [responsibility, responsibly, responsibilities]",1
Chevron,2021,"Purpose, Vision, and Governance",Governance/responsibility,"responsible [responsibility, responsibly, responsibilities]",0
Chevron,2022,"Purpose, Vision, and Governance",Governance/responsibility,"responsible [responsibility, responsibly, responsibilities]",0
Chevron,2023,"Purpose, Vision, and Governance",Governance/responsibility,"responsible [responsibility, responsibly, responsibilities]",0
Chevron,2024,"Purpose, Vision, and Governance",Governance/responsibility,"responsible [responsibility, responsibly, responsibilities]",0
Nvidia,2017,"Purpose, Vision, and Governance",Governance/responsibility,"responsible [responsibility, responsibly, responsibilities]",1
Nvidia,2018,"Purpose, Vision, and Governance",Governance/responsibility,"responsible [responsibility, responsibly, responsibilities]",5
Nvidia,2020,"Purpose, Vision, and Governance",Governance/responsibility,"responsible [responsibility, responsibly, responsibilities]",2
Nvidia,2021,"Purpose, Vision, and Governance",Governance/responsibility,"responsible [responsibility, responsibly, responsibilities]",0
Nvidia,2022,"Purpose, Vision, and Governance",Governance/responsibility,"responsible [responsibility, responsibly, responsibilities]",0
Nvidia,2023,"Purpose, Vision, and Governance",Governance/responsibility,"responsible [responsibility, responsibly, responsibilities]",1
Nvidia,2025,"Purpose, Vision, and Governance",Governance/responsibility,"responsible [responsibility, responsibly, responsibilities]",2
Shell,2014,"Purpose, Vision, and Governance",Governance/responsibility,"responsible [responsibility, responsibly, responsibilities]",1
Shell,2015,"Purpose, Vision, and Governance",Governance/responsibility,"responsible [responsibility, responsibly, responsibilities]",0
Shell,2016,"Purpose, Vision, and Governance",Governance/responsibility,"responsible [responsibility, responsibly, responsibilities]",0
Shell,2020,"Purpose, Vision, and Governance",Governance/responsibility,"responsible [responsibility, responsibly, responsibilities]",1
Shell,2022,"Purpose, Vision, and Governance",Governance/responsibility,"responsible [responsibility, responsibly, responsibilities]",0
Shell,2024,"Purpose, Vision, and Governance",Governance/responsibility,"responsible [responsibility, responsibly, responsibilities]",1
Shell,2025,"Purpose, Vision, and Governance",Governance/responsibility,"responsible [responsibility, responsibly, responsibilities]",0
Amazon,1997,"Purpose, Vision, and Governance",Governance/responsibility,lower carbon,0
Amazon,2016,"Purpose, Vision, and Governance",Governance/responsibility,lower carbon,0
Amazon,2020,"Purpose, Vision, and Governance",Governance/responsibility,lower carbon,0
Amazon,2021,"Purpose, Vision, and Governance",Governance/responsibility,lower carbon,0
Amazon,2022,"Purpose, Vision, and Governance",Governance/responsibility,lower carbon,0
Amazon,2024,"Purpose, Vision, and Governance",Governance/responsibility,lower carbon,0
Amazon,2025,"Purpose, Vision, and Governance",Governance/responsibility,lower carbon,0
Chevron,2013,"Purpose, Vision, and Governance",Governance/responsibility,lower carbon,0
Chevron,2018,"Purpose, Vision, and Governance",Governance/responsibility,lower carbon,0
Chevron,2020,"Purpose, Vision, and Governance",Governance/responsibility,lower carbon,4
Chevron,2021,"Purpose, Vision, and Governance",Governance/responsibility,lower carbon,9
Chevron,2022,"Purpose, Vision, and Governance",Governance/responsibility,lower carbon,9
Chevron,2023,"Purpose, Vision, and Governance",Governance/responsibility,lower carbon,7
Chevron,2024,"Purpose, Vision, and Governance",Governance/responsibility,lower carbon,4
Nvidia,2017,"Purpose, Vision, and Governance",Governance/responsibility,lower carbon,0
Nvidia,2018,"Purpose, Vision, and Governance",Governance/responsibility,lower carbon,0
Nvidia,2020,"Purpose, Vision, and Governance",Governance/responsibility,lower carbon,0
Nvidia,2021,"Purpose, Vision, and Governance",Governance/responsibility,lower carbon,0
Nvidia,2022,"Purpose, Vision, and Governance",Governance/responsibility,lower carbon,0
Nvidia,2023,"Purpose, Vision, and Governance",Governance/responsibility,lower carbon,0
Nvidia,2025,"Purpose, Vision, and Governance",Governance/responsibility,lower carbon,0
Shell,2014,"Purpose, Vision, and Governance",Governance/responsibility,lower carbon,0
Shell,2015,"Purpose, Vision, and Governance",Governance/responsibility,lower carbon,1
Shell,2016,"Purpose, Vision, and Governance",Governance/responsibility,lower carbon,1
Shell,2020,"Purpose, Vision, and Governance",Governance/responsibility,lower carbon,0
Shell,2022,"Purpose, Vision, and Governance",Governance/responsibility,lower carbon,0
Shell,2024,"Purpose, Vision, and Governance",Governance/responsibility,lower carbon,2
Shell,2025,"Purpose, Vision, and Governance",Governance/responsibility,lower carbon,2
Amazon,1997,"Strategic Options, Experimentation, and Choices",Internal invention/R&D,"invent [invention, inventions, inventing, invented, inventive] !inventory, inventories",0
Amazon,2016,"Strategic Options, Experimentation, and Choices",Internal invention/R&D,"invent [invention, inventions, inventing, invented, inventive] !inventory, inventories",2
Amazon,2020,"Strategic Options, Experimentation, and Choices",Internal invention/R&D,"invent [invention, inventions, inventing, invented, inventive] !inventory, inventories",5
Amazon,2021,"Strategic Options, Experimentation, and Choices",Internal invention/R&D,"invent [invention, inventions, inventing, invented, inventive] !inventory, inventories",22
Amazon,2022,"Strategic Options, Experimentation, and Choices",Internal invention/R&D,"invent [invention, inventions, inventing, invented, inventive] !inventory, inventories",14
Amazon,2024,"Strategic Options, Experimentation, and Choices",Internal invention/R&D,"invent [invention, inventions, inventing, invented, inventive] !inventory, inventories",18
Amazon,2025,"Strategic Options, Experimentation, and Choices",Internal invention/R&D,"invent [invention, inventions, inventing, invented, inventive] !inventory, inventories",13
Chevron,2013,"Strategic Options, Experimentation, and Choices",Internal invention/R&D,"invent [invention, inventions, inventing, invented, inventive] !inventory, inventories",0
Chevron,2018,"Strategic Options, Experimentation, and Choices",Internal invention/R&D,"invent [invention, inventions, inventing, invented, inventive] !inventory, inventories",0
Chevron,2020,"Strategic Options, Experimentation, and Choices",Internal invention/R&D,"invent [invention, inventions, inventing, invented, inventive] !inventory, inventories",0
Chevron,2021,"Strategic Options, Experimentation, and Choices",Internal invention/R&D,"invent [invention, inventions, inventing, invented, inventive] !inventory, inventories",0
Chevron,2022,"Strategic Options, Experimentation, and Choices",Internal invention/R&D,"invent [invention, inventions, inventing, invented, inventive] !inventory, inventories",0
Chevron,2023,"Strategic Options, Experimentation, and Choices",Internal invention/R&D,"invent [invention, inventions, inventing, invented, inventive] !inventory, inventories",0
Chevron,2024,"Strategic Options, Experimentation, and Choices",Internal invention/R&D,"invent [invention, inventions, inventing, invented, inventive] !inventory, inventories",0
Nvidia,2017,"Strategic Options, Experimentation, and Choices",Internal invention/R&D,"invent [invention, inventions, inventing, invented, inventive] !inventory, inventories",0
Nvidia,2018,"Strategic Options, Experimentation, and Choices",Internal invention/R&D,"invent [invention, inventions, inventing, invented, inventive] !inventory, inventories",0
Nvidia,2020,"Strategic Options, Experimentation, and Choices",Internal invention/R&D,"invent [invention, inventions, inventing, invented, inventive] !inventory, inventories",5
Nvidia,2021,"Strategic Options, Experimentation, and Choices",Internal invention/R&D,"invent [invention, inventions, inventing, invented, inventive] !inventory, inventories",8
Nvidia,2022,"Strategic Options, Experimentation, and Choices",Internal invention/R&D,"invent [invention, inventions, inventing, invented, inventive] !inventory, inventories",2
Nvidia,2023,"Strategic Options, Experimentation, and Choices",Internal invention/R&D,"invent [invention, inventions, inventing, invented, inventive] !inventory, inventories",3
Nvidia,2025,"Strategic Options, Experimentation, and Choices",Internal invention/R&D,"invent [invention, inventions, inventing, invented, inventive] !inventory, inventories",0
Shell,2014,"Strategic Options, Experimentation, and Choices",Internal invention/R&D,"invent [invention, inventions, inventing, invented, inventive] !inventory, inventories",0
Shell,2015,"Strategic Options, Experimentation, and Choices",Internal invention/R&D,"invent [invention, inventions, inventing, invented, inventive] !inventory, inventories",0
Shell,2016,"Strategic Options, Experimentation, and Choices",Internal invention/R&D,"invent [invention, inventions, inventing, invented, inventive] !inventory, inventories",0
Shell,2020,"Strategic Options, Experimentation, and Choices",Internal invention/R&D,"invent [invention, inventions, inventing, invented, inventive] !inventory, inventories",0
Shell,2022,"Strategic Options, Experimentation, and Choices",Internal invention/R&D,"invent [invention, inventions, inventing, invented, inventive] !inventory, inventories",0
Shell,2024,"Strategic Options, Experimentation, and Choices",Internal invention/R&D,"invent [invention, inventions, inventing, invented, inventive] !inventory, inventories",0
Shell,2025,"Strategic Options, Experimentation, and Choices",Internal invention/R&D,"invent [invention, inventions, inventing, invented, inventive] !inventory, inventories",0
Amazon,1997,"Strategic Options, Experimentation, and Choices",Internal invention/R&D,"research [researcher, researchers, researching, researched]",0
Amazon,2016,"Strategic Options, Experimentation, and Choices",Internal invention/R&D,"research [researcher, researchers, researching, researched]",2
Amazon,2020,"Strategic Options, Experimentation, and Choices",Internal invention/R&D,"research [researcher, researchers, researching, researched]",1
Amazon,2021,"Strategic Options, Experimentation, and Choices",Internal invention/R&D,"research [researcher, researchers, researching, researched]",1
Amazon,2022,"Strategic Options, Experimentation, and Choices",Internal invention/R&D,"research [researcher, researchers, researching, researched]",0
Amazon,2024,"Strategic Options, Experimentation, and Choices",Internal invention/R&D,"research [researcher, researchers, researching, researched]",2
Amazon,2025,"Strategic Options, Experimentation, and Choices",Internal invention/R&D,"research [researcher, researchers, researching, researched]",0
Chevron,2013,"Strategic Options, Experimentation, and Choices",Internal invention/R&D,"research [researcher, researchers, researching, researched]",0
Chevron,2018,"Strategic Options, Experimentation, and Choices",Internal invention/R&D,"research [researcher, researchers, researching, researched]",0
Chevron,2020,"Strategic Options, Experimentation, and Choices",Internal invention/R&D,"research [researcher, researchers, researching, researched]",0
Chevron,2021,"Strategic Options, Experimentation, and Choices",Internal invention/R&D,"research [researcher, researchers, researching, researched]",0
Chevron,2022,"Strategic Options, Experimentation, and Choices",Internal invention/R&D,"research [researcher, researchers, researching, researched]",1
Chevron,2023,"Strategic Options, Experimentation, and Choices",Internal invention/R&D,"research [researcher, researchers, researching, researched]",0
Chevron,2024,"Strategic Options, Experimentation, and Choices",Internal invention/R&D,"research [researcher, researchers, researching, researched]",0
Nvidia,2017,"Strategic Options, Experimentation, and Choices",Internal invention/R&D,"research [researcher, researchers, researching, researched]",3
Nvidia,2018,"Strategic Options, Experimentation, and Choices",Internal invention/R&D,"research [researcher, researchers, researching, researched]",1
Nvidia,2020,"Strategic Options, Experimentation, and Choices",Internal invention/R&D,"research [researcher, researchers, researching, researched]",8
Nvidia,2021,"Strategic Options, Experimentation, and Choices",Internal invention/R&D,"research [researcher, researchers, researching, researched]",8
Nvidia,2022,"Strategic Options, Experimentation, and Choices",Internal invention/R&D,"research [researcher, researchers, researching, researched]",4
Nvidia,2023,"Strategic Options, Experimentation, and Choices",Internal invention/R&D,"research [researcher, researchers, researching, researched]",5
Nvidia,2025,"Strategic Options, Experimentation, and Choices",Internal invention/R&D,"research [researcher, researchers, researching, researched]",3
Shell,2014,"Strategic Options, Experimentation, and Choices",Internal invention/R&D,"research [researcher, researchers, researching, researched]",0
Shell,2015,"Strategic Options, Experimentation, and Choices",Internal invention/R&D,"research [researcher, researchers, researching, researched]",0
Shell,2016,"Strategic Options, Experimentation, and Choices",Internal invention/R&D,"research [researcher, researchers, researching, researched]",0
Shell,2020,"Strategic Options, Experimentation, and Choices",Internal invention/R&D,"research [researcher, researchers, researching, researched]",0
Shell,2022,"Strategic Options, Experimentation, and Choices",Internal invention/R&D,"research [researcher, researchers, researching, researched]",0
Shell,2024,"Strategic Options, Experimentation, and Choices",Internal invention/R&D,"research [researcher, researchers, researching, researched]",0
Shell,2025,"Strategic Options, Experimentation, and Choices",Internal invention/R&D,"research [researcher, researchers, researching, researched]",0
Amazon,1997,"Strategic Options, Experimentation, and Choices",Internal invention/R&D,R&D,0
Amazon,2016,"Strategic Options, Experimentation, and Choices",Internal invention/R&D,R&D,0
Amazon,2020,"Strategic Options, Experimentation, and Choices",Internal invention/R&D,R&D,0
Amazon,2021,"Strategic Options, Experimentation, and Choices",Internal invention/R&D,R&D,0
Amazon,2022,"Strategic Options, Experimentation, and Choices",Internal invention/R&D,R&D,0
Amazon,2024,"Strategic Options, Experimentation, and Choices",Internal invention/R&D,R&D,0
Amazon,2025,"Strategic Options, Experimentation, and Choices",Internal invention/R&D,R&D,0
Chevron,2013,"Strategic Options, Experimentation, and Choices",Internal invention/R&D,R&D,0
Chevron,2018,"Strategic Options, Experimentation, and Choices",Internal invention/R&D,R&D,0
Chevron,2020,"Strategic Options, Experimentation, and Choices",Internal invention/R&D,R&D,0
Chevron,2021,"Strategic Options, Experimentation, and Choices",Internal invention/R&D,R&D,0
Chevron,2022,"Strategic Options, Experimentation, and Choices",Internal invention/R&D,R&D,0
Chevron,2023,"Strategic Options, Experimentation, and Choices",Internal invention/R&D,R&D,0
Chevron,2024,"Strategic Options, Experimentation, and Choices",Internal invention/R&D,R&D,0
Nvidia,2017,"Strategic Options, Experimentation, and Choices",Internal invention/R&D,R&D,0
Nvidia,2018,"Strategic Options, Experimentation, and Choices",Internal invention/R&D,R&D,0
Nvidia,2020,"Strategic Options, Experimentation, and Choices",Internal invention/R&D,R&D,1
Nvidia,2021,"Strategic Options, Experimentation, and Choices",Internal invention/R&D,R&D,0
Nvidia,2022,"Strategic Options, Experimentation, and Choices",Internal invention/R&D,R&D,0
Nvidia,2023,"Strategic Options, Experimentation, and Choices",Internal invention/R&D,R&D,1
Nvidia,2025,"Strategic Options, Experimentation, and Choices",Internal invention/R&D,R&D,0
Shell,2014,"Strategic Options, Experimentation, and Choices",Internal invention/R&D,R&D,0
Shell,2015,"Strategic Options, Experimentation, and Choices",Internal invention/R&D,R&D,0
Shell,2016,"Strategic Options, Experimentation, and Choices",Internal invention/R&D,R&D,0
Shell,2020,"Strategic Options, Experimentation, and Choices",Internal invention/R&D,R&D,0
Shell,2022,"Strategic Options, Experimentation, and Choices",Internal invention/R&D,R&D,0
Shell,2024,"Strategic Options, Experimentation, and Choices",Internal invention/R&D,R&D,0
Shell,2025,"Strategic Options, Experimentation, and Choices",Internal invention/R&D,R&D,0
Amazon,1997,"Strategic Options, Experimentation, and Choices",Internal invention/R&D,"develop [development, developments, developed, developing, developer, developers]",0
Amazon,2016,"Strategic Options, Experimentation, and Choices",Internal invention/R&D,"develop [development, developments, developed, developing, developer, developers]",2
Amazon,2020,"Strategic Options, Experimentation, and Choices",Internal invention/R&D,"develop [development, developments, developed, developing, developer, developers]",3
Amazon,2021,"Strategic Options, Experimentation, and Choices",Internal invention/R&D,"develop [development, developments, developed, developing, developer, developers]",5
Amazon,2022,"Strategic Options, Experimentation, and Choices",Internal invention/R&D,"develop [development, developments, developed, developing, developer, developers]",4
Amazon,2024,"Strategic Options, Experimentation, and Choices",Internal invention/R&D,"develop [development, developments, developed, developing, developer, developers]",3
Amazon,2025,"Strategic Options, Experimentation, and Choices",Internal invention/R&D,"develop [development, developments, developed, developing, developer, developers]",0
Chevron,2013,"Strategic Options, Experimentation, and Choices",Internal invention/R&D,"develop [development, developments, developed, developing, developer, developers]",1
Chevron,2018,"Strategic Options, Experimentation, and Choices",Internal invention/R&D,"develop [development, developments, developed, developing, developer, developers]",3
Chevron,2020,"Strategic Options, Experimentation, and Choices",Internal invention/R&D,"develop [development, developments, developed, developing, developer, developers]",1
Chevron,2021,"Strategic Options, Experimentation, and Choices",Internal invention/R&D,"develop [development, developments, developed, developing, developer, developers]",4
Chevron,2022,"Strategic Options, Experimentation, and Choices",Internal invention/R&D,"develop [development, developments, developed, developing, developer, developers]",3
Chevron,2023,"Strategic Options, Experimentation, and Choices",Internal invention/R&D,"develop [development, developments, developed, developing, developer, developers]",2
Chevron,2024,"Strategic Options, Experimentation, and Choices",Internal invention/R&D,"develop [development, developments, developed, developing, developer, developers]",1
Nvidia,2017,"Strategic Options, Experimentation, and Choices",Internal invention/R&D,"develop [development, developments, developed, developing, developer, developers]",0
Nvidia,2018,"Strategic Options, Experimentation, and Choices",Internal invention/R&D,"develop [development, developments, developed, developing, developer, developers]",3
Nvidia,2020,"Strategic Options, Experimentation, and Choices",Internal invention/R&D,"develop [development, developments, developed, developing, developer, developers]",10
Nvidia,2021,"Strategic Options, Experimentation, and Choices",Internal invention/R&D,"develop [development, developments, developed, developing, developer, developers]",9
Nvidia,2022,"Strategic Options, Experimentation, and Choices",Internal invention/R&D,"develop [development, developments, developed, developing, developer, developers]",15
Nvidia,2023,"Strategic Options, Experimentation, and Choices",Internal invention/R&D,"develop [development, developments, developed, developing, developer, developers]",9
Nvidia,2025,"Strategic Options, Experimentation, and Choices",Internal invention/R&D,"develop [development, developments, developed, developing, developer, developers]",7
Shell,2014,"Strategic Options, Experimentation, and Choices",Internal invention/R&D,"develop [development, developments, developed, developing, developer, developers]",2
Shell,2015,"Strategic Options, Experimentation, and Choices",Internal invention/R&D,"develop [development, developments, developed, developing, developer, developers]",1
Shell,2016,"Strategic Options, Experimentation, and Choices",Internal invention/R&D,"develop [development, developments, developed, developing, developer, developers]",1
Shell,2020,"Strategic Options, Experimentation, and Choices",Internal invention/R&D,"develop [development, developments, developed, developing, developer, developers]",4
Shell,2022,"Strategic Options, Experimentation, and Choices",Internal invention/R&D,"develop [development, developments, developed, developing, developer, developers]",0
Shell,2024,"Strategic Options, Experimentation, and Choices",Internal invention/R&D,"develop [development, developments, developed, developing, developer, developers]",1
Shell,2025,"Strategic Options, Experimentation, and Choices",Internal invention/R&D,"develop [development, developments, developed, developing, developer, developers]",2
Amazon,1997,"Strategic Options, Experimentation, and Choices",Internal invention/R&D,"engineer [engineering, engineered, engineers] !engine, engines",0
Amazon,2016,"Strategic Options, Experimentation, and Choices",Internal invention/R&D,"engineer [engineering, engineered, engineers] !engine, engines",0
Amazon,2020,"Strategic Options, Experimentation, and Choices",Internal invention/R&D,"engineer [engineering, engineered, engineers] !engine, engines",0
Amazon,2021,"Strategic Options, Experimentation, and Choices",Internal invention/R&D,"engineer [engineering, engineered, engineers] !engine, engines",0
Amazon,2022,"Strategic Options, Experimentation, and Choices",Internal invention/R&D,"engineer [engineering, engineered, engineers] !engine, engines",0
Amazon,2024,"Strategic Options, Experimentation, and Choices",Internal invention/R&D,"engineer [engineering, engineered, engineers] !engine, engines",0
Amazon,2025,"Strategic Options, Experimentation, and Choices",Internal invention/R&D,"engineer [engineering, engineered, engineers] !engine, engines",1
Chevron,2013,"Strategic Options, Experimentation, and Choices",Internal invention/R&D,"engineer [engineering, engineered, engineers] !engine, engines",0
Chevron,2018,"Strategic Options, Experimentation, and Choices",Internal invention/R&D,"engineer [engineering, engineered, engineers] !engine, engines",0
Chevron,2020,"Strategic Options, Experimentation, and Choices",Internal invention/R&D,"engineer [engineering, engineered, engineers] !engine, engines",0
Chevron,2021,"Strategic Options, Experimentation, and Choices",Internal invention/R&D,"engineer [engineering, engineered, engineers] !engine, engines",1
Chevron,2022,"Strategic Options, Experimentation, and Choices",Internal invention/R&D,"engineer [engineering, engineered, engineers] !engine, engines",0
Chevron,2023,"Strategic Options, Experimentation, and Choices",Internal invention/R&D,"engineer [engineering, engineered, engineers] !engine, engines",0
Chevron,2024,"Strategic Options, Experimentation, and Choices",Internal invention/R&D,"engineer [engineering, engineered, engineers] !engine, engines",1
Nvidia,2017,"Strategic Options, Experimentation, and Choices",Internal invention/R&D,"engineer [engineering, engineered, engineers] !engine, engines",0
Nvidia,2018,"Strategic Options, Experimentation, and Choices",Internal invention/R&D,"engineer [engineering, engineered, engineers] !engine, engines",1
Nvidia,2020,"Strategic Options, Experimentation, and Choices",Internal invention/R&D,"engineer [engineering, engineered, engineers] !engine, engines",1
Nvidia,2021,"Strategic Options, Experimentation, and Choices",Internal invention/R&D,"engineer [engineering, engineered, engineers] !engine, engines",4
Nvidia,2022,"Strategic Options, Experimentation, and Choices",Internal invention/R&D,"engineer [engineering, engineered, engineers] !engine, engines",1
Nvidia,2023,"Strategic Options, Experimentation, and Choices",Internal invention/R&D,"engineer [engineering, engineered, engineers] !engine, engines",1
Nvidia,2025,"Strategic Options, Experimentation, and Choices",Internal invention/R&D,"engineer [engineering, engineered, engineers] !engine, engines",3
Shell,2014,"Strategic Options, Experimentation, and Choices",Internal invention/R&D,"engineer [engineering, engineered, engineers] !engine, engines",0
Shell,2015,"Strategic Options, Experimentation, and Choices",Internal invention/R&D,"engineer [engineering, engineered, engineers] !engine, engines",0
Shell,2016,"Strategic Options, Experimentation, and Choices",Internal invention/R&D,"engineer [engineering, engineered, engineers] !engine, engines",0
Shell,2020,"Strategic Options, Experimentation, and Choices",Internal invention/R&D,"engineer [engineering, engineered, engineers] !engine, engines",0
Shell,2022,"Strategic Options, Experimentation, and Choices",Internal invention/R&D,"engineer [engineering, engineered, engineers] !engine, engines",0
Shell,2024,"Strategic Options, Experimentation, and Choices",Internal invention/R&D,"engineer [engineering, engineered, engineers] !engine, engines",0
Shell,2025,"Strategic Options, Experimentation, and Choices",Internal invention/R&D,"engineer [engineering, engineered, engineers] !engine, engines",0
Amazon,1997,"Strategic Options, Experimentation, and Choices",Internal invention/R&D,"technology [technologies, technological, technologically]",0
Amazon,2016,"Strategic Options, Experimentation, and Choices",Internal invention/R&D,"technology [technologies, technological, technologically]",1
Amazon,2020,"Strategic Options, Experimentation, and Choices",Internal invention/R&D,"technology [technologies, technological, technologically]",9
Amazon,2021,"Strategic Options, Experimentation, and Choices",Internal invention/R&D,"technology [technologies, technological, technologically]",5
Amazon,2022,"Strategic Options, Experimentation, and Choices",Internal invention/R&D,"technology [technologies, technological, technologically]",4
Amazon,2024,"Strategic Options, Experimentation, and Choices",Internal invention/R&D,"technology [technologies, technological, technologically]",4
Amazon,2025,"Strategic Options, Experimentation, and Choices",Internal invention/R&D,"technology [technologies, technological, technologically]",5
Chevron,2013,"Strategic Options, Experimentation, and Choices",Internal invention/R&D,"technology [technologies, technological, technologically]",0
Chevron,2018,"Strategic Options, Experimentation, and Choices",Internal invention/R&D,"technology [technologies, technological, technologically]",5
Chevron,2020,"Strategic Options, Experimentation, and Choices",Internal invention/R&D,"technology [technologies, technological, technologically]",3
Chevron,2021,"Strategic Options, Experimentation, and Choices",Internal invention/R&D,"technology [technologies, technological, technologically]",4
Chevron,2022,"Strategic Options, Experimentation, and Choices",Internal invention/R&D,"technology [technologies, technological, technologically]",4
Chevron,2023,"Strategic Options, Experimentation, and Choices",Internal invention/R&D,"technology [technologies, technological, technologically]",2
Chevron,2024,"Strategic Options, Experimentation, and Choices",Internal invention/R&D,"technology [technologies, technological, technologically]",3
Nvidia,2017,"Strategic Options, Experimentation, and Choices",Internal invention/R&D,"technology [technologies, technological, technologically]",2
Nvidia,2018,"Strategic Options, Experimentation, and Choices",Internal invention/R&D,"technology [technologies, technological, technologically]",5
Nvidia,2020,"Strategic Options, Experimentation, and Choices",Internal invention/R&D,"technology [technologies, technological, technologically]",9
Nvidia,2021,"Strategic Options, Experimentation, and Choices",Internal invention/R&D,"technology [technologies, technological, technologically]",5
Nvidia,2022,"Strategic Options, Experimentation, and Choices",Internal invention/R&D,"technology [technologies, technological, technologically]",2
Nvidia,2023,"Strategic Options, Experimentation, and Choices",Internal invention/R&D,"technology [technologies, technological, technologically]",13
Nvidia,2025,"Strategic Options, Experimentation, and Choices",Internal invention/R&D,"technology [technologies, technological, technologically]",5
Shell,2014,"Strategic Options, Experimentation, and Choices",Internal invention/R&D,"technology [technologies, technological, technologically]",0
Shell,2015,"Strategic Options, Experimentation, and Choices",Internal invention/R&D,"technology [technologies, technological, technologically]",2
Shell,2016,"Strategic Options, Experimentation, and Choices",Internal invention/R&D,"technology [technologies, technological, technologically]",0
Shell,2020,"Strategic Options, Experimentation, and Choices",Internal invention/R&D,"technology [technologies, technological, technologically]",1
Shell,2022,"Strategic Options, Experimentation, and Choices",Internal invention/R&D,"technology [technologies, technological, technologically]",0
Shell,2024,"Strategic Options, Experimentation, and Choices",Internal invention/R&D,"technology [technologies, technological, technologically]",0
Shell,2025,"Strategic Options, Experimentation, and Choices",Internal invention/R&D,"technology [technologies, technological, technologically]",0
Amazon,1997,"Strategic Options, Experimentation, and Choices",Partnerships/ecosystems,"partner [partners, partnership, partnerships, partnered, partnering]",1
Amazon,2016,"Strategic Options, Experimentation, and Choices",Partnerships/ecosystems,"partner [partners, partnership, partnerships, partnered, partnering]",0
Amazon,2020,"Strategic Options, Experimentation, and Choices",Partnerships/ecosystems,"partner [partners, partnership, partnerships, partnered, partnering]",2
Amazon,2021,"Strategic Options, Experimentation, and Choices",Partnerships/ecosystems,"partner [partners, partnership, partnerships, partnered, partnering]",3
Amazon,2022,"Strategic Options, Experimentation, and Choices",Partnerships/ecosystems,"partner [partners, partnership, partnerships, partnered, partnering]",1
Amazon,2024,"Strategic Options, Experimentation, and Choices",Partnerships/ecosystems,"partner [partners, partnership, partnerships, partnered, partnering]",0
Amazon,2025,"Strategic Options, Experimentation, and Choices",Partnerships/ecosystems,"partner [partners, partnership, partnerships, partnered, partnering]",2
Chevron,2013,"Strategic Options, Experimentation, and Choices",Partnerships/ecosystems,"partner [partners, partnership, partnerships, partnered, partnering]",2
Chevron,2018,"Strategic Options, Experimentation, and Choices",Partnerships/ecosystems,"partner [partners, partnership, partnerships, partnered, partnering]",1
Chevron,2020,"Strategic Options, Experimentation, and Choices",Partnerships/ecosystems,"partner [partners, partnership, partnerships, partnered, partnering]",4
Chevron,2021,"Strategic Options, Experimentation, and Choices",Partnerships/ecosystems,"partner [partners, partnership, partnerships, partnered, partnering]",4
Chevron,2022,"Strategic Options, Experimentation, and Choices",Partnerships/ecosystems,"partner [partners, partnership, partnerships, partnered, partnering]",4
Chevron,2023,"Strategic Options, Experimentation, and Choices",Partnerships/ecosystems,"partner [partners, partnership, partnerships, partnered, partnering]",1
Chevron,2024,"Strategic Options, Experimentation, and Choices",Partnerships/ecosystems,"partner [partners, partnership, partnerships, partnered, partnering]",2
Nvidia,2017,"Strategic Options, Experimentation, and Choices",Partnerships/ecosystems,"partner [partners, partnership, partnerships, partnered, partnering]",0
Nvidia,2018,"Strategic Options, Experimentation, and Choices",Partnerships/ecosystems,"partner [partners, partnership, partnerships, partnered, partnering]",2
Nvidia,2020,"Strategic Options, Experimentation, and Choices",Partnerships/ecosystems,"partner [partners, partnership, partnerships, partnered, partnering]",5
Nvidia,2021,"Strategic Options, Experimentation, and Choices",Partnerships/ecosystems,"partner [partners, partnership, partnerships, partnered, partnering]",4
Nvidia,2022,"Strategic Options, Experimentation, and Choices",Partnerships/ecosystems,"partner [partners, partnership, partnerships, partnered, partnering]",2
Nvidia,2023,"Strategic Options, Experimentation, and Choices",Partnerships/ecosystems,"partner [partners, partnership, partnerships, partnered, partnering]",4
Nvidia,2025,"Strategic Options, Experimentation, and Choices",Partnerships/ecosystems,"partner [partners, partnership, partnerships, partnered, partnering]",7
Shell,2014,"Strategic Options, Experimentation, and Choices",Partnerships/ecosystems,"partner [partners, partnership, partnerships, partnered, partnering]",2
Shell,2015,"Strategic Options, Experimentation, and Choices",Partnerships/ecosystems,"partner [partners, partnership, partnerships, partnered, partnering]",0
Shell,2016,"Strategic Options, Experimentation, and Choices",Partnerships/ecosystems,"partner [partners, partnership, partnerships, partnered, partnering]",0
Shell,2020,"Strategic Options, Experimentation, and Choices",Partnerships/ecosystems,"partner [partners, partnership, partnerships, partnered, partnering]",0
Shell,2022,"Strategic Options, Experimentation, and Choices",Partnerships/ecosystems,"partner [partners, partnership, partnerships, partnered, partnering]",0
Shell,2024,"Strategic Options, Experimentation, and Choices",Partnerships/ecosystems,"partner [partners, partnership, partnerships, partnered, partnering]",3
Shell,2025,"Strategic Options, Experimentation, and Choices",Partnerships/ecosystems,"partner [partners, partnership, partnerships, partnered, partnering]",2
Amazon,1997,"Strategic Options, Experimentation, and Choices",Partnerships/ecosystems,alliance [alliances],0
Amazon,2016,"Strategic Options, Experimentation, and Choices",Partnerships/ecosystems,alliance [alliances],0
Amazon,2020,"Strategic Options, Experimentation, and Choices",Partnerships/ecosystems,alliance [alliances],0
Amazon,2021,"Strategic Options, Experimentation, and Choices",Partnerships/ecosystems,alliance [alliances],0
Amazon,2022,"Strategic Options, Experimentation, and Choices",Partnerships/ecosystems,alliance [alliances],0
Amazon,2024,"Strategic Options, Experimentation, and Choices",Partnerships/ecosystems,alliance [alliances],0
Amazon,2025,"Strategic Options, Experimentation, and Choices",Partnerships/ecosystems,alliance [alliances],0
Chevron,2013,"Strategic Options, Experimentation, and Choices",Partnerships/ecosystems,alliance [alliances],0
Chevron,2018,"Strategic Options, Experimentation, and Choices",Partnerships/ecosystems,alliance [alliances],0
Chevron,2020,"Strategic Options, Experimentation, and Choices",Partnerships/ecosystems,alliance [alliances],0
Chevron,2021,"Strategic Options, Experimentation, and Choices",Partnerships/ecosystems,alliance [alliances],0
Chevron,2022,"Strategic Options, Experimentation, and Choices",Partnerships/ecosystems,alliance [alliances],0
Chevron,2023,"Strategic Options, Experimentation, and Choices",Partnerships/ecosystems,alliance [alliances],0
Chevron,2024,"Strategic Options, Experimentation, and Choices",Partnerships/ecosystems,alliance [alliances],0
Nvidia,2017,"Strategic Options, Experimentation, and Choices",Partnerships/ecosystems,alliance [alliances],0
Nvidia,2018,"Strategic Options, Experimentation, and Choices",Partnerships/ecosystems,alliance [alliances],0
Nvidia,2020,"Strategic Options, Experimentation, and Choices",Partnerships/ecosystems,alliance [alliances],0
Nvidia,2021,"Strategic Options, Experimentation, and Choices",Partnerships/ecosystems,alliance [alliances],0
Nvidia,2022,"Strategic Options, Experimentation, and Choices",Partnerships/ecosystems,alliance [alliances],0
Nvidia,2023,"Strategic Options, Experimentation, and Choices",Partnerships/ecosystems,alliance [alliances],0
Nvidia,2025,"Strategic Options, Experimentation, and Choices",Partnerships/ecosystems,alliance [alliances],0
Shell,2014,"Strategic Options, Experimentation, and Choices",Partnerships/ecosystems,alliance [alliances],0
Shell,2015,"Strategic Options, Experimentation, and Choices",Partnerships/ecosystems,alliance [alliances],0
Shell,2016,"Strategic Options, Experimentation, and Choices",Partnerships/ecosystems,alliance [alliances],0
Shell,2020,"Strategic Options, Experimentation, and Choices",Partnerships/ecosystems,alliance [alliances],1
Shell,2022,"Strategic Options, Experimentation, and Choices",Partnerships/ecosystems,alliance [alliances],0
Shell,2024,"Strategic Options, Experimentation, and Choices",Partnerships/ecosystems,alliance [alliances],0
Shell,2025,"Strategic Options, Experimentation, and Choices",Partnerships/ecosystems,alliance [alliances],0
Amazon,1997,"Strategic Options, Experimentation, and Choices",Partnerships/ecosystems,"collaborate [collaboration, collaborations, collaborative, collaborating, collaborated]",0
Amazon,2016,"Strategic Options, Experimentation, and Choices",Partnerships/ecosystems,"collaborate [collaboration, collaborations, collaborative, collaborating, collaborated]",0
Amazon,2020,"Strategic Options, Experimentation, and Choices",Partnerships/ecosystems,"collaborate [collaboration, collaborations, collaborative, collaborating, collaborated]",0
Amazon,2021,"Strategic Options, Experimentation, and Choices",Partnerships/ecosystems,"collaborate [collaboration, collaborations, collaborative, collaborating, collaborated]",0
Amazon,2022,"Strategic Options, Experimentation, and Choices",Partnerships/ecosystems,"collaborate [collaboration, collaborations, collaborative, collaborating, collaborated]",2
Amazon,2024,"Strategic Options, Experimentation, and Choices",Partnerships/ecosystems,"collaborate [collaboration, collaborations, collaborative, collaborating, collaborated]",1
Amazon,2025,"Strategic Options, Experimentation, and Choices",Partnerships/ecosystems,"collaborate [collaboration, collaborations, collaborative, collaborating, collaborated]",0
Chevron,2013,"Strategic Options, Experimentation, and Choices",Partnerships/ecosystems,"collaborate [collaboration, collaborations, collaborative, collaborating, collaborated]",0
Chevron,2018,"Strategic Options, Experimentation, and Choices",Partnerships/ecosystems,"collaborate [collaboration, collaborations, collaborative, collaborating, collaborated]",0
Chevron,2020,"Strategic Options, Experimentation, and Choices",Partnerships/ecosystems,"collaborate [collaboration, collaborations, collaborative, collaborating, collaborated]",0
Chevron,2021,"Strategic Options, Experimentation, and Choices",Partnerships/ecosystems,"collaborate [collaboration, collaborations, collaborative, collaborating, collaborated]",1
Chevron,2022,"Strategic Options, Experimentation, and Choices",Partnerships/ecosystems,"collaborate [collaboration, collaborations, collaborative, collaborating, collaborated]",1
Chevron,2023,"Strategic Options, Experimentation, and Choices",Partnerships/ecosystems,"collaborate [collaboration, collaborations, collaborative, collaborating, collaborated]",1
Chevron,2024,"Strategic Options, Experimentation, and Choices",Partnerships/ecosystems,"collaborate [collaboration, collaborations, collaborative, collaborating, collaborated]",0
Nvidia,2017,"Strategic Options, Experimentation, and Choices",Partnerships/ecosystems,"collaborate [collaboration, collaborations, collaborative, collaborating, collaborated]",0
Nvidia,2018,"Strategic Options, Experimentation, and Choices",Partnerships/ecosystems,"collaborate [collaboration, collaborations, collaborative, collaborating, collaborated]",1
Nvidia,2020,"Strategic Options, Experimentation, and Choices",Partnerships/ecosystems,"collaborate [collaboration, collaborations, collaborative, collaborating, collaborated]",2
Nvidia,2021,"Strategic Options, Experimentation, and Choices",Partnerships/ecosystems,"collaborate [collaboration, collaborations, collaborative, collaborating, collaborated]",1
Nvidia,2022,"Strategic Options, Experimentation, and Choices",Partnerships/ecosystems,"collaborate [collaboration, collaborations, collaborative, collaborating, collaborated]",2
Nvidia,2023,"Strategic Options, Experimentation, and Choices",Partnerships/ecosystems,"collaborate [collaboration, collaborations, collaborative, collaborating, collaborated]",1
Nvidia,2025,"Strategic Options, Experimentation, and Choices",Partnerships/ecosystems,"collaborate [collaboration, collaborations, collaborative, collaborating, collaborated]",0
Shell,2014,"Strategic Options, Experimentation, and Choices",Partnerships/ecosystems,"collaborate [collaboration, collaborations, collaborative, collaborating, collaborated]",0
Shell,2015,"Strategic Options, Experimentation, and Choices",Partnerships/ecosystems,"collaborate [collaboration, collaborations, collaborative, collaborating, collaborated]",0
Shell,2016,"Strategic Options, Experimentation, and Choices",Partnerships/ecosystems,"collaborate [collaboration, collaborations, collaborative, collaborating, collaborated]",0
Shell,2020,"Strategic Options, Experimentation, and Choices",Partnerships/ecosystems,"collaborate [collaboration, collaborations, collaborative, collaborating, collaborated]",0
Shell,2022,"Strategic Options, Experimentation, and Choices",Partnerships/ecosystems,"collaborate [collaboration, collaborations, collaborative, collaborating, collaborated]",0
Shell,2024,"Strategic Options, Experimentation, and Choices",Partnerships/ecosystems,"collaborate [collaboration, collaborations, collaborative, collaborating, collaborated]",0
Shell,2025,"Strategic Options, Experimentation, and Choices",Partnerships/ecosystems,"collaborate [collaboration, collaborations, collaborative, collaborating, collaborated]",0
Amazon,1997,"Strategic Options, Experimentation, and Choices",Partnerships/ecosystems,ecosystem [ecosystems],0
Amazon,2016,"Strategic Options, Experimentation, and Choices",Partnerships/ecosystems,ecosystem [ecosystems],0
Amazon,2020,"Strategic Options, Experimentation, and Choices",Partnerships/ecosystems,ecosystem [ecosystems],0
Amazon,2021,"Strategic Options, Experimentation, and Choices",Partnerships/ecosystems,ecosystem [ecosystems],0
Amazon,2022,"Strategic Options, Experimentation, and Choices",Partnerships/ecosystems,ecosystem [ecosystems],1
Amazon,2024,"Strategic Options, Experimentation, and Choices",Partnerships/ecosystems,ecosystem [ecosystems],0
Amazon,2025,"Strategic Options, Experimentation, and Choices",Partnerships/ecosystems,ecosystem [ecosystems],0
Chevron,2013,"Strategic Options, Experimentation, and Choices",Partnerships/ecosystems,ecosystem [ecosystems],0
Chevron,2018,"Strategic Options, Experimentation, and Choices",Partnerships/ecosystems,ecosystem [ecosystems],0
Chevron,2020,"Strategic Options, Experimentation, and Choices",Partnerships/ecosystems,ecosystem [ecosystems],0
Chevron,2021,"Strategic Options, Experimentation, and Choices",Partnerships/ecosystems,ecosystem [ecosystems],0
Chevron,2022,"Strategic Options, Experimentation, and Choices",Partnerships/ecosystems,ecosystem [ecosystems],0
Chevron,2023,"Strategic Options, Experimentation, and Choices",Partnerships/ecosystems,ecosystem [ecosystems],0
Chevron,2024,"Strategic Options, Experimentation, and Choices",Partnerships/ecosystems,ecosystem [ecosystems],0
Nvidia,2017,"Strategic Options, Experimentation, and Choices",Partnerships/ecosystems,ecosystem [ecosystems],0
Nvidia,2018,"Strategic Options, Experimentation, and Choices",Partnerships/ecosystems,ecosystem [ecosystems],0
Nvidia,2020,"Strategic Options, Experimentation, and Choices",Partnerships/ecosystems,ecosystem [ecosystems],0
Nvidia,2021,"Strategic Options, Experimentation, and Choices",Partnerships/ecosystems,ecosystem [ecosystems],3
Nvidia,2022,"Strategic Options, Experimentation, and Choices",Partnerships/ecosystems,ecosystem [ecosystems],2
Nvidia,2023,"Strategic Options, Experimentation, and Choices",Partnerships/ecosystems,ecosystem [ecosystems],2
Nvidia,2025,"Strategic Options, Experimentation, and Choices",Partnerships/ecosystems,ecosystem [ecosystems],4
Shell,2014,"Strategic Options, Experimentation, and Choices",Partnerships/ecosystems,ecosystem [ecosystems],0
Shell,2015,"Strategic Options, Experimentation, and Choices",Partnerships/ecosystems,ecosystem [ecosystems],0
Shell,2016,"Strategic Options, Experimentation, and Choices",Partnerships/ecosystems,ecosystem [ecosystems],0
Shell,2020,"Strategic Options, Experimentation, and Choices",Partnerships/ecosystems,ecosystem [ecosystems],0
Shell,2022,"Strategic Options, Experimentation, and Choices",Partnerships/ecosystems,ecosystem [ecosystems],0
Shell,2024,"Strategic Options, Experimentation, and Choices",Partnerships/ecosystems,ecosystem [ecosystems],0
Shell,2025,"Strategic Options, Experimentation, and Choices",Partnerships/ecosystems,ecosystem [ecosystems],0
Amazon,1997,"Strategic Options, Experimentation, and Choices",Partnerships/ecosystems,developer [developers],0
Amazon,2016,"Strategic Options, Experimentation, and Choices",Partnerships/ecosystems,developer [developers],2
Amazon,2020,"Strategic Options, Experimentation, and Choices",Partnerships/ecosystems,developer [developers],3
Amazon,2021,"Strategic Options, Experimentation, and Choices",Partnerships/ecosystems,developer [developers],5
Amazon,2022,"Strategic Options, Experimentation, and Choices",Partnerships/ecosystems,developer [developers],4
Amazon,2024,"Strategic Options, Experimentation, and Choices",Partnerships/ecosystems,developer [developers],3
Amazon,2025,"Strategic Options, Experimentation, and Choices",Partnerships/ecosystems,developer [developers],0
Chevron,2013,"Strategic Options, Experimentation, and Choices",Partnerships/ecosystems,developer [developers],1
Chevron,2018,"Strategic Options, Experimentation, and Choices",Partnerships/ecosystems,developer [developers],3
Chevron,2020,"Strategic Options, Experimentation, and Choices",Partnerships/ecosystems,developer [developers],1
Chevron,2021,"Strategic Options, Experimentation, and Choices",Partnerships/ecosystems,developer [developers],4
Chevron,2022,"Strategic Options, Experimentation, and Choices",Partnerships/ecosystems,developer [developers],3
Chevron,2023,"Strategic Options, Experimentation, and Choices",Partnerships/ecosystems,developer [developers],2
Chevron,2024,"Strategic Options, Experimentation, and Choices",Partnerships/ecosystems,developer [developers],1
Nvidia,2017,"Strategic Options, Experimentation, and Choices",Partnerships/ecosystems,developer [developers],0
Nvidia,2018,"Strategic Options, Experimentation, and Choices",Partnerships/ecosystems,developer [developers],3
Nvidia,2020,"Strategic Options, Experimentation, and Choices",Partnerships/ecosystems,developer [developers],10
Nvidia,2021,"Strategic Options, Experimentation, and Choices",Partnerships/ecosystems,developer [developers],9
Nvidia,2022,"Strategic Options, Experimentation, and Choices",Partnerships/ecosystems,developer [developers],15
Nvidia,2023,"Strategic Options, Experimentation, and Choices",Partnerships/ecosystems,developer [developers],9
Nvidia,2025,"Strategic Options, Experimentation, and Choices",Partnerships/ecosystems,developer [developers],7
Shell,2014,"Strategic Options, Experimentation, and Choices",Partnerships/ecosystems,developer [developers],2
Shell,2015,"Strategic Options, Experimentation, and Choices",Partnerships/ecosystems,developer [developers],1
Shell,2016,"Strategic Options, Experimentation, and Choices",Partnerships/ecosystems,developer [developers],1
Shell,2020,"Strategic Options, Experimentation, and Choices",Partnerships/ecosystems,developer [developers],4
Shell,2022,"Strategic Options, Experimentation, and Choices",Partnerships/ecosystems,developer [developers],0
Shell,2024,"Strategic Options, Experimentation, and Choices",Partnerships/ecosystems,developer [developers],1
Shell,2025,"Strategic Options, Experimentation, and Choices",Partnerships/ecosystems,developer [developers],2
Amazon,1997,"Strategic Options, Experimentation, and Choices",Acquisition/integration,"acquire [acquisition, acquisitions, acquired, acquiring, acquires]",1
Amazon,2016,"Strategic Options, Experimentation, and Choices",Acquisition/integration,"acquire [acquisition, acquisitions, acquired, acquiring, acquires]",0
Amazon,2020,"Strategic Options, Experimentation, and Choices",Acquisition/integration,"acquire [acquisition, acquisitions, acquired, acquiring, acquires]",0
Amazon,2021,"Strategic Options, Experimentation, and Choices",Acquisition/integration,"acquire [acquisition, acquisitions, acquired, acquiring, acquires]",0
Amazon,2022,"Strategic Options, Experimentation, and Choices",Acquisition/integration,"acquire [acquisition, acquisitions, acquired, acquiring, acquires]",2
Amazon,2024,"Strategic Options, Experimentation, and Choices",Acquisition/integration,"acquire [acquisition, acquisitions, acquired, acquiring, acquires]",0
Amazon,2025,"Strategic Options, Experimentation, and Choices",Acquisition/integration,"acquire [acquisition, acquisitions, acquired, acquiring, acquires]",1
Chevron,2013,"Strategic Options, Experimentation, and Choices",Acquisition/integration,"acquire [acquisition, acquisitions, acquired, acquiring, acquires]",1
Chevron,2018,"Strategic Options, Experimentation, and Choices",Acquisition/integration,"acquire [acquisition, acquisitions, acquired, acquiring, acquires]",1
Chevron,2020,"Strategic Options, Experimentation, and Choices",Acquisition/integration,"acquire [acquisition, acquisitions, acquired, acquiring, acquires]",5
Chevron,2021,"Strategic Options, Experimentation, and Choices",Acquisition/integration,"acquire [acquisition, acquisitions, acquired, acquiring, acquires]",3
Chevron,2022,"Strategic Options, Experimentation, and Choices",Acquisition/integration,"acquire [acquisition, acquisitions, acquired, acquiring, acquires]",2
Chevron,2023,"Strategic Options, Experimentation, and Choices",Acquisition/integration,"acquire [acquisition, acquisitions, acquired, acquiring, acquires]",6
Chevron,2024,"Strategic Options, Experimentation, and Choices",Acquisition/integration,"acquire [acquisition, acquisitions, acquired, acquiring, acquires]",0
Nvidia,2017,"Strategic Options, Experimentation, and Choices",Acquisition/integration,"acquire [acquisition, acquisitions, acquired, acquiring, acquires]",0
Nvidia,2018,"Strategic Options, Experimentation, and Choices",Acquisition/integration,"acquire [acquisition, acquisitions, acquired, acquiring, acquires]",0
Nvidia,2020,"Strategic Options, Experimentation, and Choices",Acquisition/integration,"acquire [acquisition, acquisitions, acquired, acquiring, acquires]",1
Nvidia,2021,"Strategic Options, Experimentation, and Choices",Acquisition/integration,"acquire [acquisition, acquisitions, acquired, acquiring, acquires]",3
Nvidia,2022,"Strategic Options, Experimentation, and Choices",Acquisition/integration,"acquire [acquisition, acquisitions, acquired, acquiring, acquires]",0
Nvidia,2023,"Strategic Options, Experimentation, and Choices",Acquisition/integration,"acquire [acquisition, acquisitions, acquired, acquiring, acquires]",1
Nvidia,2025,"Strategic Options, Experimentation, and Choices",Acquisition/integration,"acquire [acquisition, acquisitions, acquired, acquiring, acquires]",0
Shell,2014,"Strategic Options, Experimentation, and Choices",Acquisition/integration,"acquire [acquisition, acquisitions, acquired, acquiring, acquires]",1
Shell,2015,"Strategic Options, Experimentation, and Choices",Acquisition/integration,"acquire [acquisition, acquisitions, acquired, acquiring, acquires]",3
Shell,2016,"Strategic Options, Experimentation, and Choices",Acquisition/integration,"acquire [acquisition, acquisitions, acquired, acquiring, acquires]",5
Shell,2020,"Strategic Options, Experimentation, and Choices",Acquisition/integration,"acquire [acquisition, acquisitions, acquired, acquiring, acquires]",0
Shell,2022,"Strategic Options, Experimentation, and Choices",Acquisition/integration,"acquire [acquisition, acquisitions, acquired, acquiring, acquires]",2
Shell,2024,"Strategic Options, Experimentation, and Choices",Acquisition/integration,"acquire [acquisition, acquisitions, acquired, acquiring, acquires]",1
Shell,2025,"Strategic Options, Experimentation, and Choices",Acquisition/integration,"acquire [acquisition, acquisitions, acquired, acquiring, acquires]",1
Amazon,1997,"Strategic Options, Experimentation, and Choices",Acquisition/integration,"merger [mergers, merge, merged, merging]",0
Amazon,2016,"Strategic Options, Experimentation, and Choices",Acquisition/integration,"merger [mergers, merge, merged, merging]",0
Amazon,2020,"Strategic Options, Experimentation, and Choices",Acquisition/integration,"merger [mergers, merge, merged, merging]",1
Amazon,2021,"Strategic Options, Experimentation, and Choices",Acquisition/integration,"merger [mergers, merge, merged, merging]",0
Amazon,2022,"Strategic Options, Experimentation, and Choices",Acquisition/integration,"merger [mergers, merge, merged, merging]",0
Amazon,2024,"Strategic Options, Experimentation, and Choices",Acquisition/integration,"merger [mergers, merge, merged, merging]",0
Amazon,2025,"Strategic Options, Experimentation, and Choices",Acquisition/integration,"merger [mergers, merge, merged, merging]",0
Chevron,2013,"Strategic Options, Experimentation, and Choices",Acquisition/integration,"merger [mergers, merge, merged, merging]",0
Chevron,2018,"Strategic Options, Experimentation, and Choices",Acquisition/integration,"merger [mergers, merge, merged, merging]",0
Chevron,2020,"Strategic Options, Experimentation, and Choices",Acquisition/integration,"merger [mergers, merge, merged, merging]",0
Chevron,2021,"Strategic Options, Experimentation, and Choices",Acquisition/integration,"merger [mergers, merge, merged, merging]",0
Chevron,2022,"Strategic Options, Experimentation, and Choices",Acquisition/integration,"merger [mergers, merge, merged, merging]",0
Chevron,2023,"Strategic Options, Experimentation, and Choices",Acquisition/integration,"merger [mergers, merge, merged, merging]",0
Chevron,2024,"Strategic Options, Experimentation, and Choices",Acquisition/integration,"merger [mergers, merge, merged, merging]",0
Nvidia,2017,"Strategic Options, Experimentation, and Choices",Acquisition/integration,"merger [mergers, merge, merged, merging]",0
Nvidia,2018,"Strategic Options, Experimentation, and Choices",Acquisition/integration,"merger [mergers, merge, merged, merging]",0
Nvidia,2020,"Strategic Options, Experimentation, and Choices",Acquisition/integration,"merger [mergers, merge, merged, merging]",0
Nvidia,2021,"Strategic Options, Experimentation, and Choices",Acquisition/integration,"merger [mergers, merge, merged, merging]",0
Nvidia,2022,"Strategic Options, Experimentation, and Choices",Acquisition/integration,"merger [mergers, merge, merged, merging]",0
Nvidia,2023,"Strategic Options, Experimentation, and Choices",Acquisition/integration,"merger [mergers, merge, merged, merging]",0
Nvidia,2025,"Strategic Options, Experimentation, and Choices",Acquisition/integration,"merger [mergers, merge, merged, merging]",0
Shell,2014,"Strategic Options, Experimentation, and Choices",Acquisition/integration,"merger [mergers, merge, merged, merging]",0
Shell,2015,"Strategic Options, Experimentation, and Choices",Acquisition/integration,"merger [mergers, merge, merged, merging]",0
Shell,2016,"Strategic Options, Experimentation, and Choices",Acquisition/integration,"merger [mergers, merge, merged, merging]",0
Shell,2020,"Strategic Options, Experimentation, and Choices",Acquisition/integration,"merger [mergers, merge, merged, merging]",0
Shell,2022,"Strategic Options, Experimentation, and Choices",Acquisition/integration,"merger [mergers, merge, merged, merging]",0
Shell,2024,"Strategic Options, Experimentation, and Choices",Acquisition/integration,"merger [mergers, merge, merged, merging]",0
Shell,2025,"Strategic Options, Experimentation, and Choices",Acquisition/integration,"merger [mergers, merge, merged, merging]",0
Amazon,1997,"Strategic Options, Experimentation, and Choices",Acquisition/integration,"integrate [integration, integrated, integrating, integrations] !integrity, integral",0
Amazon,2016,"Strategic Options, Experimentation, and Choices",Acquisition/integration,"integrate [integration, integrated, integrating, integrations] !integrity, integral",0
Amazon,2020,"Strategic Options, Experimentation, and Choices",Acquisition/integration,"integrate [integration, integrated, integrating, integrations] !integrity, integral",0
Amazon,2021,"Strategic Options, Experimentation, and Choices",Acquisition/integration,"integrate [integration, integrated, integrating, integrations] !integrity, integral",0
Amazon,2022,"Strategic Options, Experimentation, and Choices",Acquisition/integration,"integrate [integration, integrated, integrating, integrations] !integrity, integral",1
Amazon,2024,"Strategic Options, Experimentation, and Choices",Acquisition/integration,"integrate [integration, integrated, integrating, integrations] !integrity, integral",0
Amazon,2025,"Strategic Options, Experimentation, and Choices",Acquisition/integration,"integrate [integration, integrated, integrating, integrations] !integrity, integral",1
Chevron,2013,"Strategic Options, Experimentation, and Choices",Acquisition/integration,"integrate [integration, integrated, integrating, integrations] !integrity, integral",0
Chevron,2018,"Strategic Options, Experimentation, and Choices",Acquisition/integration,"integrate [integration, integrated, integrating, integrations] !integrity, integral",0
Chevron,2020,"Strategic Options, Experimentation, and Choices",Acquisition/integration,"integrate [integration, integrated, integrating, integrations] !integrity, integral",1
Chevron,2021,"Strategic Options, Experimentation, and Choices",Acquisition/integration,"integrate [integration, integrated, integrating, integrations] !integrity, integral",1
Chevron,2022,"Strategic Options, Experimentation, and Choices",Acquisition/integration,"integrate [integration, integrated, integrating, integrations] !integrity, integral",2
Chevron,2023,"Strategic Options, Experimentation, and Choices",Acquisition/integration,"integrate [integration, integrated, integrating, integrations] !integrity, integral",1
Chevron,2024,"Strategic Options, Experimentation, and Choices",Acquisition/integration,"integrate [integration, integrated, integrating, integrations] !integrity, integral",0
Nvidia,2017,"Strategic Options, Experimentation, and Choices",Acquisition/integration,"integrate [integration, integrated, integrating, integrations] !integrity, integral",1
Nvidia,2018,"Strategic Options, Experimentation, and Choices",Acquisition/integration,"integrate [integration, integrated, integrating, integrations] !integrity, integral",0
Nvidia,2020,"Strategic Options, Experimentation, and Choices",Acquisition/integration,"integrate [integration, integrated, integrating, integrations] !integrity, integral",0
Nvidia,2021,"Strategic Options, Experimentation, and Choices",Acquisition/integration,"integrate [integration, integrated, integrating, integrations] !integrity, integral",2
Nvidia,2022,"Strategic Options, Experimentation, and Choices",Acquisition/integration,"integrate [integration, integrated, integrating, integrations] !integrity, integral",2
Nvidia,2023,"Strategic Options, Experimentation, and Choices",Acquisition/integration,"integrate [integration, integrated, integrating, integrations] !integrity, integral",1
Nvidia,2025,"Strategic Options, Experimentation, and Choices",Acquisition/integration,"integrate [integration, integrated, integrating, integrations] !integrity, integral",5
Shell,2014,"Strategic Options, Experimentation, and Choices",Acquisition/integration,"integrate [integration, integrated, integrating, integrations] !integrity, integral",1
Shell,2015,"Strategic Options, Experimentation, and Choices",Acquisition/integration,"integrate [integration, integrated, integrating, integrations] !integrity, integral",3
Shell,2016,"Strategic Options, Experimentation, and Choices",Acquisition/integration,"integrate [integration, integrated, integrating, integrations] !integrity, integral",7
Shell,2020,"Strategic Options, Experimentation, and Choices",Acquisition/integration,"integrate [integration, integrated, integrating, integrations] !integrity, integral",0
Shell,2022,"Strategic Options, Experimentation, and Choices",Acquisition/integration,"integrate [integration, integrated, integrating, integrations] !integrity, integral",1
Shell,2024,"Strategic Options, Experimentation, and Choices",Acquisition/integration,"integrate [integration, integrated, integrating, integrations] !integrity, integral",3
Shell,2025,"Strategic Options, Experimentation, and Choices",Acquisition/integration,"integrate [integration, integrated, integrating, integrations] !integrity, integral",5
Amazon,1997,"Strategic Options, Experimentation, and Choices",Acquisition/integration,"divest [divestment, divestments, divested, divesting, divestiture, divestitures]",0
Amazon,2016,"Strategic Options, Experimentation, and Choices",Acquisition/integration,"divest [divestment, divestments, divested, divesting, divestiture, divestitures]",0
Amazon,2020,"Strategic Options, Experimentation, and Choices",Acquisition/integration,"divest [divestment, divestments, divested, divesting, divestiture, divestitures]",0
Amazon,2021,"Strategic Options, Experimentation, and Choices",Acquisition/integration,"divest [divestment, divestments, divested, divesting, divestiture, divestitures]",0
Amazon,2022,"Strategic Options, Experimentation, and Choices",Acquisition/integration,"divest [divestment, divestments, divested, divesting, divestiture, divestitures]",0
Amazon,2024,"Strategic Options, Experimentation, and Choices",Acquisition/integration,"divest [divestment, divestments, divested, divesting, divestiture, divestitures]",0
Amazon,2025,"Strategic Options, Experimentation, and Choices",Acquisition/integration,"divest [divestment, divestments, divested, divesting, divestiture, divestitures]",0
Chevron,2013,"Strategic Options, Experimentation, and Choices",Acquisition/integration,"divest [divestment, divestments, divested, divesting, divestiture, divestitures]",0
Chevron,2018,"Strategic Options, Experimentation, and Choices",Acquisition/integration,"divest [divestment, divestments, divested, divesting, divestiture, divestitures]",0
Chevron,2020,"Strategic Options, Experimentation, and Choices",Acquisition/integration,"divest [divestment, divestments, divested, divesting, divestiture, divestitures]",1
Chevron,2021,"Strategic Options, Experimentation, and Choices",Acquisition/integration,"divest [divestment, divestments, divested, divesting, divestiture, divestitures]",0
Chevron,2022,"Strategic Options, Experimentation, and Choices",Acquisition/integration,"divest [divestment, divestments, divested, divesting, divestiture, divestitures]",0
Chevron,2023,"Strategic Options, Experimentation, and Choices",Acquisition/integration,"divest [divestment, divestments, divested, divesting, divestiture, divestitures]",0
Chevron,2024,"Strategic Options, Experimentation, and Choices",Acquisition/integration,"divest [divestment, divestments, divested, divesting, divestiture, divestitures]",0
Nvidia,2017,"Strategic Options, Experimentation, and Choices",Acquisition/integration,"divest [divestment, divestments, divested, divesting, divestiture, divestitures]",0
Nvidia,2018,"Strategic Options, Experimentation, and Choices",Acquisition/integration,"divest [divestment, divestments, divested, divesting, divestiture, divestitures]",0
Nvidia,2020,"Strategic Options, Experimentation, and Choices",Acquisition/integration,"divest [divestment, divestments, divested, divesting, divestiture, divestitures]",0
Nvidia,2021,"Strategic Options, Experimentation, and Choices",Acquisition/integration,"divest [divestment, divestments, divested, divesting, divestiture, divestitures]",0
Nvidia,2022,"Strategic Options, Experimentation, and Choices",Acquisition/integration,"divest [divestment, divestments, divested, divesting, divestiture, divestitures]",0
Nvidia,2023,"Strategic Options, Experimentation, and Choices",Acquisition/integration,"divest [divestment, divestments, divested, divesting, divestiture, divestitures]",0
Nvidia,2025,"Strategic Options, Experimentation, and Choices",Acquisition/integration,"divest [divestment, divestments, divested, divesting, divestiture, divestitures]",0
Shell,2014,"Strategic Options, Experimentation, and Choices",Acquisition/integration,"divest [divestment, divestments, divested, divesting, divestiture, divestitures]",3
Shell,2015,"Strategic Options, Experimentation, and Choices",Acquisition/integration,"divest [divestment, divestments, divested, divesting, divestiture, divestitures]",2
Shell,2016,"Strategic Options, Experimentation, and Choices",Acquisition/integration,"divest [divestment, divestments, divested, divesting, divestiture, divestitures]",3
Shell,2020,"Strategic Options, Experimentation, and Choices",Acquisition/integration,"divest [divestment, divestments, divested, divesting, divestiture, divestitures]",1
Shell,2022,"Strategic Options, Experimentation, and Choices",Acquisition/integration,"divest [divestment, divestments, divested, divesting, divestiture, divestitures]",0
Shell,2024,"Strategic Options, Experimentation, and Choices",Acquisition/integration,"divest [divestment, divestments, divested, divesting, divestiture, divestitures]",1
Shell,2025,"Strategic Options, Experimentation, and Choices",Acquisition/integration,"divest [divestment, divestments, divested, divesting, divestiture, divestitures]",2
Amazon,1997,"Strategic Options, Experimentation, and Choices",Acquisition/integration,portfolio [portfolios],0
Amazon,2016,"Strategic Options, Experimentation, and Choices",Acquisition/integration,portfolio [portfolios],0
Amazon,2020,"Strategic Options, Experimentation, and Choices",Acquisition/integration,portfolio [portfolios],0
Amazon,2021,"Strategic Options, Experimentation, and Choices",Acquisition/integration,portfolio [portfolios],0
Amazon,2022,"Strategic Options, Experimentation, and Choices",Acquisition/integration,portfolio [portfolios],0
Amazon,2024,"Strategic Options, Experimentation, and Choices",Acquisition/integration,portfolio [portfolios],0
Amazon,2025,"Strategic Options, Experimentation, and Choices",Acquisition/integration,portfolio [portfolios],0
Chevron,2013,"Strategic Options, Experimentation, and Choices",Acquisition/integration,portfolio [portfolios],3
Chevron,2018,"Strategic Options, Experimentation, and Choices",Acquisition/integration,portfolio [portfolios],2
Chevron,2020,"Strategic Options, Experimentation, and Choices",Acquisition/integration,portfolio [portfolios],3
Chevron,2021,"Strategic Options, Experimentation, and Choices",Acquisition/integration,portfolio [portfolios],0
Chevron,2022,"Strategic Options, Experimentation, and Choices",Acquisition/integration,portfolio [portfolios],0
Chevron,2023,"Strategic Options, Experimentation, and Choices",Acquisition/integration,portfolio [portfolios],3
Chevron,2024,"Strategic Options, Experimentation, and Choices",Acquisition/integration,portfolio [portfolios],4
Nvidia,2017,"Strategic Options, Experimentation, and Choices",Acquisition/integration,portfolio [portfolios],0
Nvidia,2018,"Strategic Options, Experimentation, and Choices",Acquisition/integration,portfolio [portfolios],0
Nvidia,2020,"Strategic Options, Experimentation, and Choices",Acquisition/integration,portfolio [portfolios],0
Nvidia,2021,"Strategic Options, Experimentation, and Choices",Acquisition/integration,portfolio [portfolios],0
Nvidia,2022,"Strategic Options, Experimentation, and Choices",Acquisition/integration,portfolio [portfolios],0
Nvidia,2023,"Strategic Options, Experimentation, and Choices",Acquisition/integration,portfolio [portfolios],1
Nvidia,2025,"Strategic Options, Experimentation, and Choices",Acquisition/integration,portfolio [portfolios],0
Shell,2014,"Strategic Options, Experimentation, and Choices",Acquisition/integration,portfolio [portfolios],1
Shell,2015,"Strategic Options, Experimentation, and Choices",Acquisition/integration,portfolio [portfolios],2
Shell,2016,"Strategic Options, Experimentation, and Choices",Acquisition/integration,portfolio [portfolios],7
Shell,2020,"Strategic Options, Experimentation, and Choices",Acquisition/integration,portfolio [portfolios],0
Shell,2022,"Strategic Options, Experimentation, and Choices",Acquisition/integration,portfolio [portfolios],2
Shell,2024,"Strategic Options, Experimentation, and Choices",Acquisition/integration,portfolio [portfolios],2
Shell,2025,"Strategic Options, Experimentation, and Choices",Acquisition/integration,portfolio [portfolios],7
Amazon,1997,"Strategic Options, Experimentation, and Choices",Experiment/pilot/learn,"experiment [experimentation, experimental, experiments, experimented, experimenting] !experience, experiences, experienced, experiencing",0
Amazon,2016,"Strategic Options, Experimentation, and Choices",Experiment/pilot/learn,"experiment [experimentation, experimental, experiments, experimented, experimenting] !experience, experiences, experienced, experiencing",1
Amazon,2020,"Strategic Options, Experimentation, and Choices",Experiment/pilot/learn,"experiment [experimentation, experimental, experiments, experimented, experimenting] !experience, experiences, experienced, experiencing",0
Amazon,2021,"Strategic Options, Experimentation, and Choices",Experiment/pilot/learn,"experiment [experimentation, experimental, experiments, experimented, experimenting] !experience, experiences, experienced, experiencing",5
Amazon,2022,"Strategic Options, Experimentation, and Choices",Experiment/pilot/learn,"experiment [experimentation, experimental, experiments, experimented, experimenting] !experience, experiences, experienced, experiencing",2
Amazon,2024,"Strategic Options, Experimentation, and Choices",Experiment/pilot/learn,"experiment [experimentation, experimental, experiments, experimented, experimenting] !experience, experiences, experienced, experiencing",2
Amazon,2025,"Strategic Options, Experimentation, and Choices",Experiment/pilot/learn,"experiment [experimentation, experimental, experiments, experimented, experimenting] !experience, experiences, experienced, experiencing",5
Chevron,2013,"Strategic Options, Experimentation, and Choices",Experiment/pilot/learn,"experiment [experimentation, experimental, experiments, experimented, experimenting] !experience, experiences, experienced, experiencing",0
Chevron,2018,"Strategic Options, Experimentation, and Choices",Experiment/pilot/learn,"experiment [experimentation, experimental, experiments, experimented, experimenting] !experience, experiences, experienced, experiencing",0
Chevron,2020,"Strategic Options, Experimentation, and Choices",Experiment/pilot/learn,"experiment [experimentation, experimental, experiments, experimented, experimenting] !experience, experiences, experienced, experiencing",0
Chevron,2021,"Strategic Options, Experimentation, and Choices",Experiment/pilot/learn,"experiment [experimentation, experimental, experiments, experimented, experimenting] !experience, experiences, experienced, experiencing",0
Chevron,2022,"Strategic Options, Experimentation, and Choices",Experiment/pilot/learn,"experiment [experimentation, experimental, experiments, experimented, experimenting] !experience, experiences, experienced, experiencing",0
Chevron,2023,"Strategic Options, Experimentation, and Choices",Experiment/pilot/learn,"experiment [experimentation, experimental, experiments, experimented, experimenting] !experience, experiences, experienced, experiencing",0
Chevron,2024,"Strategic Options, Experimentation, and Choices",Experiment/pilot/learn,"experiment [experimentation, experimental, experiments, experimented, experimenting] !experience, experiences, experienced, experiencing",0
Nvidia,2017,"Strategic Options, Experimentation, and Choices",Experiment/pilot/learn,"experiment [experimentation, experimental, experiments, experimented, experimenting] !experience, experiences, experienced, experiencing",0
Nvidia,2018,"Strategic Options, Experimentation, and Choices",Experiment/pilot/learn,"experiment [experimentation, experimental, experiments, experimented, experimenting] !experience, experiences, experienced, experiencing",0
Nvidia,2020,"Strategic Options, Experimentation, and Choices",Experiment/pilot/learn,"experiment [experimentation, experimental, experiments, experimented, experimenting] !experience, experiences, experienced, experiencing",0
Nvidia,2021,"Strategic Options, Experimentation, and Choices",Experiment/pilot/learn,"experiment [experimentation, experimental, experiments, experimented, experimenting] !experience, experiences, experienced, experiencing",1
Nvidia,2022,"Strategic Options, Experimentation, and Choices",Experiment/pilot/learn,"experiment [experimentation, experimental, experiments, experimented, experimenting] !experience, experiences, experienced, experiencing",0
Nvidia,2023,"Strategic Options, Experimentation, and Choices",Experiment/pilot/learn,"experiment [experimentation, experimental, experiments, experimented, experimenting] !experience, experiences, experienced, experiencing",0
Nvidia,2025,"Strategic Options, Experimentation, and Choices",Experiment/pilot/learn,"experiment [experimentation, experimental, experiments, experimented, experimenting] !experience, experiences, experienced, experiencing",0
Shell,2014,"Strategic Options, Experimentation, and Choices",Experiment/pilot/learn,"experiment [experimentation, experimental, experiments, experimented, experimenting] !experience, experiences, experienced, experiencing",0
Shell,2015,"Strategic Options, Experimentation, and Choices",Experiment/pilot/learn,"experiment [experimentation, experimental, experiments, experimented, experimenting] !experience, experiences, experienced, experiencing",0
Shell,2016,"Strategic Options, Experimentation, and Choices",Experiment/pilot/learn,"experiment [experimentation, experimental, experiments, experimented, experimenting] !experience, experiences, experienced, experiencing",0
Shell,2020,"Strategic Options, Experimentation, and Choices",Experiment/pilot/learn,"experiment [experimentation, experimental, experiments, experimented, experimenting] !experience, experiences, experienced, experiencing",0
Shell,2022,"Strategic Options, Experimentation, and Choices",Experiment/pilot/learn,"experiment [experimentation, experimental, experiments, experimented, experimenting] !experience, experiences, experienced, experiencing",0
Shell,2024,"Strategic Options, Experimentation, and Choices",Experiment/pilot/learn,"experiment [experimentation, experimental, experiments, experimented, experimenting] !experience, experiences, experienced, experiencing",0
Shell,2025,"Strategic Options, Experimentation, and Choices",Experiment/pilot/learn,"experiment [experimentation, experimental, experiments, experimented, experimenting] !experience, experiences, experienced, experiencing",0
Amazon,1997,"Strategic Options, Experimentation, and Choices",Experiment/pilot/learn,"pilot [pilots, piloted, piloting]",0
Amazon,2016,"Strategic Options, Experimentation, and Choices",Experiment/pilot/learn,"pilot [pilots, piloted, piloting]",0
Amazon,2020,"Strategic Options, Experimentation, and Choices",Experiment/pilot/learn,"pilot [pilots, piloted, piloting]",0
Amazon,2021,"Strategic Options, Experimentation, and Choices",Experiment/pilot/learn,"pilot [pilots, piloted, piloting]",0
Amazon,2022,"Strategic Options, Experimentation, and Choices",Experiment/pilot/learn,"pilot [pilots, piloted, piloting]",0
Amazon,2024,"Strategic Options, Experimentation, and Choices",Experiment/pilot/learn,"pilot [pilots, piloted, piloting]",0
Amazon,2025,"Strategic Options, Experimentation, and Choices",Experiment/pilot/learn,"pilot [pilots, piloted, piloting]",0
Chevron,2013,"Strategic Options, Experimentation, and Choices",Experiment/pilot/learn,"pilot [pilots, piloted, piloting]",0
Chevron,2018,"Strategic Options, Experimentation, and Choices",Experiment/pilot/learn,"pilot [pilots, piloted, piloting]",0
Chevron,2020,"Strategic Options, Experimentation, and Choices",Experiment/pilot/learn,"pilot [pilots, piloted, piloting]",0
Chevron,2021,"Strategic Options, Experimentation, and Choices",Experiment/pilot/learn,"pilot [pilots, piloted, piloting]",1
Chevron,2022,"Strategic Options, Experimentation, and Choices",Experiment/pilot/learn,"pilot [pilots, piloted, piloting]",1
Chevron,2023,"Strategic Options, Experimentation, and Choices",Experiment/pilot/learn,"pilot [pilots, piloted, piloting]",0
Chevron,2024,"Strategic Options, Experimentation, and Choices",Experiment/pilot/learn,"pilot [pilots, piloted, piloting]",0
Nvidia,2017,"Strategic Options, Experimentation, and Choices",Experiment/pilot/learn,"pilot [pilots, piloted, piloting]",0
Nvidia,2018,"Strategic Options, Experimentation, and Choices",Experiment/pilot/learn,"pilot [pilots, piloted, piloting]",0
Nvidia,2020,"Strategic Options, Experimentation, and Choices",Experiment/pilot/learn,"pilot [pilots, piloted, piloting]",0
Nvidia,2021,"Strategic Options, Experimentation, and Choices",Experiment/pilot/learn,"pilot [pilots, piloted, piloting]",0
Nvidia,2022,"Strategic Options, Experimentation, and Choices",Experiment/pilot/learn,"pilot [pilots, piloted, piloting]",0
Nvidia,2023,"Strategic Options, Experimentation, and Choices",Experiment/pilot/learn,"pilot [pilots, piloted, piloting]",0
Nvidia,2025,"Strategic Options, Experimentation, and Choices",Experiment/pilot/learn,"pilot [pilots, piloted, piloting]",0
Shell,2014,"Strategic Options, Experimentation, and Choices",Experiment/pilot/learn,"pilot [pilots, piloted, piloting]",0
Shell,2015,"Strategic Options, Experimentation, and Choices",Experiment/pilot/learn,"pilot [pilots, piloted, piloting]",0
Shell,2016,"Strategic Options, Experimentation, and Choices",Experiment/pilot/learn,"pilot [pilots, piloted, piloting]",0
Shell,2020,"Strategic Options, Experimentation, and Choices",Experiment/pilot/learn,"pilot [pilots, piloted, piloting]",0
Shell,2022,"Strategic Options, Experimentation, and Choices",Experiment/pilot/learn,"pilot [pilots, piloted, piloting]",0
Shell,2024,"Strategic Options, Experimentation, and Choices",Experiment/pilot/learn,"pilot [pilots, piloted, piloting]",0
Shell,2025,"Strategic Options, Experimentation, and Choices",Experiment/pilot/learn,"pilot [pilots, piloted, piloting]",0
Amazon,1997,"Strategic Options, Experimentation, and Choices",Experiment/pilot/learn,"trial [trials, trialed, trialing]",0
Amazon,2016,"Strategic Options, Experimentation, and Choices",Experiment/pilot/learn,"trial [trials, trialed, trialing]",0
Amazon,2020,"Strategic Options, Experimentation, and Choices",Experiment/pilot/learn,"trial [trials, trialed, trialing]",0
Amazon,2021,"Strategic Options, Experimentation, and Choices",Experiment/pilot/learn,"trial [trials, trialed, trialing]",0
Amazon,2022,"Strategic Options, Experimentation, and Choices",Experiment/pilot/learn,"trial [trials, trialed, trialing]",0
Amazon,2024,"Strategic Options, Experimentation, and Choices",Experiment/pilot/learn,"trial [trials, trialed, trialing]",0
Amazon,2025,"Strategic Options, Experimentation, and Choices",Experiment/pilot/learn,"trial [trials, trialed, trialing]",0
Chevron,2013,"Strategic Options, Experimentation, and Choices",Experiment/pilot/learn,"trial [trials, trialed, trialing]",0
Chevron,2018,"Strategic Options, Experimentation, and Choices",Experiment/pilot/learn,"trial [trials, trialed, trialing]",0
Chevron,2020,"Strategic Options, Experimentation, and Choices",Experiment/pilot/learn,"trial [trials, trialed, trialing]",0
Chevron,2021,"Strategic Options, Experimentation, and Choices",Experiment/pilot/learn,"trial [trials, trialed, trialing]",0
Chevron,2022,"Strategic Options, Experimentation, and Choices",Experiment/pilot/learn,"trial [trials, trialed, trialing]",0
Chevron,2023,"Strategic Options, Experimentation, and Choices",Experiment/pilot/learn,"trial [trials, trialed, trialing]",0
Chevron,2024,"Strategic Options, Experimentation, and Choices",Experiment/pilot/learn,"trial [trials, trialed, trialing]",0
Nvidia,2017,"Strategic Options, Experimentation, and Choices",Experiment/pilot/learn,"trial [trials, trialed, trialing]",0
Nvidia,2018,"Strategic Options, Experimentation, and Choices",Experiment/pilot/learn,"trial [trials, trialed, trialing]",0
Nvidia,2020,"Strategic Options, Experimentation, and Choices",Experiment/pilot/learn,"trial [trials, trialed, trialing]",1
Nvidia,2021,"Strategic Options, Experimentation, and Choices",Experiment/pilot/learn,"trial [trials, trialed, trialing]",0
Nvidia,2022,"Strategic Options, Experimentation, and Choices",Experiment/pilot/learn,"trial [trials, trialed, trialing]",0
Nvidia,2023,"Strategic Options, Experimentation, and Choices",Experiment/pilot/learn,"trial [trials, trialed, trialing]",0
Nvidia,2025,"Strategic Options, Experimentation, and Choices",Experiment/pilot/learn,"trial [trials, trialed, trialing]",0
Shell,2014,"Strategic Options, Experimentation, and Choices",Experiment/pilot/learn,"trial [trials, trialed, trialing]",0
Shell,2015,"Strategic Options, Experimentation, and Choices",Experiment/pilot/learn,"trial [trials, trialed, trialing]",0
Shell,2016,"Strategic Options, Experimentation, and Choices",Experiment/pilot/learn,"trial [trials, trialed, trialing]",0
Shell,2020,"Strategic Options, Experimentation, and Choices",Experiment/pilot/learn,"trial [trials, trialed, trialing]",0
Shell,2022,"Strategic Options, Experimentation, and Choices",Experiment/pilot/learn,"trial [trials, trialed, trialing]",0
Shell,2024,"Strategic Options, Experimentation, and Choices",Experiment/pilot/learn,"trial [trials, trialed, trialing]",0
Shell,2025,"Strategic Options, Experimentation, and Choices",Experiment/pilot/learn,"trial [trials, trialed, trialing]",0
Amazon,1997,"Strategic Options, Experimentation, and Choices",Experiment/pilot/learn,"iterate [iteration, iterations, iterating, iterative, iterated]",0
Amazon,2016,"Strategic Options, Experimentation, and Choices",Experiment/pilot/learn,"iterate [iteration, iterations, iterating, iterative, iterated]",0
Amazon,2020,"Strategic Options, Experimentation, and Choices",Experiment/pilot/learn,"iterate [iteration, iterations, iterating, iterative, iterated]",0
Amazon,2021,"Strategic Options, Experimentation, and Choices",Experiment/pilot/learn,"iterate [iteration, iterations, iterating, iterative, iterated]",17
Amazon,2022,"Strategic Options, Experimentation, and Choices",Experiment/pilot/learn,"iterate [iteration, iterations, iterating, iterative, iterated]",0
Amazon,2024,"Strategic Options, Experimentation, and Choices",Experiment/pilot/learn,"iterate [iteration, iterations, iterating, iterative, iterated]",4
Amazon,2025,"Strategic Options, Experimentation, and Choices",Experiment/pilot/learn,"iterate [iteration, iterations, iterating, iterative, iterated]",0
Chevron,2013,"Strategic Options, Experimentation, and Choices",Experiment/pilot/learn,"iterate [iteration, iterations, iterating, iterative, iterated]",0
Chevron,2018,"Strategic Options, Experimentation, and Choices",Experiment/pilot/learn,"iterate [iteration, iterations, iterating, iterative, iterated]",0
Chevron,2020,"Strategic Options, Experimentation, and Choices",Experiment/pilot/learn,"iterate [iteration, iterations, iterating, iterative, iterated]",0
Chevron,2021,"Strategic Options, Experimentation, and Choices",Experiment/pilot/learn,"iterate [iteration, iterations, iterating, iterative, iterated]",0
Chevron,2022,"Strategic Options, Experimentation, and Choices",Experiment/pilot/learn,"iterate [iteration, iterations, iterating, iterative, iterated]",0
Chevron,2023,"Strategic Options, Experimentation, and Choices",Experiment/pilot/learn,"iterate [iteration, iterations, iterating, iterative, iterated]",0
Chevron,2024,"Strategic Options, Experimentation, and Choices",Experiment/pilot/learn,"iterate [iteration, iterations, iterating, iterative, iterated]",0
Nvidia,2017,"Strategic Options, Experimentation, and Choices",Experiment/pilot/learn,"iterate [iteration, iterations, iterating, iterative, iterated]",0
Nvidia,2018,"Strategic Options, Experimentation, and Choices",Experiment/pilot/learn,"iterate [iteration, iterations, iterating, iterative, iterated]",0
Nvidia,2020,"Strategic Options, Experimentation, and Choices",Experiment/pilot/learn,"iterate [iteration, iterations, iterating, iterative, iterated]",1
Nvidia,2021,"Strategic Options, Experimentation, and Choices",Experiment/pilot/learn,"iterate [iteration, iterations, iterating, iterative, iterated]",0
Nvidia,2022,"Strategic Options, Experimentation, and Choices",Experiment/pilot/learn,"iterate [iteration, iterations, iterating, iterative, iterated]",0
Nvidia,2023,"Strategic Options, Experimentation, and Choices",Experiment/pilot/learn,"iterate [iteration, iterations, iterating, iterative, iterated]",0
Nvidia,2025,"Strategic Options, Experimentation, and Choices",Experiment/pilot/learn,"iterate [iteration, iterations, iterating, iterative, iterated]",0
Shell,2014,"Strategic Options, Experimentation, and Choices",Experiment/pilot/learn,"iterate [iteration, iterations, iterating, iterative, iterated]",0
Shell,2015,"Strategic Options, Experimentation, and Choices",Experiment/pilot/learn,"iterate [iteration, iterations, iterating, iterative, iterated]",0
Shell,2016,"Strategic Options, Experimentation, and Choices",Experiment/pilot/learn,"iterate [iteration, iterations, iterating, iterative, iterated]",0
Shell,2020,"Strategic Options, Experimentation, and Choices",Experiment/pilot/learn,"iterate [iteration, iterations, iterating, iterative, iterated]",0
Shell,2022,"Strategic Options, Experimentation, and Choices",Experiment/pilot/learn,"iterate [iteration, iterations, iterating, iterative, iterated]",0
Shell,2024,"Strategic Options, Experimentation, and Choices",Experiment/pilot/learn,"iterate [iteration, iterations, iterating, iterative, iterated]",0
Shell,2025,"Strategic Options, Experimentation, and Choices",Experiment/pilot/learn,"iterate [iteration, iterations, iterating, iterative, iterated]",0
Amazon,1997,"Strategic Options, Experimentation, and Choices",Experiment/pilot/learn,"test [tests, testing, tested]",0
Amazon,2016,"Strategic Options, Experimentation, and Choices",Experiment/pilot/learn,"test [tests, testing, tested]",2
Amazon,2020,"Strategic Options, Experimentation, and Choices",Experiment/pilot/learn,"test [tests, testing, tested]",0
Amazon,2021,"Strategic Options, Experimentation, and Choices",Experiment/pilot/learn,"test [tests, testing, tested]",0
Amazon,2022,"Strategic Options, Experimentation, and Choices",Experiment/pilot/learn,"test [tests, testing, tested]",1
Amazon,2024,"Strategic Options, Experimentation, and Choices",Experiment/pilot/learn,"test [tests, testing, tested]",0
Amazon,2025,"Strategic Options, Experimentation, and Choices",Experiment/pilot/learn,"test [tests, testing, tested]",0
Chevron,2013,"Strategic Options, Experimentation, and Choices",Experiment/pilot/learn,"test [tests, testing, tested]",0
Chevron,2018,"Strategic Options, Experimentation, and Choices",Experiment/pilot/learn,"test [tests, testing, tested]",0
Chevron,2020,"Strategic Options, Experimentation, and Choices",Experiment/pilot/learn,"test [tests, testing, tested]",1
Chevron,2021,"Strategic Options, Experimentation, and Choices",Experiment/pilot/learn,"test [tests, testing, tested]",1
Chevron,2022,"Strategic Options, Experimentation, and Choices",Experiment/pilot/learn,"test [tests, testing, tested]",0
Chevron,2023,"Strategic Options, Experimentation, and Choices",Experiment/pilot/learn,"test [tests, testing, tested]",0
Chevron,2024,"Strategic Options, Experimentation, and Choices",Experiment/pilot/learn,"test [tests, testing, tested]",1
Nvidia,2017,"Strategic Options, Experimentation, and Choices",Experiment/pilot/learn,"test [tests, testing, tested]",0
Nvidia,2018,"Strategic Options, Experimentation, and Choices",Experiment/pilot/learn,"test [tests, testing, tested]",0
Nvidia,2020,"Strategic Options, Experimentation, and Choices",Experiment/pilot/learn,"test [tests, testing, tested]",1
Nvidia,2021,"Strategic Options, Experimentation, and Choices",Experiment/pilot/learn,"test [tests, testing, tested]",2
Nvidia,2022,"Strategic Options, Experimentation, and Choices",Experiment/pilot/learn,"test [tests, testing, tested]",1
Nvidia,2023,"Strategic Options, Experimentation, and Choices",Experiment/pilot/learn,"test [tests, testing, tested]",2
Nvidia,2025,"Strategic Options, Experimentation, and Choices",Experiment/pilot/learn,"test [tests, testing, tested]",0
Shell,2014,"Strategic Options, Experimentation, and Choices",Experiment/pilot/learn,"test [tests, testing, tested]",1
Shell,2015,"Strategic Options, Experimentation, and Choices",Experiment/pilot/learn,"test [tests, testing, tested]",0
Shell,2016,"Strategic Options, Experimentation, and Choices",Experiment/pilot/learn,"test [tests, testing, tested]",0
Shell,2020,"Strategic Options, Experimentation, and Choices",Experiment/pilot/learn,"test [tests, testing, tested]",0
Shell,2022,"Strategic Options, Experimentation, and Choices",Experiment/pilot/learn,"test [tests, testing, tested]",0
Shell,2024,"Strategic Options, Experimentation, and Choices",Experiment/pilot/learn,"test [tests, testing, tested]",0
Shell,2025,"Strategic Options, Experimentation, and Choices",Experiment/pilot/learn,"test [tests, testing, tested]",0
Amazon,1997,"Strategic Options, Experimentation, and Choices",Experiment/pilot/learn,"learn [learning, learned, learner, learners, learns]",4
Amazon,2016,"Strategic Options, Experimentation, and Choices",Experiment/pilot/learn,"learn [learning, learned, learner, learners, learns]",9
Amazon,2020,"Strategic Options, Experimentation, and Choices",Experiment/pilot/learn,"learn [learning, learned, learner, learners, learns]",0
Amazon,2021,"Strategic Options, Experimentation, and Choices",Experiment/pilot/learn,"learn [learning, learned, learner, learners, learns]",9
Amazon,2022,"Strategic Options, Experimentation, and Choices",Experiment/pilot/learn,"learn [learning, learned, learner, learners, learns]",20
Amazon,2024,"Strategic Options, Experimentation, and Choices",Experiment/pilot/learn,"learn [learning, learned, learner, learners, learns]",7
Amazon,2025,"Strategic Options, Experimentation, and Choices",Experiment/pilot/learn,"learn [learning, learned, learner, learners, learns]",3
Chevron,2013,"Strategic Options, Experimentation, and Choices",Experiment/pilot/learn,"learn [learning, learned, learner, learners, learns]",0
Chevron,2018,"Strategic Options, Experimentation, and Choices",Experiment/pilot/learn,"learn [learning, learned, learner, learners, learns]",1
Chevron,2020,"Strategic Options, Experimentation, and Choices",Experiment/pilot/learn,"learn [learning, learned, learner, learners, learns]",0
Chevron,2021,"Strategic Options, Experimentation, and Choices",Experiment/pilot/learn,"learn [learning, learned, learner, learners, learns]",0
Chevron,2022,"Strategic Options, Experimentation, and Choices",Experiment/pilot/learn,"learn [learning, learned, learner, learners, learns]",0
Chevron,2023,"Strategic Options, Experimentation, and Choices",Experiment/pilot/learn,"learn [learning, learned, learner, learners, learns]",0
Chevron,2024,"Strategic Options, Experimentation, and Choices",Experiment/pilot/learn,"learn [learning, learned, learner, learners, learns]",0
Nvidia,2017,"Strategic Options, Experimentation, and Choices",Experiment/pilot/learn,"learn [learning, learned, learner, learners, learns]",3
Nvidia,2018,"Strategic Options, Experimentation, and Choices",Experiment/pilot/learn,"learn [learning, learned, learner, learners, learns]",3
Nvidia,2020,"Strategic Options, Experimentation, and Choices",Experiment/pilot/learn,"learn [learning, learned, learner, learners, learns]",11
Nvidia,2021,"Strategic Options, Experimentation, and Choices",Experiment/pilot/learn,"learn [learning, learned, learner, learners, learns]",7
Nvidia,2022,"Strategic Options, Experimentation, and Choices",Experiment/pilot/learn,"learn [learning, learned, learner, learners, learns]",3
Nvidia,2023,"Strategic Options, Experimentation, and Choices",Experiment/pilot/learn,"learn [learning, learned, learner, learners, learns]",9
Nvidia,2025,"Strategic Options, Experimentation, and Choices",Experiment/pilot/learn,"learn [learning, learned, learner, learners, learns]",8
Shell,2014,"Strategic Options, Experimentation, and Choices",Experiment/pilot/learn,"learn [learning, learned, learner, learners, learns]",0
Shell,2015,"Strategic Options, Experimentation, and Choices",Experiment/pilot/learn,"learn [learning, learned, learner, learners, learns]",0
Shell,2016,"Strategic Options, Experimentation, and Choices",Experiment/pilot/learn,"learn [learning, learned, learner, learners, learns]",0
Shell,2020,"Strategic Options, Experimentation, and Choices",Experiment/pilot/learn,"learn [learning, learned, learner, learners, learns]",0
Shell,2022,"Strategic Options, Experimentation, and Choices",Experiment/pilot/learn,"learn [learning, learned, learner, learners, learns]",1
Shell,2024,"Strategic Options, Experimentation, and Choices",Experiment/pilot/learn,"learn [learning, learned, learner, learners, learns]",1
Shell,2025,"Strategic Options, Experimentation, and Choices",Experiment/pilot/learn,"learn [learning, learned, learner, learners, learns]",1
Amazon,1997,"Strategic Options, Experimentation, and Choices",Prioritize/scale/allocate,"prioritize [prioritization, prioritized, prioritizing, prioritizes]",2
Amazon,2016,"Strategic Options, Experimentation, and Choices",Prioritize/scale/allocate,"prioritize [prioritization, prioritized, prioritizing, prioritizes]",0
Amazon,2020,"Strategic Options, Experimentation, and Choices",Prioritize/scale/allocate,"prioritize [prioritization, prioritized, prioritizing, prioritizes]",0
Amazon,2021,"Strategic Options, Experimentation, and Choices",Prioritize/scale/allocate,"prioritize [prioritization, prioritized, prioritizing, prioritizes]",0
Amazon,2022,"Strategic Options, Experimentation, and Choices",Prioritize/scale/allocate,"prioritize [prioritization, prioritized, prioritizing, prioritizes]",1
Amazon,2024,"Strategic Options, Experimentation, and Choices",Prioritize/scale/allocate,"prioritize [prioritization, prioritized, prioritizing, prioritizes]",3
Amazon,2025,"Strategic Options, Experimentation, and Choices",Prioritize/scale/allocate,"prioritize [prioritization, prioritized, prioritizing, prioritizes]",0
Chevron,2013,"Strategic Options, Experimentation, and Choices",Prioritize/scale/allocate,"prioritize [prioritization, prioritized, prioritizing, prioritizes]",0
Chevron,2018,"Strategic Options, Experimentation, and Choices",Prioritize/scale/allocate,"prioritize [prioritization, prioritized, prioritizing, prioritizes]",1
Chevron,2020,"Strategic Options, Experimentation, and Choices",Prioritize/scale/allocate,"prioritize [prioritization, prioritized, prioritizing, prioritizes]",1
Chevron,2021,"Strategic Options, Experimentation, and Choices",Prioritize/scale/allocate,"prioritize [prioritization, prioritized, prioritizing, prioritizes]",0
Chevron,2022,"Strategic Options, Experimentation, and Choices",Prioritize/scale/allocate,"prioritize [prioritization, prioritized, prioritizing, prioritizes]",0
Chevron,2023,"Strategic Options, Experimentation, and Choices",Prioritize/scale/allocate,"prioritize [prioritization, prioritized, prioritizing, prioritizes]",0
Chevron,2024,"Strategic Options, Experimentation, and Choices",Prioritize/scale/allocate,"prioritize [prioritization, prioritized, prioritizing, prioritizes]",0
Nvidia,2017,"Strategic Options, Experimentation, and Choices",Prioritize/scale/allocate,"prioritize [prioritization, prioritized, prioritizing, prioritizes]",0
Nvidia,2018,"Strategic Options, Experimentation, and Choices",Prioritize/scale/allocate,"prioritize [prioritization, prioritized, prioritizing, prioritizes]",0
Nvidia,2020,"Strategic Options, Experimentation, and Choices",Prioritize/scale/allocate,"prioritize [prioritization, prioritized, prioritizing, prioritizes]",0
Nvidia,2021,"Strategic Options, Experimentation, and Choices",Prioritize/scale/allocate,"prioritize [prioritization, prioritized, prioritizing, prioritizes]",1
Nvidia,2022,"Strategic Options, Experimentation, and Choices",Prioritize/scale/allocate,"prioritize [prioritization, prioritized, prioritizing, prioritizes]",0
Nvidia,2023,"Strategic Options, Experimentation, and Choices",Prioritize/scale/allocate,"prioritize [prioritization, prioritized, prioritizing, prioritizes]",0
Nvidia,2025,"Strategic Options, Experimentation, and Choices",Prioritize/scale/allocate,"prioritize [prioritization, prioritized, prioritizing, prioritizes]",0
Shell,2014,"Strategic Options, Experimentation, and Choices",Prioritize/scale/allocate,"prioritize [prioritization, prioritized, prioritizing, prioritizes]",0
Shell,2015,"Strategic Options, Experimentation, and Choices",Prioritize/scale/allocate,"prioritize [prioritization, prioritized, prioritizing, prioritizes]",0
Shell,2016,"Strategic Options, Experimentation, and Choices",Prioritize/scale/allocate,"prioritize [prioritization, prioritized, prioritizing, prioritizes]",0
Shell,2020,"Strategic Options, Experimentation, and Choices",Prioritize/scale/allocate,"prioritize [prioritization, prioritized, prioritizing, prioritizes]",0
Shell,2022,"Strategic Options, Experimentation, and Choices",Prioritize/scale/allocate,"prioritize [prioritization, prioritized, prioritizing, prioritizes]",0
Shell,2024,"Strategic Options, Experimentation, and Choices",Prioritize/scale/allocate,"prioritize [prioritization, prioritized, prioritizing, prioritizes]",0
Shell,2025,"Strategic Options, Experimentation, and Choices",Prioritize/scale/allocate,"prioritize [prioritization, prioritized, prioritizing, prioritizes]",0
Amazon,1997,"Strategic Options, Experimentation, and Choices",Prioritize/scale/allocate,"allocate [allocation, allocations, allocated, allocating]",0
Amazon,2016,"Strategic Options, Experimentation, and Choices",Prioritize/scale/allocate,"allocate [allocation, allocations, allocated, allocating]",0
Amazon,2020,"Strategic Options, Experimentation, and Choices",Prioritize/scale/allocate,"allocate [allocation, allocations, allocated, allocating]",1
Amazon,2021,"Strategic Options, Experimentation, and Choices",Prioritize/scale/allocate,"allocate [allocation, allocations, allocated, allocating]",1
Amazon,2022,"Strategic Options, Experimentation, and Choices",Prioritize/scale/allocate,"allocate [allocation, allocations, allocated, allocating]",0
Amazon,2024,"Strategic Options, Experimentation, and Choices",Prioritize/scale/allocate,"allocate [allocation, allocations, allocated, allocating]",0
Amazon,2025,"Strategic Options, Experimentation, and Choices",Prioritize/scale/allocate,"allocate [allocation, allocations, allocated, allocating]",0
Chevron,2013,"Strategic Options, Experimentation, and Choices",Prioritize/scale/allocate,"allocate [allocation, allocations, allocated, allocating]",0
Chevron,2018,"Strategic Options, Experimentation, and Choices",Prioritize/scale/allocate,"allocate [allocation, allocations, allocated, allocating]",0
Chevron,2020,"Strategic Options, Experimentation, and Choices",Prioritize/scale/allocate,"allocate [allocation, allocations, allocated, allocating]",1
Chevron,2021,"Strategic Options, Experimentation, and Choices",Prioritize/scale/allocate,"allocate [allocation, allocations, allocated, allocating]",0
Chevron,2022,"Strategic Options, Experimentation, and Choices",Prioritize/scale/allocate,"allocate [allocation, allocations, allocated, allocating]",0
Chevron,2023,"Strategic Options, Experimentation, and Choices",Prioritize/scale/allocate,"allocate [allocation, allocations, allocated, allocating]",0
Chevron,2024,"Strategic Options, Experimentation, and Choices",Prioritize/scale/allocate,"allocate [allocation, allocations, allocated, allocating]",0
Nvidia,2017,"Strategic Options, Experimentation, and Choices",Prioritize/scale/allocate,"allocate [allocation, allocations, allocated, allocating]",0
Nvidia,2018,"Strategic Options, Experimentation, and Choices",Prioritize/scale/allocate,"allocate [allocation, allocations, allocated, allocating]",0
Nvidia,2020,"Strategic Options, Experimentation, and Choices",Prioritize/scale/allocate,"allocate [allocation, allocations, allocated, allocating]",0
Nvidia,2021,"Strategic Options, Experimentation, and Choices",Prioritize/scale/allocate,"allocate [allocation, allocations, allocated, allocating]",0
Nvidia,2022,"Strategic Options, Experimentation, and Choices",Prioritize/scale/allocate,"allocate [allocation, allocations, allocated, allocating]",0
Nvidia,2023,"Strategic Options, Experimentation, and Choices",Prioritize/scale/allocate,"allocate [allocation, allocations, allocated, allocating]",0
Nvidia,2025,"Strategic Options, Experimentation, and Choices",Prioritize/scale/allocate,"allocate [allocation, allocations, allocated, allocating]",2
Shell,2014,"Strategic Options, Experimentation, and Choices",Prioritize/scale/allocate,"allocate [allocation, allocations, allocated, allocating]",0
Shell,2015,"Strategic Options, Experimentation, and Choices",Prioritize/scale/allocate,"allocate [allocation, allocations, allocated, allocating]",0
Shell,2016,"Strategic Options, Experimentation, and Choices",Prioritize/scale/allocate,"allocate [allocation, allocations, allocated, allocating]",0
Shell,2020,"Strategic Options, Experimentation, and Choices",Prioritize/scale/allocate,"allocate [allocation, allocations, allocated, allocating]",0
Shell,2022,"Strategic Options, Experimentation, and Choices",Prioritize/scale/allocate,"allocate [allocation, allocations, allocated, allocating]",1
Shell,2024,"Strategic Options, Experimentation, and Choices",Prioritize/scale/allocate,"allocate [allocation, allocations, allocated, allocating]",0
Shell,2025,"Strategic Options, Experimentation, and Choices",Prioritize/scale/allocate,"allocate [allocation, allocations, allocated, allocating]",1
Amazon,1997,"Strategic Options, Experimentation, and Choices",Prioritize/scale/allocate,"scale [scales, scaled, scaling]",1
Amazon,2016,"Strategic Options, Experimentation, and Choices",Prioritize/scale/allocate,"scale [scales, scaled, scaling]",0
Amazon,2020,"Strategic Options, Experimentation, and Choices",Prioritize/scale/allocate,"scale [scales, scaled, scaling]",1
Amazon,2021,"Strategic Options, Experimentation, and Choices",Prioritize/scale/allocate,"scale [scales, scaled, scaling]",5
Amazon,2022,"Strategic Options, Experimentation, and Choices",Prioritize/scale/allocate,"scale [scales, scaled, scaling]",4
Amazon,2024,"Strategic Options, Experimentation, and Choices",Prioritize/scale/allocate,"scale [scales, scaled, scaling]",1
Amazon,2025,"Strategic Options, Experimentation, and Choices",Prioritize/scale/allocate,"scale [scales, scaled, scaling]",6
Chevron,2013,"Strategic Options, Experimentation, and Choices",Prioritize/scale/allocate,"scale [scales, scaled, scaling]",0
Chevron,2018,"Strategic Options, Experimentation, and Choices",Prioritize/scale/allocate,"scale [scales, scaled, scaling]",0
Chevron,2020,"Strategic Options, Experimentation, and Choices",Prioritize/scale/allocate,"scale [scales, scaled, scaling]",1
Chevron,2021,"Strategic Options, Experimentation, and Choices",Prioritize/scale/allocate,"scale [scales, scaled, scaling]",0
Chevron,2022,"Strategic Options, Experimentation, and Choices",Prioritize/scale/allocate,"scale [scales, scaled, scaling]",2
Chevron,2023,"Strategic Options, Experimentation, and Choices",Prioritize/scale/allocate,"scale [scales, scaled, scaling]",0
Chevron,2024,"Strategic Options, Experimentation, and Choices",Prioritize/scale/allocate,"scale [scales, scaled, scaling]",0
Nvidia,2017,"Strategic Options, Experimentation, and Choices",Prioritize/scale/allocate,"scale [scales, scaled, scaling]",0
Nvidia,2018,"Strategic Options, Experimentation, and Choices",Prioritize/scale/allocate,"scale [scales, scaled, scaling]",2
Nvidia,2020,"Strategic Options, Experimentation, and Choices",Prioritize/scale/allocate,"scale [scales, scaled, scaling]",3
Nvidia,2021,"Strategic Options, Experimentation, and Choices",Prioritize/scale/allocate,"scale [scales, scaled, scaling]",1
Nvidia,2022,"Strategic Options, Experimentation, and Choices",Prioritize/scale/allocate,"scale [scales, scaled, scaling]",3
Nvidia,2023,"Strategic Options, Experimentation, and Choices",Prioritize/scale/allocate,"scale [scales, scaled, scaling]",3
Nvidia,2025,"Strategic Options, Experimentation, and Choices",Prioritize/scale/allocate,"scale [scales, scaled, scaling]",23
Shell,2014,"Strategic Options, Experimentation, and Choices",Prioritize/scale/allocate,"scale [scales, scaled, scaling]",0
Shell,2015,"Strategic Options, Experimentation, and Choices",Prioritize/scale/allocate,"scale [scales, scaled, scaling]",0
Shell,2016,"Strategic Options, Experimentation, and Choices",Prioritize/scale/allocate,"scale [scales, scaled, scaling]",1
Shell,2020,"Strategic Options, Experimentation, and Choices",Prioritize/scale/allocate,"scale [scales, scaled, scaling]",0
Shell,2022,"Strategic Options, Experimentation, and Choices",Prioritize/scale/allocate,"scale [scales, scaled, scaling]",0
Shell,2024,"Strategic Options, Experimentation, and Choices",Prioritize/scale/allocate,"scale [scales, scaled, scaling]",1
Shell,2025,"Strategic Options, Experimentation, and Choices",Prioritize/scale/allocate,"scale [scales, scaled, scaling]",0
Amazon,1997,"Strategic Options, Experimentation, and Choices",Prioritize/scale/allocate,"invest [invests, invested, investing, investment, investments, investor, investors]",17
Amazon,2016,"Strategic Options, Experimentation, and Choices",Prioritize/scale/allocate,"invest [invests, invested, investing, investment, investments, investor, investors]",0
Amazon,2020,"Strategic Options, Experimentation, and Choices",Prioritize/scale/allocate,"invest [invests, invested, investing, investment, investments, investor, investors]",7
Amazon,2021,"Strategic Options, Experimentation, and Choices",Prioritize/scale/allocate,"invest [invests, invested, investing, investment, investments, investor, investors]",5
Amazon,2022,"Strategic Options, Experimentation, and Choices",Prioritize/scale/allocate,"invest [invests, invested, investing, investment, investments, investor, investors]",29
Amazon,2024,"Strategic Options, Experimentation, and Choices",Prioritize/scale/allocate,"invest [invests, invested, investing, investment, investments, investor, investors]",7
Amazon,2025,"Strategic Options, Experimentation, and Choices",Prioritize/scale/allocate,"invest [invests, invested, investing, investment, investments, investor, investors]",17
Chevron,2013,"Strategic Options, Experimentation, and Choices",Prioritize/scale/allocate,"invest [invests, invested, investing, investment, investments, investor, investors]",11
Chevron,2018,"Strategic Options, Experimentation, and Choices",Prioritize/scale/allocate,"invest [invests, invested, investing, investment, investments, investor, investors]",7
Chevron,2020,"Strategic Options, Experimentation, and Choices",Prioritize/scale/allocate,"invest [invests, invested, investing, investment, investments, investor, investors]",2
Chevron,2021,"Strategic Options, Experimentation, and Choices",Prioritize/scale/allocate,"invest [invests, invested, investing, investment, investments, investor, investors]",3
Chevron,2022,"Strategic Options, Experimentation, and Choices",Prioritize/scale/allocate,"invest [invests, invested, investing, investment, investments, investor, investors]",10
Chevron,2023,"Strategic Options, Experimentation, and Choices",Prioritize/scale/allocate,"invest [invests, invested, investing, investment, investments, investor, investors]",5
Chevron,2024,"Strategic Options, Experimentation, and Choices",Prioritize/scale/allocate,"invest [invests, invested, investing, investment, investments, investor, investors]",7
Nvidia,2017,"Strategic Options, Experimentation, and Choices",Prioritize/scale/allocate,"invest [invests, invested, investing, investment, investments, investor, investors]",1
Nvidia,2018,"Strategic Options, Experimentation, and Choices",Prioritize/scale/allocate,"invest [invests, invested, investing, investment, investments, investor, investors]",1
Nvidia,2020,"Strategic Options, Experimentation, and Choices",Prioritize/scale/allocate,"invest [invests, invested, investing, investment, investments, investor, investors]",2
Nvidia,2021,"Strategic Options, Experimentation, and Choices",Prioritize/scale/allocate,"invest [invests, invested, investing, investment, investments, investor, investors]",1
Nvidia,2022,"Strategic Options, Experimentation, and Choices",Prioritize/scale/allocate,"invest [invests, invested, investing, investment, investments, investor, investors]",0
Nvidia,2023,"Strategic Options, Experimentation, and Choices",Prioritize/scale/allocate,"invest [invests, invested, investing, investment, investments, investor, investors]",0
Nvidia,2025,"Strategic Options, Experimentation, and Choices",Prioritize/scale/allocate,"invest [invests, invested, investing, investment, investments, investor, investors]",7
Shell,2014,"Strategic Options, Experimentation, and Choices",Prioritize/scale/allocate,"invest [invests, invested, investing, investment, investments, investor, investors]",6
Shell,2015,"Strategic Options, Experimentation, and Choices",Prioritize/scale/allocate,"invest [invests, invested, investing, investment, investments, investor, investors]",6
Shell,2016,"Strategic Options, Experimentation, and Choices",Prioritize/scale/allocate,"invest [invests, invested, investing, investment, investments, investor, investors]",7
Shell,2020,"Strategic Options, Experimentation, and Choices",Prioritize/scale/allocate,"invest [invests, invested, investing, investment, investments, investor, investors]",1
Shell,2022,"Strategic Options, Experimentation, and Choices",Prioritize/scale/allocate,"invest [invests, invested, investing, investment, investments, investor, investors]",8
Shell,2024,"Strategic Options, Experimentation, and Choices",Prioritize/scale/allocate,"invest [invests, invested, investing, investment, investments, investor, investors]",6
Shell,2025,"Strategic Options, Experimentation, and Choices",Prioritize/scale/allocate,"invest [invests, invested, investing, investment, investments, investor, investors]",7
Amazon,1997,"Strategic Options, Experimentation, and Choices",Prioritize/scale/allocate,capital,3
Amazon,2016,"Strategic Options, Experimentation, and Choices",Prioritize/scale/allocate,capital,0
Amazon,2020,"Strategic Options, Experimentation, and Choices",Prioritize/scale/allocate,capital,0
Amazon,2021,"Strategic Options, Experimentation, and Choices",Prioritize/scale/allocate,capital,1
Amazon,2022,"Strategic Options, Experimentation, and Choices",Prioritize/scale/allocate,capital,6
Amazon,2024,"Strategic Options, Experimentation, and Choices",Prioritize/scale/allocate,capital,5
Amazon,2025,"Strategic Options, Experimentation, and Choices",Prioritize/scale/allocate,capital,2
Chevron,2013,"Strategic Options, Experimentation, and Choices",Prioritize/scale/allocate,capital,4
Chevron,2018,"Strategic Options, Experimentation, and Choices",Prioritize/scale/allocate,capital,4
Chevron,2020,"Strategic Options, Experimentation, and Choices",Prioritize/scale/allocate,capital,5
Chevron,2021,"Strategic Options, Experimentation, and Choices",Prioritize/scale/allocate,capital,5
Chevron,2022,"Strategic Options, Experimentation, and Choices",Prioritize/scale/allocate,capital,5
Chevron,2023,"Strategic Options, Experimentation, and Choices",Prioritize/scale/allocate,capital,3
Chevron,2024,"Strategic Options, Experimentation, and Choices",Prioritize/scale/allocate,capital,2
Nvidia,2017,"Strategic Options, Experimentation, and Choices",Prioritize/scale/allocate,capital,0
Nvidia,2018,"Strategic Options, Experimentation, and Choices",Prioritize/scale/allocate,capital,0
Nvidia,2020,"Strategic Options, Experimentation, and Choices",Prioritize/scale/allocate,capital,0
Nvidia,2021,"Strategic Options, Experimentation, and Choices",Prioritize/scale/allocate,capital,0
Nvidia,2022,"Strategic Options, Experimentation, and Choices",Prioritize/scale/allocate,capital,0
Nvidia,2023,"Strategic Options, Experimentation, and Choices",Prioritize/scale/allocate,capital,0
Nvidia,2025,"Strategic Options, Experimentation, and Choices",Prioritize/scale/allocate,capital,0
Shell,2014,"Strategic Options, Experimentation, and Choices",Prioritize/scale/allocate,capital,3
Shell,2015,"Strategic Options, Experimentation, and Choices",Prioritize/scale/allocate,capital,1
Shell,2016,"Strategic Options, Experimentation, and Choices",Prioritize/scale/allocate,capital,4
Shell,2020,"Strategic Options, Experimentation, and Choices",Prioritize/scale/allocate,capital,1
Shell,2022,"Strategic Options, Experimentation, and Choices",Prioritize/scale/allocate,capital,4
Shell,2024,"Strategic Options, Experimentation, and Choices",Prioritize/scale/allocate,capital,1
Shell,2025,"Strategic Options, Experimentation, and Choices",Prioritize/scale/allocate,capital,5
Amazon,1997,"Strategic Options, Experimentation, and Choices",Prioritize/scale/allocate,"choose [chooses, chose, choosing, chosen, choice, choices]",4
Amazon,2016,"Strategic Options, Experimentation, and Choices",Prioritize/scale/allocate,"choose [chooses, chose, choosing, chosen, choice, choices]",1
Amazon,2020,"Strategic Options, Experimentation, and Choices",Prioritize/scale/allocate,"choose [chooses, chose, choosing, chosen, choice, choices]",1
Amazon,2021,"Strategic Options, Experimentation, and Choices",Prioritize/scale/allocate,"choose [chooses, chose, choosing, chosen, choice, choices]",2
Amazon,2022,"Strategic Options, Experimentation, and Choices",Prioritize/scale/allocate,"choose [chooses, chose, choosing, chosen, choice, choices]",3
Amazon,2024,"Strategic Options, Experimentation, and Choices",Prioritize/scale/allocate,"choose [chooses, chose, choosing, chosen, choice, choices]",5
Amazon,2025,"Strategic Options, Experimentation, and Choices",Prioritize/scale/allocate,"choose [chooses, chose, choosing, chosen, choice, choices]",6
Chevron,2013,"Strategic Options, Experimentation, and Choices",Prioritize/scale/allocate,"choose [chooses, chose, choosing, chosen, choice, choices]",0
Chevron,2018,"Strategic Options, Experimentation, and Choices",Prioritize/scale/allocate,"choose [chooses, chose, choosing, chosen, choice, choices]",0
Chevron,2020,"Strategic Options, Experimentation, and Choices",Prioritize/scale/allocate,"choose [chooses, chose, choosing, chosen, choice, choices]",0
Chevron,2021,"Strategic Options, Experimentation, and Choices",Prioritize/scale/allocate,"choose [chooses, chose, choosing, chosen, choice, choices]",1
Chevron,2022,"Strategic Options, Experimentation, and Choices",Prioritize/scale/allocate,"choose [chooses, chose, choosing, chosen, choice, choices]",0
Chevron,2023,"Strategic Options, Experimentation, and Choices",Prioritize/scale/allocate,"choose [chooses, chose, choosing, chosen, choice, choices]",0
Chevron,2024,"Strategic Options, Experimentation, and Choices",Prioritize/scale/allocate,"choose [chooses, chose, choosing, chosen, choice, choices]",0
Nvidia,2017,"Strategic Options, Experimentation, and Choices",Prioritize/scale/allocate,"choose [chooses, chose, choosing, chosen, choice, choices]",0
Nvidia,2018,"Strategic Options, Experimentation, and Choices",Prioritize/scale/allocate,"choose [chooses, chose, choosing, chosen, choice, choices]",1
Nvidia,2020,"Strategic Options, Experimentation, and Choices",Prioritize/scale/allocate,"choose [chooses, chose, choosing, chosen, choice, choices]",0
Nvidia,2021,"Strategic Options, Experimentation, and Choices",Prioritize/scale/allocate,"choose [chooses, chose, choosing, chosen, choice, choices]",3
Nvidia,2022,"Strategic Options, Experimentation, and Choices",Prioritize/scale/allocate,"choose [chooses, chose, choosing, chosen, choice, choices]",0
Nvidia,2023,"Strategic Options, Experimentation, and Choices",Prioritize/scale/allocate,"choose [chooses, chose, choosing, chosen, choice, choices]",0
Nvidia,2025,"Strategic Options, Experimentation, and Choices",Prioritize/scale/allocate,"choose [chooses, chose, choosing, chosen, choice, choices]",0
Shell,2014,"Strategic Options, Experimentation, and Choices",Prioritize/scale/allocate,"choose [chooses, chose, choosing, chosen, choice, choices]",1
Shell,2015,"Strategic Options, Experimentation, and Choices",Prioritize/scale/allocate,"choose [chooses, chose, choosing, chosen, choice, choices]",0
Shell,2016,"Strategic Options, Experimentation, and Choices",Prioritize/scale/allocate,"choose [chooses, chose, choosing, chosen, choice, choices]",0
Shell,2020,"Strategic Options, Experimentation, and Choices",Prioritize/scale/allocate,"choose [chooses, chose, choosing, chosen, choice, choices]",1
Shell,2022,"Strategic Options, Experimentation, and Choices",Prioritize/scale/allocate,"choose [chooses, chose, choosing, chosen, choice, choices]",0
Shell,2024,"Strategic Options, Experimentation, and Choices",Prioritize/scale/allocate,"choose [chooses, chose, choosing, chosen, choice, choices]",3
Shell,2025,"Strategic Options, Experimentation, and Choices",Prioritize/scale/allocate,"choose [chooses, chose, choosing, chosen, choice, choices]",2
Amazon,1997,Agile Execution and Organization,Speed/agility,"speed [speeds, speeding]",0
Amazon,2016,Agile Execution and Organization,Speed/agility,"speed [speeds, speeding]",1
Amazon,2020,Agile Execution and Organization,Speed/agility,"speed [speeds, speeding]",1
Amazon,2021,Agile Execution and Organization,Speed/agility,"speed [speeds, speeding]",3
Amazon,2022,Agile Execution and Organization,Speed/agility,"speed [speeds, speeding]",5
Amazon,2024,Agile Execution and Organization,Speed/agility,"speed [speeds, speeding]",14
Amazon,2025,Agile Execution and Organization,Speed/agility,"speed [speeds, speeding]",3
Chevron,2013,Agile Execution and Organization,Speed/agility,"speed [speeds, speeding]",0
Chevron,2018,Agile Execution and Organization,Speed/agility,"speed [speeds, speeding]",0
Chevron,2020,Agile Execution and Organization,Speed/agility,"speed [speeds, speeding]",0
Chevron,2021,Agile Execution and Organization,Speed/agility,"speed [speeds, speeding]",0
Chevron,2022,Agile Execution and Organization,Speed/agility,"speed [speeds, speeding]",0
Chevron,2023,Agile Execution and Organization,Speed/agility,"speed [speeds, speeding]",0
Chevron,2024,Agile Execution and Organization,Speed/agility,"speed [speeds, speeding]",0
Nvidia,2017,Agile Execution and Organization,Speed/agility,"speed [speeds, speeding]",0
Nvidia,2018,Agile Execution and Organization,Speed/agility,"speed [speeds, speeding]",0
Nvidia,2020,Agile Execution and Organization,Speed/agility,"speed [speeds, speeding]",3
Nvidia,2021,Agile Execution and Organization,Speed/agility,"speed [speeds, speeding]",3
Nvidia,2022,Agile Execution and Organization,Speed/agility,"speed [speeds, speeding]",3
Nvidia,2023,Agile Execution and Organization,Speed/agility,"speed [speeds, speeding]",2
Nvidia,2025,Agile Execution and Organization,Speed/agility,"speed [speeds, speeding]",3
Shell,2014,Agile Execution and Organization,Speed/agility,"speed [speeds, speeding]",0
Shell,2015,Agile Execution and Organization,Speed/agility,"speed [speeds, speeding]",0
Shell,2016,Agile Execution and Organization,Speed/agility,"speed [speeds, speeding]",0
Shell,2020,Agile Execution and Organization,Speed/agility,"speed [speeds, speeding]",0
Shell,2022,Agile Execution and Organization,Speed/agility,"speed [speeds, speeding]",0
Shell,2024,Agile Execution and Organization,Speed/agility,"speed [speeds, speeding]",0
Shell,2025,Agile Execution and Organization,Speed/agility,"speed [speeds, speeding]",0
Amazon,1997,Agile Execution and Organization,Speed/agility,"fast [faster, fastest]",1
Amazon,2016,Agile Execution and Organization,Speed/agility,"fast [faster, fastest]",0
Amazon,2020,Agile Execution and Organization,Speed/agility,"fast [faster, fastest]",1
Amazon,2021,Agile Execution and Organization,Speed/agility,"fast [faster, fastest]",8
Amazon,2022,Agile Execution and Organization,Speed/agility,"fast [faster, fastest]",5
Amazon,2024,Agile Execution and Organization,Speed/agility,"fast [faster, fastest]",14
Amazon,2025,Agile Execution and Organization,Speed/agility,"fast [faster, fastest]",16
Chevron,2013,Agile Execution and Organization,Speed/agility,"fast [faster, fastest]",0
Chevron,2018,Agile Execution and Organization,Speed/agility,"fast [faster, fastest]",1
Chevron,2020,Agile Execution and Organization,Speed/agility,"fast [faster, fastest]",0
Chevron,2021,Agile Execution and Organization,Speed/agility,"fast [faster, fastest]",0
Chevron,2022,Agile Execution and Organization,Speed/agility,"fast [faster, fastest]",0
Chevron,2023,Agile Execution and Organization,Speed/agility,"fast [faster, fastest]",0
Chevron,2024,Agile Execution and Organization,Speed/agility,"fast [faster, fastest]",0
Nvidia,2017,Agile Execution and Organization,Speed/agility,"fast [faster, fastest]",0
Nvidia,2018,Agile Execution and Organization,Speed/agility,"fast [faster, fastest]",1
Nvidia,2020,Agile Execution and Organization,Speed/agility,"fast [faster, fastest]",6
Nvidia,2021,Agile Execution and Organization,Speed/agility,"fast [faster, fastest]",3
Nvidia,2022,Agile Execution and Organization,Speed/agility,"fast [faster, fastest]",3
Nvidia,2023,Agile Execution and Organization,Speed/agility,"fast [faster, fastest]",0
Nvidia,2025,Agile Execution and Organization,Speed/agility,"fast [faster, fastest]",6
Shell,2014,Agile Execution and Organization,Speed/agility,"fast [faster, fastest]",0
Shell,2015,Agile Execution and Organization,Speed/agility,"fast [faster, fastest]",0
Shell,2016,Agile Execution and Organization,Speed/agility,"fast [faster, fastest]",0
Shell,2020,Agile Execution and Organization,Speed/agility,"fast [faster, fastest]",0
Shell,2022,Agile Execution and Organization,Speed/agility,"fast [faster, fastest]",1
Shell,2024,Agile Execution and Organization,Speed/agility,"fast [faster, fastest]",0
Shell,2025,Agile Execution and Organization,Speed/agility,"fast [faster, fastest]",1
Amazon,1997,Agile Execution and Organization,Speed/agility,agile [agility],0
Amazon,2016,Agile Execution and Organization,Speed/agility,agile [agility],0
Amazon,2020,Agile Execution and Organization,Speed/agility,agile [agility],0
Amazon,2021,Agile Execution and Organization,Speed/agility,agile [agility],0
Amazon,2022,Agile Execution and Organization,Speed/agility,agile [agility],1
Amazon,2024,Agile Execution and Organization,Speed/agility,agile [agility],0
Amazon,2025,Agile Execution and Organization,Speed/agility,agile [agility],1
Chevron,2013,Agile Execution and Organization,Speed/agility,agile [agility],0
Chevron,2018,Agile Execution and Organization,Speed/agility,agile [agility],0
Chevron,2020,Agile Execution and Organization,Speed/agility,agile [agility],2
Chevron,2021,Agile Execution and Organization,Speed/agility,agile [agility],0
Chevron,2022,Agile Execution and Organization,Speed/agility,agile [agility],0
Chevron,2023,Agile Execution and Organization,Speed/agility,agile [agility],0
Chevron,2024,Agile Execution and Organization,Speed/agility,agile [agility],0
Nvidia,2017,Agile Execution and Organization,Speed/agility,agile [agility],0
Nvidia,2018,Agile Execution and Organization,Speed/agility,agile [agility],0
Nvidia,2020,Agile Execution and Organization,Speed/agility,agile [agility],0
Nvidia,2021,Agile Execution and Organization,Speed/agility,agile [agility],0
Nvidia,2022,Agile Execution and Organization,Speed/agility,agile [agility],0
Nvidia,2023,Agile Execution and Organization,Speed/agility,agile [agility],0
Nvidia,2025,Agile Execution and Organization,Speed/agility,agile [agility],1
Shell,2014,Agile Execution and Organization,Speed/agility,agile [agility],0
Shell,2015,Agile Execution and Organization,Speed/agility,agile [agility],0
Shell,2016,Agile Execution and Organization,Speed/agility,agile [agility],0
Shell,2020,Agile Execution and Organization,Speed/agility,agile [agility],0
Shell,2022,Agile Execution and Organization,Speed/agility,agile [agility],1
Shell,2024,Agile Execution and Organization,Speed/agility,agile [agility],0
Shell,2025,Agile Execution and Organization,Speed/agility,agile [agility],0
Amazon,1997,Agile Execution and Organization,Speed/agility,velocity [velocities],1
Amazon,2016,Agile Execution and Organization,Speed/agility,velocity [velocities],2
Amazon,2020,Agile Execution and Organization,Speed/agility,velocity [velocities],0
Amazon,2021,Agile Execution and Organization,Speed/agility,velocity [velocities],0
Amazon,2022,Agile Execution and Organization,Speed/agility,velocity [velocities],0
Amazon,2024,Agile Execution and Organization,Speed/agility,velocity [velocities],0
Amazon,2025,Agile Execution and Organization,Speed/agility,velocity [velocities],0
Chevron,2013,Agile Execution and Organization,Speed/agility,velocity [velocities],0
Chevron,2018,Agile Execution and Organization,Speed/agility,velocity [velocities],0
Chevron,2020,Agile Execution and Organization,Speed/agility,velocity [velocities],0
Chevron,2021,Agile Execution and Organization,Speed/agility,velocity [velocities],0
Chevron,2022,Agile Execution and Organization,Speed/agility,velocity [velocities],0
Chevron,2023,Agile Execution and Organization,Speed/agility,velocity [velocities],0
Chevron,2024,Agile Execution and Organization,Speed/agility,velocity [velocities],0
Nvidia,2017,Agile Execution and Organization,Speed/agility,velocity [velocities],0
Nvidia,2018,Agile Execution and Organization,Speed/agility,velocity [velocities],0
Nvidia,2020,Agile Execution and Organization,Speed/agility,velocity [velocities],0
Nvidia,2021,Agile Execution and Organization,Speed/agility,velocity [velocities],0
Nvidia,2022,Agile Execution and Organization,Speed/agility,velocity [velocities],0
Nvidia,2023,Agile Execution and Organization,Speed/agility,velocity [velocities],0
Nvidia,2025,Agile Execution and Organization,Speed/agility,velocity [velocities],1
Shell,2014,Agile Execution and Organization,Speed/agility,velocity [velocities],0
Shell,2015,Agile Execution and Organization,Speed/agility,velocity [velocities],0
Shell,2016,Agile Execution and Organization,Speed/agility,velocity [velocities],0
Shell,2020,Agile Execution and Organization,Speed/agility,velocity [velocities],0
Shell,2022,Agile Execution and Organization,Speed/agility,velocity [velocities],0
Shell,2024,Agile Execution and Organization,Speed/agility,velocity [velocities],0
Shell,2025,Agile Execution and Organization,Speed/agility,velocity [velocities],0
Amazon,1997,Agile Execution and Organization,Speed/agility,rapid [rapidly] !rapids,0
Amazon,2016,Agile Execution and Organization,Speed/agility,rapid [rapidly] !rapids,0
Amazon,2020,Agile Execution and Organization,Speed/agility,rapid [rapidly] !rapids,1
Amazon,2021,Agile Execution and Organization,Speed/agility,rapid [rapidly] !rapids,2
Amazon,2022,Agile Execution and Organization,Speed/agility,rapid [rapidly] !rapids,2
Amazon,2024,Agile Execution and Organization,Speed/agility,rapid [rapidly] !rapids,3
Amazon,2025,Agile Execution and Organization,Speed/agility,rapid [rapidly] !rapids,4
Chevron,2013,Agile Execution and Organization,Speed/agility,rapid [rapidly] !rapids,0
Chevron,2018,Agile Execution and Organization,Speed/agility,rapid [rapidly] !rapids,0
Chevron,2020,Agile Execution and Organization,Speed/agility,rapid [rapidly] !rapids,0
Chevron,2021,Agile Execution and Organization,Speed/agility,rapid [rapidly] !rapids,0
Chevron,2022,Agile Execution and Organization,Speed/agility,rapid [rapidly] !rapids,0
Chevron,2023,Agile Execution and Organization,Speed/agility,rapid [rapidly] !rapids,0
Chevron,2024,Agile Execution and Organization,Speed/agility,rapid [rapidly] !rapids,0
Nvidia,2017,Agile Execution and Organization,Speed/agility,rapid [rapidly] !rapids,1
Nvidia,2018,Agile Execution and Organization,Speed/agility,rapid [rapidly] !rapids,0
Nvidia,2020,Agile Execution and Organization,Speed/agility,rapid [rapidly] !rapids,1
Nvidia,2021,Agile Execution and Organization,Speed/agility,rapid [rapidly] !rapids,1
Nvidia,2022,Agile Execution and Organization,Speed/agility,rapid [rapidly] !rapids,0
Nvidia,2023,Agile Execution and Organization,Speed/agility,rapid [rapidly] !rapids,0
Nvidia,2025,Agile Execution and Organization,Speed/agility,rapid [rapidly] !rapids,2
Shell,2014,Agile Execution and Organization,Speed/agility,rapid [rapidly] !rapids,0
Shell,2015,Agile Execution and Organization,Speed/agility,rapid [rapidly] !rapids,0
Shell,2016,Agile Execution and Organization,Speed/agility,rapid [rapidly] !rapids,0
Shell,2020,Agile Execution and Organization,Speed/agility,rapid [rapidly] !rapids,1
Shell,2022,Agile Execution and Organization,Speed/agility,rapid [rapidly] !rapids,0
Shell,2024,Agile Execution and Organization,Speed/agility,rapid [rapidly] !rapids,0
Shell,2025,Agile Execution and Organization,Speed/agility,rapid [rapidly] !rapids,1
Amazon,1997,Agile Execution and Organization,Resilience/adaptability,"resilient [resilience, resiliency]",0
Amazon,2016,Agile Execution and Organization,Resilience/adaptability,"resilient [resilience, resiliency]",0
Amazon,2020,Agile Execution and Organization,Resilience/adaptability,"resilient [resilience, resiliency]",0
Amazon,2021,Agile Execution and Organization,Resilience/adaptability,"resilient [resilience, resiliency]",0
Amazon,2022,Agile Execution and Organization,Resilience/adaptability,"resilient [resilience, resiliency]",0
Amazon,2024,Agile Execution and Organization,Resilience/adaptability,"resilient [resilience, resiliency]",0
Amazon,2025,Agile Execution and Organization,Resilience/adaptability,"resilient [resilience, resiliency]",0
Chevron,2013,Agile Execution and Organization,Resilience/adaptability,"resilient [resilience, resiliency]",0
Chevron,2018,Agile Execution and Organization,Resilience/adaptability,"resilient [resilience, resiliency]",1
Chevron,2020,Agile Execution and Organization,Resilience/adaptability,"resilient [resilience, resiliency]",3
Chevron,2021,Agile Execution and Organization,Resilience/adaptability,"resilient [resilience, resiliency]",1
Chevron,2022,Agile Execution and Organization,Resilience/adaptability,"resilient [resilience, resiliency]",0
Chevron,2023,Agile Execution and Organization,Resilience/adaptability,"resilient [resilience, resiliency]",1
Chevron,2024,Agile Execution and Organization,Resilience/adaptability,"resilient [resilience, resiliency]",0
Nvidia,2017,Agile Execution and Organization,Resilience/adaptability,"resilient [resilience, resiliency]",0
Nvidia,2018,Agile Execution and Organization,Resilience/adaptability,"resilient [resilience, resiliency]",0
Nvidia,2020,Agile Execution and Organization,Resilience/adaptability,"resilient [resilience, resiliency]",0
Nvidia,2021,Agile Execution and Organization,Resilience/adaptability,"resilient [resilience, resiliency]",0
Nvidia,2022,Agile Execution and Organization,Resilience/adaptability,"resilient [resilience, resiliency]",0
Nvidia,2023,Agile Execution and Organization,Resilience/adaptability,"resilient [resilience, resiliency]",0
Nvidia,2025,Agile Execution and Organization,Resilience/adaptability,"resilient [resilience, resiliency]",1
Shell,2014,Agile Execution and Organization,Resilience/adaptability,"resilient [resilience, resiliency]",0
Shell,2015,Agile Execution and Organization,Resilience/adaptability,"resilient [resilience, resiliency]",0
Shell,2016,Agile Execution and Organization,Resilience/adaptability,"resilient [resilience, resiliency]",1
Shell,2020,Agile Execution and Organization,Resilience/adaptability,"resilient [resilience, resiliency]",1
Shell,2022,Agile Execution and Organization,Resilience/adaptability,"resilient [resilience, resiliency]",2
Shell,2024,Agile Execution and Organization,Resilience/adaptability,"resilient [resilience, resiliency]",0
Shell,2025,Agile Execution and Organization,Resilience/adaptability,"resilient [resilience, resiliency]",1
Amazon,1997,Agile Execution and Organization,Resilience/adaptability,"adapt [adaptable, adaptation, adapting, adapted, adaptive, adaptability, adapts]",0
Amazon,2016,Agile Execution and Organization,Resilience/adaptability,"adapt [adaptable, adaptation, adapting, adapted, adaptive, adaptability, adapts]",0
Amazon,2020,Agile Execution and Organization,Resilience/adaptability,"adapt [adaptable, adaptation, adapting, adapted, adaptive, adaptability, adapts]",0
Amazon,2021,Agile Execution and Organization,Resilience/adaptability,"adapt [adaptable, adaptation, adapting, adapted, adaptive, adaptability, adapts]",0
Amazon,2022,Agile Execution and Organization,Resilience/adaptability,"adapt [adaptable, adaptation, adapting, adapted, adaptive, adaptability, adapts]",1
Amazon,2024,Agile Execution and Organization,Resilience/adaptability,"adapt [adaptable, adaptation, adapting, adapted, adaptive, adaptability, adapts]",0
Amazon,2025,Agile Execution and Organization,Resilience/adaptability,"adapt [adaptable, adaptation, adapting, adapted, adaptive, adaptability, adapts]",1
Chevron,2013,Agile Execution and Organization,Resilience/adaptability,"adapt [adaptable, adaptation, adapting, adapted, adaptive, adaptability, adapts]",0
Chevron,2018,Agile Execution and Organization,Resilience/adaptability,"adapt [adaptable, adaptation, adapting, adapted, adaptive, adaptability, adapts]",0
Chevron,2020,Agile Execution and Organization,Resilience/adaptability,"adapt [adaptable, adaptation, adapting, adapted, adaptive, adaptability, adapts]",1
Chevron,2021,Agile Execution and Organization,Resilience/adaptability,"adapt [adaptable, adaptation, adapting, adapted, adaptive, adaptability, adapts]",0
Chevron,2022,Agile Execution and Organization,Resilience/adaptability,"adapt [adaptable, adaptation, adapting, adapted, adaptive, adaptability, adapts]",0
Chevron,2023,Agile Execution and Organization,Resilience/adaptability,"adapt [adaptable, adaptation, adapting, adapted, adaptive, adaptability, adapts]",0
Chevron,2024,Agile Execution and Organization,Resilience/adaptability,"adapt [adaptable, adaptation, adapting, adapted, adaptive, adaptability, adapts]",0
Nvidia,2017,Agile Execution and Organization,Resilience/adaptability,"adapt [adaptable, adaptation, adapting, adapted, adaptive, adaptability, adapts]",0
Nvidia,2018,Agile Execution and Organization,Resilience/adaptability,"adapt [adaptable, adaptation, adapting, adapted, adaptive, adaptability, adapts]",0
Nvidia,2020,Agile Execution and Organization,Resilience/adaptability,"adapt [adaptable, adaptation, adapting, adapted, adaptive, adaptability, adapts]",2
Nvidia,2021,Agile Execution and Organization,Resilience/adaptability,"adapt [adaptable, adaptation, adapting, adapted, adaptive, adaptability, adapts]",0
Nvidia,2022,Agile Execution and Organization,Resilience/adaptability,"adapt [adaptable, adaptation, adapting, adapted, adaptive, adaptability, adapts]",1
Nvidia,2023,Agile Execution and Organization,Resilience/adaptability,"adapt [adaptable, adaptation, adapting, adapted, adaptive, adaptability, adapts]",0
Nvidia,2025,Agile Execution and Organization,Resilience/adaptability,"adapt [adaptable, adaptation, adapting, adapted, adaptive, adaptability, adapts]",0
Shell,2014,Agile Execution and Organization,Resilience/adaptability,"adapt [adaptable, adaptation, adapting, adapted, adaptive, adaptability, adapts]",0
Shell,2015,Agile Execution and Organization,Resilience/adaptability,"adapt [adaptable, adaptation, adapting, adapted, adaptive, adaptability, adapts]",0
Shell,2016,Agile Execution and Organization,Resilience/adaptability,"adapt [adaptable, adaptation, adapting, adapted, adaptive, adaptability, adapts]",1
Shell,2020,Agile Execution and Organization,Resilience/adaptability,"adapt [adaptable, adaptation, adapting, adapted, adaptive, adaptability, adapts]",0
Shell,2022,Agile Execution and Organization,Resilience/adaptability,"adapt [adaptable, adaptation, adapting, adapted, adaptive, adaptability, adapts]",0
Shell,2024,Agile Execution and Organization,Resilience/adaptability,"adapt [adaptable, adaptation, adapting, adapted, adaptive, adaptability, adapts]",0
Shell,2025,Agile Execution and Organization,Resilience/adaptability,"adapt [adaptable, adaptation, adapting, adapted, adaptive, adaptability, adapts]",0
Amazon,1997,Agile Execution and Organization,Resilience/adaptability,"flexible [flexibility, flexibly]",1
Amazon,2016,Agile Execution and Organization,Resilience/adaptability,"flexible [flexibility, flexibly]",0
Amazon,2020,Agile Execution and Organization,Resilience/adaptability,"flexible [flexibility, flexibly]",1
Amazon,2021,Agile Execution and Organization,Resilience/adaptability,"flexible [flexibility, flexibly]",0
Amazon,2022,Agile Execution and Organization,Resilience/adaptability,"flexible [flexibility, flexibly]",1
Amazon,2024,Agile Execution and Organization,Resilience/adaptability,"flexible [flexibility, flexibly]",1
Amazon,2025,Agile Execution and Organization,Resilience/adaptability,"flexible [flexibility, flexibly]",0
Chevron,2013,Agile Execution and Organization,Resilience/adaptability,"flexible [flexibility, flexibly]",0
Chevron,2018,Agile Execution and Organization,Resilience/adaptability,"flexible [flexibility, flexibly]",0
Chevron,2020,Agile Execution and Organization,Resilience/adaptability,"flexible [flexibility, flexibly]",2
Chevron,2021,Agile Execution and Organization,Resilience/adaptability,"flexible [flexibility, flexibly]",0
Chevron,2022,Agile Execution and Organization,Resilience/adaptability,"flexible [flexibility, flexibly]",0
Chevron,2023,Agile Execution and Organization,Resilience/adaptability,"flexible [flexibility, flexibly]",0
Chevron,2024,Agile Execution and Organization,Resilience/adaptability,"flexible [flexibility, flexibly]",2
Nvidia,2017,Agile Execution and Organization,Resilience/adaptability,"flexible [flexibility, flexibly]",0
Nvidia,2018,Agile Execution and Organization,Resilience/adaptability,"flexible [flexibility, flexibly]",0
Nvidia,2020,Agile Execution and Organization,Resilience/adaptability,"flexible [flexibility, flexibly]",0
Nvidia,2021,Agile Execution and Organization,Resilience/adaptability,"flexible [flexibility, flexibly]",1
Nvidia,2022,Agile Execution and Organization,Resilience/adaptability,"flexible [flexibility, flexibly]",0
Nvidia,2023,Agile Execution and Organization,Resilience/adaptability,"flexible [flexibility, flexibly]",0
Nvidia,2025,Agile Execution and Organization,Resilience/adaptability,"flexible [flexibility, flexibly]",0
Shell,2014,Agile Execution and Organization,Resilience/adaptability,"flexible [flexibility, flexibly]",0
Shell,2015,Agile Execution and Organization,Resilience/adaptability,"flexible [flexibility, flexibly]",0
Shell,2016,Agile Execution and Organization,Resilience/adaptability,"flexible [flexibility, flexibly]",0
Shell,2020,Agile Execution and Organization,Resilience/adaptability,"flexible [flexibility, flexibly]",0
Shell,2022,Agile Execution and Organization,Resilience/adaptability,"flexible [flexibility, flexibly]",0
Shell,2024,Agile Execution and Organization,Resilience/adaptability,"flexible [flexibility, flexibly]",2
Shell,2025,Agile Execution and Organization,Resilience/adaptability,"flexible [flexibility, flexibly]",2
Amazon,1997,Agile Execution and Organization,Resilience/adaptability,"recover [recovery, recoveries, recovered, recovering, recoverable]",0
Amazon,2016,Agile Execution and Organization,Resilience/adaptability,"recover [recovery, recoveries, recovered, recovering, recoverable]",0
Amazon,2020,Agile Execution and Organization,Resilience/adaptability,"recover [recovery, recoveries, recovered, recovering, recoverable]",0
Amazon,2021,Agile Execution and Organization,Resilience/adaptability,"recover [recovery, recoveries, recovered, recovering, recoverable]",1
Amazon,2022,Agile Execution and Organization,Resilience/adaptability,"recover [recovery, recoveries, recovered, recovering, recoverable]",0
Amazon,2024,Agile Execution and Organization,Resilience/adaptability,"recover [recovery, recoveries, recovered, recovering, recoverable]",0
Amazon,2025,Agile Execution and Organization,Resilience/adaptability,"recover [recovery, recoveries, recovered, recovering, recoverable]",0
Chevron,2013,Agile Execution and Organization,Resilience/adaptability,"recover [recovery, recoveries, recovered, recovering, recoverable]",0
Chevron,2018,Agile Execution and Organization,Resilience/adaptability,"recover [recovery, recoveries, recovered, recovering, recoverable]",0
Chevron,2020,Agile Execution and Organization,Resilience/adaptability,"recover [recovery, recoveries, recovered, recovering, recoverable]",1
Chevron,2021,Agile Execution and Organization,Resilience/adaptability,"recover [recovery, recoveries, recovered, recovering, recoverable]",1
Chevron,2022,Agile Execution and Organization,Resilience/adaptability,"recover [recovery, recoveries, recovered, recovering, recoverable]",1
Chevron,2023,Agile Execution and Organization,Resilience/adaptability,"recover [recovery, recoveries, recovered, recovering, recoverable]",1
Chevron,2024,Agile Execution and Organization,Resilience/adaptability,"recover [recovery, recoveries, recovered, recovering, recoverable]",1
Nvidia,2017,Agile Execution and Organization,Resilience/adaptability,"recover [recovery, recoveries, recovered, recovering, recoverable]",0
Nvidia,2018,Agile Execution and Organization,Resilience/adaptability,"recover [recovery, recoveries, recovered, recovering, recoverable]",0
Nvidia,2020,Agile Execution and Organization,Resilience/adaptability,"recover [recovery, recoveries, recovered, recovering, recoverable]",0
Nvidia,2021,Agile Execution and Organization,Resilience/adaptability,"recover [recovery, recoveries, recovered, recovering, recoverable]",0
Nvidia,2022,Agile Execution and Organization,Resilience/adaptability,"recover [recovery, recoveries, recovered, recovering, recoverable]",0
Nvidia,2023,Agile Execution and Organization,Resilience/adaptability,"recover [recovery, recoveries, recovered, recovering, recoverable]",0
Nvidia,2025,Agile Execution and Organization,Resilience/adaptability,"recover [recovery, recoveries, recovered, recovering, recoverable]",0
Shell,2014,Agile Execution and Organization,Resilience/adaptability,"recover [recovery, recoveries, recovered, recovering, recoverable]",0
Shell,2015,Agile Execution and Organization,Resilience/adaptability,"recover [recovery, recoveries, recovered, recovering, recoverable]",0
Shell,2016,Agile Execution and Organization,Resilience/adaptability,"recover [recovery, recoveries, recovered, recovering, recoverable]",0
Shell,2020,Agile Execution and Organization,Resilience/adaptability,"recover [recovery, recoveries, recovered, recovering, recoverable]",0
Shell,2022,Agile Execution and Organization,Resilience/adaptability,"recover [recovery, recoveries, recovered, recovering, recoverable]",0
Shell,2024,Agile Execution and Organization,Resilience/adaptability,"recover [recovery, recoveries, recovered, recovering, recoverable]",0
Shell,2025,Agile Execution and Organization,Resilience/adaptability,"recover [recovery, recoveries, recovered, recovering, recoverable]",0
Amazon,1997,Agile Execution and Organization,Operational excellence,operational excellence,0
Amazon,2016,Agile Execution and Organization,Operational excellence,operational excellence,0
Amazon,2020,Agile Execution and Organization,Operational excellence,operational excellence,0
Amazon,2021,Agile Execution and Organization,Operational excellence,operational excellence,0
Amazon,2022,Agile Execution and Organization,Operational excellence,operational excellence,0
Amazon,2024,Agile Execution and Organization,Operational excellence,operational excellence,0
Amazon,2025,Agile Execution and Organization,Operational excellence,operational excellence,0
Chevron,2013,Agile Execution and Organization,Operational excellence,operational excellence,1
Chevron,2018,Agile Execution and Organization,Operational excellence,operational excellence,1
Chevron,2020,Agile Execution and Organization,Operational excellence,operational excellence,0
Chevron,2021,Agile Execution and Organization,Operational excellence,operational excellence,1
Chevron,2022,Agile Execution and Organization,Operational excellence,operational excellence,0
Chevron,2023,Agile Execution and Organization,Operational excellence,operational excellence,0
Chevron,2024,Agile Execution and Organization,Operational excellence,operational excellence,0
Nvidia,2017,Agile Execution and Organization,Operational excellence,operational excellence,0
Nvidia,2018,Agile Execution and Organization,Operational excellence,operational excellence,0
Nvidia,2020,Agile Execution and Organization,Operational excellence,operational excellence,0
Nvidia,2021,Agile Execution and Organization,Operational excellence,operational excellence,0
Nvidia,2022,Agile Execution and Organization,Operational excellence,operational excellence,0
Nvidia,2023,Agile Execution and Organization,Operational excellence,operational excellence,0
Nvidia,2025,Agile Execution and Organization,Operational excellence,operational excellence,0
Shell,2014,Agile Execution and Organization,Operational excellence,operational excellence,0
Shell,2015,Agile Execution and Organization,Operational excellence,operational excellence,0
Shell,2016,Agile Execution and Organization,Operational excellence,operational excellence,0
Shell,2020,Agile Execution and Organization,Operational excellence,operational excellence,0
Shell,2022,Agile Execution and Organization,Operational excellence,operational excellence,0
Shell,2024,Agile Execution and Organization,Operational excellence,operational excellence,0
Shell,2025,Agile Execution and Organization,Operational excellence,operational excellence,0
Amazon,1997,Agile Execution and Organization,Operational excellence,"efficient [efficiency, efficiencies, efficiently]",0
Amazon,2016,Agile Execution and Organization,Operational excellence,"efficient [efficiency, efficiencies, efficiently]",0
Amazon,2020,Agile Execution and Organization,Operational excellence,"efficient [efficiency, efficiencies, efficiently]",1
Amazon,2021,Agile Execution and Organization,Operational excellence,"efficient [efficiency, efficiencies, efficiently]",1
Amazon,2022,Agile Execution and Organization,Operational excellence,"efficient [efficiency, efficiencies, efficiently]",4
Amazon,2024,Agile Execution and Organization,Operational excellence,"efficient [efficiency, efficiencies, efficiently]",1
Amazon,2025,Agile Execution and Organization,Operational excellence,"efficient [efficiency, efficiencies, efficiently]",0
Chevron,2013,Agile Execution and Organization,Operational excellence,"efficient [efficiency, efficiencies, efficiently]",0
Chevron,2018,Agile Execution and Organization,Operational excellence,"efficient [efficiency, efficiencies, efficiently]",2
Chevron,2020,Agile Execution and Organization,Operational excellence,"efficient [efficiency, efficiencies, efficiently]",2
Chevron,2021,Agile Execution and Organization,Operational excellence,"efficient [efficiency, efficiencies, efficiently]",0
Chevron,2022,Agile Execution and Organization,Operational excellence,"efficient [efficiency, efficiencies, efficiently]",4
Chevron,2023,Agile Execution and Organization,Operational excellence,"efficient [efficiency, efficiencies, efficiently]",1
Chevron,2024,Agile Execution and Organization,Operational excellence,"efficient [efficiency, efficiencies, efficiently]",1
Nvidia,2017,Agile Execution and Organization,Operational excellence,"efficient [efficiency, efficiencies, efficiently]",0
Nvidia,2018,Agile Execution and Organization,Operational excellence,"efficient [efficiency, efficiencies, efficiently]",1
Nvidia,2020,Agile Execution and Organization,Operational excellence,"efficient [efficiency, efficiencies, efficiently]",0
Nvidia,2021,Agile Execution and Organization,Operational excellence,"efficient [efficiency, efficiencies, efficiently]",0
Nvidia,2022,Agile Execution and Organization,Operational excellence,"efficient [efficiency, efficiencies, efficiently]",2
Nvidia,2023,Agile Execution and Organization,Operational excellence,"efficient [efficiency, efficiencies, efficiently]",0
Nvidia,2025,Agile Execution and Organization,Operational excellence,"efficient [efficiency, efficiencies, efficiently]",5
Shell,2014,Agile Execution and Organization,Operational excellence,"efficient [efficiency, efficiencies, efficiently]",3
Shell,2015,Agile Execution and Organization,Operational excellence,"efficient [efficiency, efficiencies, efficiently]",1
Shell,2016,Agile Execution and Organization,Operational excellence,"efficient [efficiency, efficiencies, efficiently]",1
Shell,2020,Agile Execution and Organization,Operational excellence,"efficient [efficiency, efficiencies, efficiently]",0
Shell,2022,Agile Execution and Organization,Operational excellence,"efficient [efficiency, efficiencies, efficiently]",2
Shell,2024,Agile Execution and Organization,Operational excellence,"efficient [efficiency, efficiencies, efficiently]",0
Shell,2025,Agile Execution and Organization,Operational excellence,"efficient [efficiency, efficiencies, efficiently]",0
Amazon,1997,Agile Execution and Organization,Operational excellence,"reliable [reliability, reliably]",0
Amazon,2016,Agile Execution and Organization,Operational excellence,"reliable [reliability, reliably]",0
Amazon,2020,Agile Execution and Organization,Operational excellence,"reliable [reliability, reliably]",0
Amazon,2021,Agile Execution and Organization,Operational excellence,"reliable [reliability, reliably]",1
Amazon,2022,Agile Execution and Organization,Operational excellence,"reliable [reliability, reliably]",2
Amazon,2024,Agile Execution and Organization,Operational excellence,"reliable [reliability, reliably]",0
Amazon,2025,Agile Execution and Organization,Operational excellence,"reliable [reliability, reliably]",1
Chevron,2013,Agile Execution and Organization,Operational excellence,"reliable [reliability, reliably]",1
Chevron,2018,Agile Execution and Organization,Operational excellence,"reliable [reliability, reliably]",4
Chevron,2020,Agile Execution and Organization,Operational excellence,"reliable [reliability, reliably]",2
Chevron,2021,Agile Execution and Organization,Operational excellence,"reliable [reliability, reliably]",2
Chevron,2022,Agile Execution and Organization,Operational excellence,"reliable [reliability, reliably]",2
Chevron,2023,Agile Execution and Organization,Operational excellence,"reliable [reliability, reliably]",1
Chevron,2024,Agile Execution and Organization,Operational excellence,"reliable [reliability, reliably]",3
Nvidia,2017,Agile Execution and Organization,Operational excellence,"reliable [reliability, reliably]",0
Nvidia,2018,Agile Execution and Organization,Operational excellence,"reliable [reliability, reliably]",0
Nvidia,2020,Agile Execution and Organization,Operational excellence,"reliable [reliability, reliably]",1
Nvidia,2021,Agile Execution and Organization,Operational excellence,"reliable [reliability, reliably]",0
Nvidia,2022,Agile Execution and Organization,Operational excellence,"reliable [reliability, reliably]",0
Nvidia,2023,Agile Execution and Organization,Operational excellence,"reliable [reliability, reliably]",0
Nvidia,2025,Agile Execution and Organization,Operational excellence,"reliable [reliability, reliably]",1
Shell,2014,Agile Execution and Organization,Operational excellence,"reliable [reliability, reliably]",0
Shell,2015,Agile Execution and Organization,Operational excellence,"reliable [reliability, reliably]",0
Shell,2016,Agile Execution and Organization,Operational excellence,"reliable [reliability, reliably]",0
Shell,2020,Agile Execution and Organization,Operational excellence,"reliable [reliability, reliably]",0
Shell,2022,Agile Execution and Organization,Operational excellence,"reliable [reliability, reliably]",0
Shell,2024,Agile Execution and Organization,Operational excellence,"reliable [reliability, reliably]",0
Shell,2025,Agile Execution and Organization,Operational excellence,"reliable [reliability, reliably]",2
Amazon,1997,Agile Execution and Organization,Operational excellence,"productive [productivity, productively] !product, products, production, productions",0
Amazon,2016,Agile Execution and Organization,Operational excellence,"productive [productivity, productively] !product, products, production, productions",0
Amazon,2020,Agile Execution and Organization,Operational excellence,"productive [productivity, productively] !product, products, production, productions",1
Amazon,2021,Agile Execution and Organization,Operational excellence,"productive [productivity, productively] !product, products, production, productions",1
Amazon,2022,Agile Execution and Organization,Operational excellence,"productive [productivity, productively] !product, products, production, productions",3
Amazon,2024,Agile Execution and Organization,Operational excellence,"productive [productivity, productively] !product, products, production, productions",1
Amazon,2025,Agile Execution and Organization,Operational excellence,"productive [productivity, productively] !product, products, production, productions",1
Chevron,2013,Agile Execution and Organization,Operational excellence,"productive [productivity, productively] !product, products, production, productions",0
Chevron,2018,Agile Execution and Organization,Operational excellence,"productive [productivity, productively] !product, products, production, productions",0
Chevron,2020,Agile Execution and Organization,Operational excellence,"productive [productivity, productively] !product, products, production, productions",0
Chevron,2021,Agile Execution and Organization,Operational excellence,"productive [productivity, productively] !product, products, production, productions",0
Chevron,2022,Agile Execution and Organization,Operational excellence,"productive [productivity, productively] !product, products, production, productions",0
Chevron,2023,Agile Execution and Organization,Operational excellence,"productive [productivity, productively] !product, products, production, productions",0
Chevron,2024,Agile Execution and Organization,Operational excellence,"productive [productivity, productively] !product, products, production, productions",1
Nvidia,2017,Agile Execution and Organization,Operational excellence,"productive [productivity, productively] !product, products, production, productions",0
Nvidia,2018,Agile Execution and Organization,Operational excellence,"productive [productivity, productively] !product, products, production, productions",0
Nvidia,2020,Agile Execution and Organization,Operational excellence,"productive [productivity, productively] !product, products, production, productions",1
Nvidia,2021,Agile Execution and Organization,Operational excellence,"productive [productivity, productively] !product, products, production, productions",3
Nvidia,2022,Agile Execution and Organization,Operational excellence,"productive [productivity, productively] !product, products, production, productions",0
Nvidia,2023,Agile Execution and Organization,Operational excellence,"productive [productivity, productively] !product, products, production, productions",3
Nvidia,2025,Agile Execution and Organization,Operational excellence,"productive [productivity, productively] !product, products, production, productions",1
Shell,2014,Agile Execution and Organization,Operational excellence,"productive [productivity, productively] !product, products, production, productions",0
Shell,2015,Agile Execution and Organization,Operational excellence,"productive [productivity, productively] !product, products, production, productions",0
Shell,2016,Agile Execution and Organization,Operational excellence,"productive [productivity, productively] !product, products, production, productions",0
Shell,2020,Agile Execution and Organization,Operational excellence,"productive [productivity, productively] !product, products, production, productions",0
Shell,2022,Agile Execution and Organization,Operational excellence,"productive [productivity, productively] !product, products, production, productions",0
Shell,2024,Agile Execution and Organization,Operational excellence,"productive [productivity, productively] !product, products, production, productions",0
Shell,2025,Agile Execution and Organization,Operational excellence,"productive [productivity, productively] !product, products, production, productions",0
Amazon,1997,Agile Execution and Organization,Operational excellence,"process [processes] !processor, processors, processing, processed",2
Amazon,2016,Agile Execution and Organization,Operational excellence,"process [processes] !processor, processors, processing, processed",13
Amazon,2020,Agile Execution and Organization,Operational excellence,"process [processes] !processor, processors, processing, processed",2
Amazon,2021,Agile Execution and Organization,Operational excellence,"process [processes] !processor, processors, processing, processed",3
Amazon,2022,Agile Execution and Organization,Operational excellence,"process [processes] !processor, processors, processing, processed",5
Amazon,2024,Agile Execution and Organization,Operational excellence,"process [processes] !processor, processors, processing, processed",5
Amazon,2025,Agile Execution and Organization,Operational excellence,"process [processes] !processor, processors, processing, processed",1
Chevron,2013,Agile Execution and Organization,Operational excellence,"process [processes] !processor, processors, processing, processed",2
Chevron,2018,Agile Execution and Organization,Operational excellence,"process [processes] !processor, processors, processing, processed",0
Chevron,2020,Agile Execution and Organization,Operational excellence,"process [processes] !processor, processors, processing, processed",1
Chevron,2021,Agile Execution and Organization,Operational excellence,"process [processes] !processor, processors, processing, processed",0
Chevron,2022,Agile Execution and Organization,Operational excellence,"process [processes] !processor, processors, processing, processed",1
Chevron,2023,Agile Execution and Organization,Operational excellence,"process [processes] !processor, processors, processing, processed",1
Chevron,2024,Agile Execution and Organization,Operational excellence,"process [processes] !processor, processors, processing, processed",1
Nvidia,2017,Agile Execution and Organization,Operational excellence,"process [processes] !processor, processors, processing, processed",0
Nvidia,2018,Agile Execution and Organization,Operational excellence,"process [processes] !processor, processors, processing, processed",0
Nvidia,2020,Agile Execution and Organization,Operational excellence,"process [processes] !processor, processors, processing, processed",1
Nvidia,2021,Agile Execution and Organization,Operational excellence,"process [processes] !processor, processors, processing, processed",2
Nvidia,2022,Agile Execution and Organization,Operational excellence,"process [processes] !processor, processors, processing, processed",2
Nvidia,2023,Agile Execution and Organization,Operational excellence,"process [processes] !processor, processors, processing, processed",2
Nvidia,2025,Agile Execution and Organization,Operational excellence,"process [processes] !processor, processors, processing, processed",1
Shell,2014,Agile Execution and Organization,Operational excellence,"process [processes] !processor, processors, processing, processed",0
Shell,2015,Agile Execution and Organization,Operational excellence,"process [processes] !processor, processors, processing, processed",0
Shell,2016,Agile Execution and Organization,Operational excellence,"process [processes] !processor, processors, processing, processed",0
Shell,2020,Agile Execution and Organization,Operational excellence,"process [processes] !processor, processors, processing, processed",1
Shell,2022,Agile Execution and Organization,Operational excellence,"process [processes] !processor, processors, processing, processed",1
Shell,2024,Agile Execution and Organization,Operational excellence,"process [processes] !processor, processors, processing, processed",1
Shell,2025,Agile Execution and Organization,Operational excellence,"process [processes] !processor, processors, processing, processed",0
Amazon,1997,Agile Execution and Organization,Talent/capabilities,"talent [talents, talented]",2
Amazon,2016,Agile Execution and Organization,Talent/capabilities,"talent [talents, talented]",0
Amazon,2020,Agile Execution and Organization,Talent/capabilities,"talent [talents, talented]",0
Amazon,2021,Agile Execution and Organization,Talent/capabilities,"talent [talents, talented]",0
Amazon,2022,Agile Execution and Organization,Talent/capabilities,"talent [talents, talented]",0
Amazon,2024,Agile Execution and Organization,Talent/capabilities,"talent [talents, talented]",1
Amazon,2025,Agile Execution and Organization,Talent/capabilities,"talent [talents, talented]",0
Chevron,2013,Agile Execution and Organization,Talent/capabilities,"talent [talents, talented]",0
Chevron,2018,Agile Execution and Organization,Talent/capabilities,"talent [talents, talented]",1
Chevron,2020,Agile Execution and Organization,Talent/capabilities,"talent [talents, talented]",0
Chevron,2021,Agile Execution and Organization,Talent/capabilities,"talent [talents, talented]",0
Chevron,2022,Agile Execution and Organization,Talent/capabilities,"talent [talents, talented]",0
Chevron,2023,Agile Execution and Organization,Talent/capabilities,"talent [talents, talented]",0
Chevron,2024,Agile Execution and Organization,Talent/capabilities,"talent [talents, talented]",0
Nvidia,2017,Agile Execution and Organization,Talent/capabilities,"talent [talents, talented]",1
Nvidia,2018,Agile Execution and Organization,Talent/capabilities,"talent [talents, talented]",1
Nvidia,2020,Agile Execution and Organization,Talent/capabilities,"talent [talents, talented]",0
Nvidia,2021,Agile Execution and Organization,Talent/capabilities,"talent [talents, talented]",1
Nvidia,2022,Agile Execution and Organization,Talent/capabilities,"talent [talents, talented]",0
Nvidia,2023,Agile Execution and Organization,Talent/capabilities,"talent [talents, talented]",0
Nvidia,2025,Agile Execution and Organization,Talent/capabilities,"talent [talents, talented]",0
Shell,2014,Agile Execution and Organization,Talent/capabilities,"talent [talents, talented]",0
Shell,2015,Agile Execution and Organization,Talent/capabilities,"talent [talents, talented]",0
Shell,2016,Agile Execution and Organization,Talent/capabilities,"talent [talents, talented]",0
Shell,2020,Agile Execution and Organization,Talent/capabilities,"talent [talents, talented]",0
Shell,2022,Agile Execution and Organization,Talent/capabilities,"talent [talents, talented]",2
Shell,2024,Agile Execution and Organization,Talent/capabilities,"talent [talents, talented]",0
Shell,2025,Agile Execution and Organization,Talent/capabilities,"talent [talents, talented]",0
Amazon,1997,Agile Execution and Organization,Talent/capabilities,people,1
Amazon,2016,Agile Execution and Organization,Talent/capabilities,people,1
Amazon,2020,Agile Execution and Organization,Talent/capabilities,people,9
Amazon,2021,Agile Execution and Organization,Talent/capabilities,people,18
Amazon,2022,Agile Execution and Organization,Talent/capabilities,people,3
Amazon,2024,Agile Execution and Organization,Talent/capabilities,people,21
Amazon,2025,Agile Execution and Organization,Talent/capabilities,people,8
Chevron,2013,Agile Execution and Organization,Talent/capabilities,people,1
Chevron,2018,Agile Execution and Organization,Talent/capabilities,people,7
Chevron,2020,Agile Execution and Organization,Talent/capabilities,people,4
Chevron,2021,Agile Execution and Organization,Talent/capabilities,people,1
Chevron,2022,Agile Execution and Organization,Talent/capabilities,people,0
Chevron,2023,Agile Execution and Organization,Talent/capabilities,people,1
Chevron,2024,Agile Execution and Organization,Talent/capabilities,people,2
Nvidia,2017,Agile Execution and Organization,Talent/capabilities,people,1
Nvidia,2018,Agile Execution and Organization,Talent/capabilities,people,3
Nvidia,2020,Agile Execution and Organization,Talent/capabilities,people,4
Nvidia,2021,Agile Execution and Organization,Talent/capabilities,people,5
Nvidia,2022,Agile Execution and Organization,Talent/capabilities,people,1
Nvidia,2023,Agile Execution and Organization,Talent/capabilities,people,4
Nvidia,2025,Agile Execution and Organization,Talent/capabilities,people,1
Shell,2014,Agile Execution and Organization,Talent/capabilities,people,2
Shell,2015,Agile Execution and Organization,Talent/capabilities,people,1
Shell,2016,Agile Execution and Organization,Talent/capabilities,people,1
Shell,2020,Agile Execution and Organization,Talent/capabilities,people,6
Shell,2022,Agile Execution and Organization,Talent/capabilities,people,5
Shell,2024,Agile Execution and Organization,Talent/capabilities,people,7
Shell,2025,Agile Execution and Organization,Talent/capabilities,people,2
Amazon,1997,Agile Execution and Organization,Talent/capabilities,capability [capabilities],1
Amazon,2016,Agile Execution and Organization,Talent/capabilities,capability [capabilities],1
Amazon,2020,Agile Execution and Organization,Talent/capabilities,capability [capabilities],0
Amazon,2021,Agile Execution and Organization,Talent/capabilities,capability [capabilities],7
Amazon,2022,Agile Execution and Organization,Talent/capabilities,capability [capabilities],5
Amazon,2024,Agile Execution and Organization,Talent/capabilities,capability [capabilities],4
Amazon,2025,Agile Execution and Organization,Talent/capabilities,capability [capabilities],5
Chevron,2013,Agile Execution and Organization,Talent/capabilities,capability [capabilities],0
Chevron,2018,Agile Execution and Organization,Talent/capabilities,capability [capabilities],0
Chevron,2020,Agile Execution and Organization,Talent/capabilities,capability [capabilities],2
Chevron,2021,Agile Execution and Organization,Talent/capabilities,capability [capabilities],3
Chevron,2022,Agile Execution and Organization,Talent/capabilities,capability [capabilities],1
Chevron,2023,Agile Execution and Organization,Talent/capabilities,capability [capabilities],3
Chevron,2024,Agile Execution and Organization,Talent/capabilities,capability [capabilities],2
Nvidia,2017,Agile Execution and Organization,Talent/capabilities,capability [capabilities],3
Nvidia,2018,Agile Execution and Organization,Talent/capabilities,capability [capabilities],1
Nvidia,2020,Agile Execution and Organization,Talent/capabilities,capability [capabilities],2
Nvidia,2021,Agile Execution and Organization,Talent/capabilities,capability [capabilities],1
Nvidia,2022,Agile Execution and Organization,Talent/capabilities,capability [capabilities],1
Nvidia,2023,Agile Execution and Organization,Talent/capabilities,capability [capabilities],2
Nvidia,2025,Agile Execution and Organization,Talent/capabilities,capability [capabilities],4
Shell,2014,Agile Execution and Organization,Talent/capabilities,capability [capabilities],0
Shell,2015,Agile Execution and Organization,Talent/capabilities,capability [capabilities],0
Shell,2016,Agile Execution and Organization,Talent/capabilities,capability [capabilities],0
Shell,2020,Agile Execution and Organization,Talent/capabilities,capability [capabilities],0
Shell,2022,Agile Execution and Organization,Talent/capabilities,capability [capabilities],1
Shell,2024,Agile Execution and Organization,Talent/capabilities,capability [capabilities],0
Shell,2025,Agile Execution and Organization,Talent/capabilities,capability [capabilities],1
Amazon,1997,Agile Execution and Organization,Talent/capabilities,"culture [cultures, cultural, culturally]",2
Amazon,2016,Agile Execution and Organization,Talent/capabilities,"culture [cultures, cultural, culturally]",1
Amazon,2020,Agile Execution and Organization,Talent/capabilities,"culture [cultures, cultural, culturally]",0
Amazon,2021,Agile Execution and Organization,Talent/capabilities,"culture [cultures, cultural, culturally]",0
Amazon,2022,Agile Execution and Organization,Talent/capabilities,"culture [cultures, cultural, culturally]",2
Amazon,2024,Agile Execution and Organization,Talent/capabilities,"culture [cultures, cultural, culturally]",6
Amazon,2025,Agile Execution and Organization,Talent/capabilities,"culture [cultures, cultural, culturally]",5
Chevron,2013,Agile Execution and Organization,Talent/capabilities,"culture [cultures, cultural, culturally]",0
Chevron,2018,Agile Execution and Organization,Talent/capabilities,"culture [cultures, cultural, culturally]",4
Chevron,2020,Agile Execution and Organization,Talent/capabilities,"culture [cultures, cultural, culturally]",0
Chevron,2021,Agile Execution and Organization,Talent/capabilities,"culture [cultures, cultural, culturally]",0
Chevron,2022,Agile Execution and Organization,Talent/capabilities,"culture [cultures, cultural, culturally]",0
Chevron,2023,Agile Execution and Organization,Talent/capabilities,"culture [cultures, cultural, culturally]",0
Chevron,2024,Agile Execution and Organization,Talent/capabilities,"culture [cultures, cultural, culturally]",0
Nvidia,2017,Agile Execution and Organization,Talent/capabilities,"culture [cultures, cultural, culturally]",0
Nvidia,2018,Agile Execution and Organization,Talent/capabilities,"culture [cultures, cultural, culturally]",1
Nvidia,2020,Agile Execution and Organization,Talent/capabilities,"culture [cultures, cultural, culturally]",1
Nvidia,2021,Agile Execution and Organization,Talent/capabilities,"culture [cultures, cultural, culturally]",1
Nvidia,2022,Agile Execution and Organization,Talent/capabilities,"culture [cultures, cultural, culturally]",0
Nvidia,2023,Agile Execution and Organization,Talent/capabilities,"culture [cultures, cultural, culturally]",0
Nvidia,2025,Agile Execution and Organization,Talent/capabilities,"culture [cultures, cultural, culturally]",0
Shell,2014,Agile Execution and Organization,Talent/capabilities,"culture [cultures, cultural, culturally]",0
Shell,2015,Agile Execution and Organization,Talent/capabilities,"culture [cultures, cultural, culturally]",0
Shell,2016,Agile Execution and Organization,Talent/capabilities,"culture [cultures, cultural, culturally]",0
Shell,2020,Agile Execution and Organization,Talent/capabilities,"culture [cultures, cultural, culturally]",0
Shell,2022,Agile Execution and Organization,Talent/capabilities,"culture [cultures, cultural, culturally]",0
Shell,2024,Agile Execution and Organization,Talent/capabilities,"culture [cultures, cultural, culturally]",1
Shell,2025,Agile Execution and Organization,Talent/capabilities,"culture [cultures, cultural, culturally]",0
Amazon,1997,Agile Execution and Organization,Talent/capabilities,"organization [organizations, organizational, organizationally]",0
Amazon,2016,Agile Execution and Organization,Talent/capabilities,"organization [organizations, organizational, organizationally]",5
Amazon,2020,Agile Execution and Organization,Talent/capabilities,"organization [organizations, organizational, organizationally]",3
Amazon,2021,Agile Execution and Organization,Talent/capabilities,"organization [organizations, organizational, organizationally]",3
Amazon,2022,Agile Execution and Organization,Talent/capabilities,"organization [organizations, organizational, organizationally]",4
Amazon,2024,Agile Execution and Organization,Talent/capabilities,"organization [organizations, organizational, organizationally]",3
Amazon,2025,Agile Execution and Organization,Talent/capabilities,"organization [organizations, organizational, organizationally]",6
Chevron,2013,Agile Execution and Organization,Talent/capabilities,"organization [organizations, organizational, organizationally]",1
Chevron,2018,Agile Execution and Organization,Talent/capabilities,"organization [organizations, organizational, organizationally]",2
Chevron,2020,Agile Execution and Organization,Talent/capabilities,"organization [organizations, organizational, organizationally]",0
Chevron,2021,Agile Execution and Organization,Talent/capabilities,"organization [organizations, organizational, organizationally]",3
Chevron,2022,Agile Execution and Organization,Talent/capabilities,"organization [organizations, organizational, organizationally]",0
Chevron,2023,Agile Execution and Organization,Talent/capabilities,"organization [organizations, organizational, organizationally]",0
Chevron,2024,Agile Execution and Organization,Talent/capabilities,"organization [organizations, organizational, organizationally]",0
Nvidia,2017,Agile Execution and Organization,Talent/capabilities,"organization [organizations, organizational, organizationally]",0
Nvidia,2018,Agile Execution and Organization,Talent/capabilities,"organization [organizations, organizational, organizationally]",1
Nvidia,2020,Agile Execution and Organization,Talent/capabilities,"organization [organizations, organizational, organizationally]",1
Nvidia,2021,Agile Execution and Organization,Talent/capabilities,"organization [organizations, organizational, organizationally]",0
Nvidia,2022,Agile Execution and Organization,Talent/capabilities,"organization [organizations, organizational, organizationally]",0
Nvidia,2023,Agile Execution and Organization,Talent/capabilities,"organization [organizations, organizational, organizationally]",0
Nvidia,2025,Agile Execution and Organization,Talent/capabilities,"organization [organizations, organizational, organizationally]",0
Shell,2014,Agile Execution and Organization,Talent/capabilities,"organization [organizations, organizational, organizationally]",2
Shell,2015,Agile Execution and Organization,Talent/capabilities,"organization [organizations, organizational, organizationally]",0
Shell,2016,Agile Execution and Organization,Talent/capabilities,"organization [organizations, organizational, organizationally]",0
Shell,2020,Agile Execution and Organization,Talent/capabilities,"organization [organizations, organizational, organizationally]",0
Shell,2022,Agile Execution and Organization,Talent/capabilities,"organization [organizations, organizational, organizationally]",1
Shell,2024,Agile Execution and Organization,Talent/capabilities,"organization [organizations, organizational, organizationally]",0
Shell,2025,Agile Execution and Organization,Talent/capabilities,"organization [organizations, organizational, organizationally]",0
Amazon,1997,Agile Execution and Organization,Talent/capabilities,"skill [skills, skilled]",0
Amazon,2016,Agile Execution and Organization,Talent/capabilities,"skill [skills, skilled]",0
Amazon,2020,Agile Execution and Organization,Talent/capabilities,"skill [skills, skilled]",0
Amazon,2021,Agile Execution and Organization,Talent/capabilities,"skill [skills, skilled]",0
Amazon,2022,Agile Execution and Organization,Talent/capabilities,"skill [skills, skilled]",0
Amazon,2024,Agile Execution and Organization,Talent/capabilities,"skill [skills, skilled]",0
Amazon,2025,Agile Execution and Organization,Talent/capabilities,"skill [skills, skilled]",2
Chevron,2013,Agile Execution and Organization,Talent/capabilities,"skill [skills, skilled]",0
Chevron,2018,Agile Execution and Organization,Talent/capabilities,"skill [skills, skilled]",0
Chevron,2020,Agile Execution and Organization,Talent/capabilities,"skill [skills, skilled]",0
Chevron,2021,Agile Execution and Organization,Talent/capabilities,"skill [skills, skilled]",0
Chevron,2022,Agile Execution and Organization,Talent/capabilities,"skill [skills, skilled]",0
Chevron,2023,Agile Execution and Organization,Talent/capabilities,"skill [skills, skilled]",0
Chevron,2024,Agile Execution and Organization,Talent/capabilities,"skill [skills, skilled]",0
Nvidia,2017,Agile Execution and Organization,Talent/capabilities,"skill [skills, skilled]",0
Nvidia,2018,Agile Execution and Organization,Talent/capabilities,"skill [skills, skilled]",0
Nvidia,2020,Agile Execution and Organization,Talent/capabilities,"skill [skills, skilled]",6
Nvidia,2021,Agile Execution and Organization,Talent/capabilities,"skill [skills, skilled]",4
Nvidia,2022,Agile Execution and Organization,Talent/capabilities,"skill [skills, skilled]",1
Nvidia,2023,Agile Execution and Organization,Talent/capabilities,"skill [skills, skilled]",2
Nvidia,2025,Agile Execution and Organization,Talent/capabilities,"skill [skills, skilled]",1
Shell,2014,Agile Execution and Organization,Talent/capabilities,"skill [skills, skilled]",0
Shell,2015,Agile Execution and Organization,Talent/capabilities,"skill [skills, skilled]",0
Shell,2016,Agile Execution and Organization,Talent/capabilities,"skill [skills, skilled]",0
Shell,2020,Agile Execution and Organization,Talent/capabilities,"skill [skills, skilled]",0
Shell,2022,Agile Execution and Organization,Talent/capabilities,"skill [skills, skilled]",0
Shell,2024,Agile Execution and Organization,Talent/capabilities,"skill [skills, skilled]",0
Shell,2025,Agile Execution and Organization,Talent/capabilities,"skill [skills, skilled]",0
Amazon,1997,Agile Execution and Organization,Infrastructure/scaling,infrastructure [infrastructures],4
Amazon,2016,Agile Execution and Organization,Infrastructure/scaling,infrastructure [infrastructures],0
Amazon,2020,Agile Execution and Organization,Infrastructure/scaling,infrastructure [infrastructures],0
Amazon,2021,Agile Execution and Organization,Infrastructure/scaling,infrastructure [infrastructures],2
Amazon,2022,Agile Execution and Organization,Infrastructure/scaling,infrastructure [infrastructures],6
Amazon,2024,Agile Execution and Organization,Infrastructure/scaling,infrastructure [infrastructures],4
Amazon,2025,Agile Execution and Organization,Infrastructure/scaling,infrastructure [infrastructures],1
Chevron,2013,Agile Execution and Organization,Infrastructure/scaling,infrastructure [infrastructures],0
Chevron,2018,Agile Execution and Organization,Infrastructure/scaling,infrastructure [infrastructures],0
Chevron,2020,Agile Execution and Organization,Infrastructure/scaling,infrastructure [infrastructures],0
Chevron,2021,Agile Execution and Organization,Infrastructure/scaling,infrastructure [infrastructures],1
Chevron,2022,Agile Execution and Organization,Infrastructure/scaling,infrastructure [infrastructures],0
Chevron,2023,Agile Execution and Organization,Infrastructure/scaling,infrastructure [infrastructures],0
Chevron,2024,Agile Execution and Organization,Infrastructure/scaling,infrastructure [infrastructures],0
Nvidia,2017,Agile Execution and Organization,Infrastructure/scaling,infrastructure [infrastructures],0
Nvidia,2018,Agile Execution and Organization,Infrastructure/scaling,infrastructure [infrastructures],0
Nvidia,2020,Agile Execution and Organization,Infrastructure/scaling,infrastructure [infrastructures],1
Nvidia,2021,Agile Execution and Organization,Infrastructure/scaling,infrastructure [infrastructures],5
Nvidia,2022,Agile Execution and Organization,Infrastructure/scaling,infrastructure [infrastructures],5
Nvidia,2023,Agile Execution and Organization,Infrastructure/scaling,infrastructure [infrastructures],2
Nvidia,2025,Agile Execution and Organization,Infrastructure/scaling,infrastructure [infrastructures],19
Shell,2014,Agile Execution and Organization,Infrastructure/scaling,infrastructure [infrastructures],0
Shell,2015,Agile Execution and Organization,Infrastructure/scaling,infrastructure [infrastructures],0
Shell,2016,Agile Execution and Organization,Infrastructure/scaling,infrastructure [infrastructures],0
Shell,2020,Agile Execution and Organization,Infrastructure/scaling,infrastructure [infrastructures],0
Shell,2022,Agile Execution and Organization,Infrastructure/scaling,infrastructure [infrastructures],0
Shell,2024,Agile Execution and Organization,Infrastructure/scaling,infrastructure [infrastructures],0
Shell,2025,Agile Execution and Organization,Infrastructure/scaling,infrastructure [infrastructures],0
Amazon,1997,Agile Execution and Organization,Infrastructure/scaling,capacity [capacities],1
Amazon,2016,Agile Execution and Organization,Infrastructure/scaling,capacity [capacities],0
Amazon,2020,Agile Execution and Organization,Infrastructure/scaling,capacity [capacities],1
Amazon,2021,Agile Execution and Organization,Infrastructure/scaling,capacity [capacities],3
Amazon,2022,Agile Execution and Organization,Infrastructure/scaling,capacity [capacities],2
Amazon,2024,Agile Execution and Organization,Infrastructure/scaling,capacity [capacities],1
Amazon,2025,Agile Execution and Organization,Infrastructure/scaling,capacity [capacities],6
Chevron,2013,Agile Execution and Organization,Infrastructure/scaling,capacity [capacities],0
Chevron,2018,Agile Execution and Organization,Infrastructure/scaling,capacity [capacities],1
Chevron,2020,Agile Execution and Organization,Infrastructure/scaling,capacity [capacities],0
Chevron,2021,Agile Execution and Organization,Infrastructure/scaling,capacity [capacities],0
Chevron,2022,Agile Execution and Organization,Infrastructure/scaling,capacity [capacities],5
Chevron,2023,Agile Execution and Organization,Infrastructure/scaling,capacity [capacities],1
Chevron,2024,Agile Execution and Organization,Infrastructure/scaling,capacity [capacities],1
Nvidia,2017,Agile Execution and Organization,Infrastructure/scaling,capacity [capacities],0
Nvidia,2018,Agile Execution and Organization,Infrastructure/scaling,capacity [capacities],0
Nvidia,2020,Agile Execution and Organization,Infrastructure/scaling,capacity [capacities],0
Nvidia,2021,Agile Execution and Organization,Infrastructure/scaling,capacity [capacities],0
Nvidia,2022,Agile Execution and Organization,Infrastructure/scaling,capacity [capacities],0
Nvidia,2023,Agile Execution and Organization,Infrastructure/scaling,capacity [capacities],1
Nvidia,2025,Agile Execution and Organization,Infrastructure/scaling,capacity [capacities],0
Shell,2014,Agile Execution and Organization,Infrastructure/scaling,capacity [capacities],0
Shell,2015,Agile Execution and Organization,Infrastructure/scaling,capacity [capacities],1
Shell,2016,Agile Execution and Organization,Infrastructure/scaling,capacity [capacities],0
Shell,2020,Agile Execution and Organization,Infrastructure/scaling,capacity [capacities],0
Shell,2022,Agile Execution and Organization,Infrastructure/scaling,capacity [capacities],2
Shell,2024,Agile Execution and Organization,Infrastructure/scaling,capacity [capacities],0
Shell,2025,Agile Execution and Organization,Infrastructure/scaling,capacity [capacities],2
Amazon,1997,Agile Execution and Organization,Infrastructure/scaling,supply chain,0
Amazon,2016,Agile Execution and Organization,Infrastructure/scaling,supply chain,0
Amazon,2020,Agile Execution and Organization,Infrastructure/scaling,supply chain,0
Amazon,2021,Agile Execution and Organization,Infrastructure/scaling,supply chain,0
Amazon,2022,Agile Execution and Organization,Infrastructure/scaling,supply chain,0
Amazon,2024,Agile Execution and Organization,Infrastructure/scaling,supply chain,0
Amazon,2025,Agile Execution and Organization,Infrastructure/scaling,supply chain,0
Chevron,2013,Agile Execution and Organization,Infrastructure/scaling,supply chain,0
Chevron,2018,Agile Execution and Organization,Infrastructure/scaling,supply chain,0
Chevron,2020,Agile Execution and Organization,Infrastructure/scaling,supply chain,0
Chevron,2021,Agile Execution and Organization,Infrastructure/scaling,supply chain,0
Chevron,2022,Agile Execution and Organization,Infrastructure/scaling,supply chain,0
Chevron,2023,Agile Execution and Organization,Infrastructure/scaling,supply chain,0
Chevron,2024,Agile Execution and Organization,Infrastructure/scaling,supply chain,0
Nvidia,2017,Agile Execution and Organization,Infrastructure/scaling,supply chain,0
Nvidia,2018,Agile Execution and Organization,Infrastructure/scaling,supply chain,0
Nvidia,2020,Agile Execution and Organization,Infrastructure/scaling,supply chain,0
Nvidia,2021,Agile Execution and Organization,Infrastructure/scaling,supply chain,0
Nvidia,2022,Agile Execution and Organization,Infrastructure/scaling,supply chain,0
Nvidia,2023,Agile Execution and Organization,Infrastructure/scaling,supply chain,1
Nvidia,2025,Agile Execution and Organization,Infrastructure/scaling,supply chain,5
Shell,2014,Agile Execution and Organization,Infrastructure/scaling,supply chain,0
Shell,2015,Agile Execution and Organization,Infrastructure/scaling,supply chain,0
Shell,2016,Agile Execution and Organization,Infrastructure/scaling,supply chain,0
Shell,2020,Agile Execution and Organization,Infrastructure/scaling,supply chain,0
Shell,2022,Agile Execution and Organization,Infrastructure/scaling,supply chain,0
Shell,2024,Agile Execution and Organization,Infrastructure/scaling,supply chain,0
Shell,2025,Agile Execution and Organization,Infrastructure/scaling,supply chain,0
Amazon,1997,Agile Execution and Organization,Infrastructure/scaling,"deploy [deployment, deployments, deployed, deploying]",0
Amazon,2016,Agile Execution and Organization,Infrastructure/scaling,"deploy [deployment, deployments, deployed, deploying]",0
Amazon,2020,Agile Execution and Organization,Infrastructure/scaling,"deploy [deployment, deployments, deployed, deploying]",0
Amazon,2021,Agile Execution and Organization,Infrastructure/scaling,"deploy [deployment, deployments, deployed, deploying]",0
Amazon,2022,Agile Execution and Organization,Infrastructure/scaling,"deploy [deployment, deployments, deployed, deploying]",0
Amazon,2024,Agile Execution and Organization,Infrastructure/scaling,"deploy [deployment, deployments, deployed, deploying]",2
Amazon,2025,Agile Execution and Organization,Infrastructure/scaling,"deploy [deployment, deployments, deployed, deploying]",0
Chevron,2013,Agile Execution and Organization,Infrastructure/scaling,"deploy [deployment, deployments, deployed, deploying]",0
Chevron,2018,Agile Execution and Organization,Infrastructure/scaling,"deploy [deployment, deployments, deployed, deploying]",1
Chevron,2020,Agile Execution and Organization,Infrastructure/scaling,"deploy [deployment, deployments, deployed, deploying]",0
Chevron,2021,Agile Execution and Organization,Infrastructure/scaling,"deploy [deployment, deployments, deployed, deploying]",0
Chevron,2022,Agile Execution and Organization,Infrastructure/scaling,"deploy [deployment, deployments, deployed, deploying]",1
Chevron,2023,Agile Execution and Organization,Infrastructure/scaling,"deploy [deployment, deployments, deployed, deploying]",0
Chevron,2024,Agile Execution and Organization,Infrastructure/scaling,"deploy [deployment, deployments, deployed, deploying]",1
Nvidia,2017,Agile Execution and Organization,Infrastructure/scaling,"deploy [deployment, deployments, deployed, deploying]",0
Nvidia,2018,Agile Execution and Organization,Infrastructure/scaling,"deploy [deployment, deployments, deployed, deploying]",2
Nvidia,2020,Agile Execution and Organization,Infrastructure/scaling,"deploy [deployment, deployments, deployed, deploying]",6
Nvidia,2021,Agile Execution and Organization,Infrastructure/scaling,"deploy [deployment, deployments, deployed, deploying]",1
Nvidia,2022,Agile Execution and Organization,Infrastructure/scaling,"deploy [deployment, deployments, deployed, deploying]",1
Nvidia,2023,Agile Execution and Organization,Infrastructure/scaling,"deploy [deployment, deployments, deployed, deploying]",1
Nvidia,2025,Agile Execution and Organization,Infrastructure/scaling,"deploy [deployment, deployments, deployed, deploying]",13
Shell,2014,Agile Execution and Organization,Infrastructure/scaling,"deploy [deployment, deployments, deployed, deploying]",0
Shell,2015,Agile Execution and Organization,Infrastructure/scaling,"deploy [deployment, deployments, deployed, deploying]",0
Shell,2016,Agile Execution and Organization,Infrastructure/scaling,"deploy [deployment, deployments, deployed, deploying]",0
Shell,2020,Agile Execution and Organization,Infrastructure/scaling,"deploy [deployment, deployments, deployed, deploying]",0
Shell,2022,Agile Execution and Organization,Infrastructure/scaling,"deploy [deployment, deployments, deployed, deploying]",0
Shell,2024,Agile Execution and Organization,Infrastructure/scaling,"deploy [deployment, deployments, deployed, deploying]",0
Shell,2025,Agile Execution and Organization,Infrastructure/scaling,"deploy [deployment, deployments, deployed, deploying]",0
Amazon,1997,Agile Execution and Organization,Infrastructure/scaling,"execute [execution, executions, executed, executing, executes] !executive, executives",3
Amazon,2016,Agile Execution and Organization,Infrastructure/scaling,"execute [execution, executions, executed, executing, executes] !executive, executives",0
Amazon,2020,Agile Execution and Organization,Infrastructure/scaling,"execute [execution, executions, executed, executing, executes] !executive, executives",0
Amazon,2021,Agile Execution and Organization,Infrastructure/scaling,"execute [execution, executions, executed, executing, executes] !executive, executives",1
Amazon,2022,Agile Execution and Organization,Infrastructure/scaling,"execute [execution, executions, executed, executing, executes] !executive, executives",0
Amazon,2024,Agile Execution and Organization,Infrastructure/scaling,"execute [execution, executions, executed, executing, executes] !executive, executives",2
Amazon,2025,Agile Execution and Organization,Infrastructure/scaling,"execute [execution, executions, executed, executing, executes] !executive, executives",1
Chevron,2013,Agile Execution and Organization,Infrastructure/scaling,"execute [execution, executions, executed, executing, executes] !executive, executives",0
Chevron,2018,Agile Execution and Organization,Infrastructure/scaling,"execute [execution, executions, executed, executing, executes] !executive, executives",0
Chevron,2020,Agile Execution and Organization,Infrastructure/scaling,"execute [execution, executions, executed, executing, executes] !executive, executives",0
Chevron,2021,Agile Execution and Organization,Infrastructure/scaling,"execute [execution, executions, executed, executing, executes] !executive, executives",2
Chevron,2022,Agile Execution and Organization,Infrastructure/scaling,"execute [execution, executions, executed, executing, executes] !executive, executives",2
Chevron,2023,Agile Execution and Organization,Infrastructure/scaling,"execute [execution, executions, executed, executing, executes] !executive, executives",2
Chevron,2024,Agile Execution and Organization,Infrastructure/scaling,"execute [execution, executions, executed, executing, executes] !executive, executives",1
Nvidia,2017,Agile Execution and Organization,Infrastructure/scaling,"execute [execution, executions, executed, executing, executes] !executive, executives",0
Nvidia,2018,Agile Execution and Organization,Infrastructure/scaling,"execute [execution, executions, executed, executing, executes] !executive, executives",0
Nvidia,2020,Agile Execution and Organization,Infrastructure/scaling,"execute [execution, executions, executed, executing, executes] !executive, executives",0
Nvidia,2021,Agile Execution and Organization,Infrastructure/scaling,"execute [execution, executions, executed, executing, executes] !executive, executives",0
Nvidia,2022,Agile Execution and Organization,Infrastructure/scaling,"execute [execution, executions, executed, executing, executes] !executive, executives",1
Nvidia,2023,Agile Execution and Organization,Infrastructure/scaling,"execute [execution, executions, executed, executing, executes] !executive, executives",0
Nvidia,2025,Agile Execution and Organization,Infrastructure/scaling,"execute [execution, executions, executed, executing, executes] !executive, executives",1
Shell,2014,Agile Execution and Organization,Infrastructure/scaling,"execute [execution, executions, executed, executing, executes] !executive, executives",0
Shell,2015,Agile Execution and Organization,Infrastructure/scaling,"execute [execution, executions, executed, executing, executes] !executive, executives",0
Shell,2016,Agile Execution and Organization,Infrastructure/scaling,"execute [execution, executions, executed, executing, executes] !executive, executives",0
Shell,2020,Agile Execution and Organization,Infrastructure/scaling,"execute [execution, executions, executed, executing, executes] !executive, executives",0
Shell,2022,Agile Execution and Organization,Infrastructure/scaling,"execute [execution, executions, executed, executing, executes] !executive, executives",0
Shell,2024,Agile Execution and Organization,Infrastructure/scaling,"execute [execution, executions, executed, executing, executes] !executive, executives",1
Shell,2025,Agile Execution and Organization,Infrastructure/scaling,"execute [execution, executions, executed, executing, executes] !executive, executives",0
Amazon,1997,Explore vs Exploit,Explore,"explore [exploration, exploring, explored, exploratory, explorer, explorers, explores]",0
Amazon,2016,Explore vs Exploit,Explore,"explore [exploration, exploring, explored, exploratory, explorer, explorers, explores]",0
Amazon,2020,Explore vs Exploit,Explore,"explore [exploration, exploring, explored, exploratory, explorer, explorers, explores]",0
Amazon,2021,Explore vs Exploit,Explore,"explore [exploration, exploring, explored, exploratory, explorer, explorers, explores]",0
Amazon,2022,Explore vs Exploit,Explore,"explore [exploration, exploring, explored, exploratory, explorer, explorers, explores]",0
Amazon,2024,Explore vs Exploit,Explore,"explore [exploration, exploring, explored, exploratory, explorer, explorers, explores]",1
Amazon,2025,Explore vs Exploit,Explore,"explore [exploration, exploring, explored, exploratory, explorer, explorers, explores]",1
Chevron,2013,Explore vs Exploit,Explore,"explore [exploration, exploring, explored, exploratory, explorer, explorers, explores]",3
Chevron,2018,Explore vs Exploit,Explore,"explore [exploration, exploring, explored, exploratory, explorer, explorers, explores]",1
Chevron,2020,Explore vs Exploit,Explore,"explore [exploration, exploring, explored, exploratory, explorer, explorers, explores]",1
Chevron,2021,Explore vs Exploit,Explore,"explore [exploration, exploring, explored, exploratory, explorer, explorers, explores]",0
Chevron,2022,Explore vs Exploit,Explore,"explore [exploration, exploring, explored, exploratory, explorer, explorers, explores]",2
Chevron,2023,Explore vs Exploit,Explore,"explore [exploration, exploring, explored, exploratory, explorer, explorers, explores]",1
Chevron,2024,Explore vs Exploit,Explore,"explore [exploration, exploring, explored, exploratory, explorer, explorers, explores]",1
Nvidia,2017,Explore vs Exploit,Explore,"explore [exploration, exploring, explored, exploratory, explorer, explorers, explores]",0
Nvidia,2018,Explore vs Exploit,Explore,"explore [exploration, exploring, explored, exploratory, explorer, explorers, explores]",2
Nvidia,2020,Explore vs Exploit,Explore,"explore [exploration, exploring, explored, exploratory, explorer, explorers, explores]",0
Nvidia,2021,Explore vs Exploit,Explore,"explore [exploration, exploring, explored, exploratory, explorer, explorers, explores]",1
Nvidia,2022,Explore vs Exploit,Explore,"explore [exploration, exploring, explored, exploratory, explorer, explorers, explores]",0
Nvidia,2023,Explore vs Exploit,Explore,"explore [exploration, exploring, explored, exploratory, explorer, explorers, explores]",1
Nvidia,2025,Explore vs Exploit,Explore,"explore [exploration, exploring, explored, exploratory, explorer, explorers, explores]",1
Shell,2014,Explore vs Exploit,Explore,"explore [exploration, exploring, explored, exploratory, explorer, explorers, explores]",1
Shell,2015,Explore vs Exploit,Explore,"explore [exploration, exploring, explored, exploratory, explorer, explorers, explores]",0
Shell,2016,Explore vs Exploit,Explore,"explore [exploration, exploring, explored, exploratory, explorer, explorers, explores]",1
Shell,2020,Explore vs Exploit,Explore,"explore [exploration, exploring, explored, exploratory, explorer, explorers, explores]",0
Shell,2022,Explore vs Exploit,Explore,"explore [exploration, exploring, explored, exploratory, explorer, explorers, explores]",0
Shell,2024,Explore vs Exploit,Explore,"explore [exploration, exploring, explored, exploratory, explorer, explorers, explores]",0
Shell,2025,Explore vs Exploit,Explore,"explore [exploration, exploring, explored, exploratory, explorer, explorers, explores]",1
Amazon,1997,Explore vs Exploit,Explore,day 1,1
Amazon,2016,Explore vs Exploit,Explore,day 1,9
Amazon,2020,Explore vs Exploit,Explore,day 1,2
Amazon,2021,Explore vs Exploit,Explore,day 1,1
Amazon,2022,Explore vs Exploit,Explore,day 1,0
Amazon,2024,Explore vs Exploit,Explore,day 1,0
Amazon,2025,Explore vs Exploit,Explore,day 1,0
Chevron,2013,Explore vs Exploit,Explore,day 1,0
Chevron,2018,Explore vs Exploit,Explore,day 1,0
Chevron,2020,Explore vs Exploit,Explore,day 1,0
Chevron,2021,Explore vs Exploit,Explore,day 1,0
Chevron,2022,Explore vs Exploit,Explore,day 1,0
Chevron,2023,Explore vs Exploit,Explore,day 1,0
Chevron,2024,Explore vs Exploit,Explore,day 1,0
Nvidia,2017,Explore vs Exploit,Explore,day 1,0
Nvidia,2018,Explore vs Exploit,Explore,day 1,0
Nvidia,2020,Explore vs Exploit,Explore,day 1,0
Nvidia,2021,Explore vs Exploit,Explore,day 1,0
Nvidia,2022,Explore vs Exploit,Explore,day 1,0
Nvidia,2023,Explore vs Exploit,Explore,day 1,0
Nvidia,2025,Explore vs Exploit,Explore,day 1,0
Shell,2014,Explore vs Exploit,Explore,day 1,0
Shell,2015,Explore vs Exploit,Explore,day 1,0
Shell,2016,Explore vs Exploit,Explore,day 1,0
Shell,2020,Explore vs Exploit,Explore,day 1,0
Shell,2022,Explore vs Exploit,Explore,day 1,0
Shell,2024,Explore vs Exploit,Explore,day 1,0
Shell,2025,Explore vs Exploit,Explore,day 1,0
Amazon,1997,Explore vs Exploit,Explore,day one,0
Amazon,2016,Explore vs Exploit,Explore,day one,0
Amazon,2020,Explore vs Exploit,Explore,day one,0
Amazon,2021,Explore vs Exploit,Explore,day one,0
Amazon,2022,Explore vs Exploit,Explore,day one,0
Amazon,2024,Explore vs Exploit,Explore,day one,1
Amazon,2025,Explore vs Exploit,Explore,day one,0
Chevron,2013,Explore vs Exploit,Explore,day one,0
Chevron,2018,Explore vs Exploit,Explore,day one,0
Chevron,2020,Explore vs Exploit,Explore,day one,0
Chevron,2021,Explore vs Exploit,Explore,day one,0
Chevron,2022,Explore vs Exploit,Explore,day one,0
Chevron,2023,Explore vs Exploit,Explore,day one,0
Chevron,2024,Explore vs Exploit,Explore,day one,0
Nvidia,2017,Explore vs Exploit,Explore,day one,0
Nvidia,2018,Explore vs Exploit,Explore,day one,0
Nvidia,2020,Explore vs Exploit,Explore,day one,0
Nvidia,2021,Explore vs Exploit,Explore,day one,0
Nvidia,2022,Explore vs Exploit,Explore,day one,0
Nvidia,2023,Explore vs Exploit,Explore,day one,0
Nvidia,2025,Explore vs Exploit,Explore,day one,0
Shell,2014,Explore vs Exploit,Explore,day one,0
Shell,2015,Explore vs Exploit,Explore,day one,0
Shell,2016,Explore vs Exploit,Explore,day one,0
Shell,2020,Explore vs Exploit,Explore,day one,0
Shell,2022,Explore vs Exploit,Explore,day one,0
Shell,2024,Explore vs Exploit,Explore,day one,0
Shell,2025,Explore vs Exploit,Explore,day one,0
Amazon,1997,Explore vs Exploit,Explore,"experiment [experimentation, experimental, experiments, experimented, experimenting] !experience, experiences, experienced, experiencing",0
Amazon,2016,Explore vs Exploit,Explore,"experiment [experimentation, experimental, experiments, experimented, experimenting] !experience, experiences, experienced, experiencing",1
Amazon,2020,Explore vs Exploit,Explore,"experiment [experimentation, experimental, experiments, experimented, experimenting] !experience, experiences, experienced, experiencing",0
Amazon,2021,Explore vs Exploit,Explore,"experiment [experimentation, experimental, experiments, experimented, experimenting] !experience, experiences, experienced, experiencing",5
Amazon,2022,Explore vs Exploit,Explore,"experiment [experimentation, experimental, experiments, experimented, experimenting] !experience, experiences, experienced, experiencing",2
Amazon,2024,Explore vs Exploit,Explore,"experiment [experimentation, experimental, experiments, experimented, experimenting] !experience, experiences, experienced, experiencing",2
Amazon,2025,Explore vs Exploit,Explore,"experiment [experimentation, experimental, experiments, experimented, experimenting] !experience, experiences, experienced, experiencing",5
Chevron,2013,Explore vs Exploit,Explore,"experiment [experimentation, experimental, experiments, experimented, experimenting] !experience, experiences, experienced, experiencing",0
Chevron,2018,Explore vs Exploit,Explore,"experiment [experimentation, experimental, experiments, experimented, experimenting] !experience, experiences, experienced, experiencing",0
Chevron,2020,Explore vs Exploit,Explore,"experiment [experimentation, experimental, experiments, experimented, experimenting] !experience, experiences, experienced, experiencing",0
Chevron,2021,Explore vs Exploit,Explore,"experiment [experimentation, experimental, experiments, experimented, experimenting] !experience, experiences, experienced, experiencing",0
Chevron,2022,Explore vs Exploit,Explore,"experiment [experimentation, experimental, experiments, experimented, experimenting] !experience, experiences, experienced, experiencing",0
Chevron,2023,Explore vs Exploit,Explore,"experiment [experimentation, experimental, experiments, experimented, experimenting] !experience, experiences, experienced, experiencing",0
Chevron,2024,Explore vs Exploit,Explore,"experiment [experimentation, experimental, experiments, experimented, experimenting] !experience, experiences, experienced, experiencing",0
Nvidia,2017,Explore vs Exploit,Explore,"experiment [experimentation, experimental, experiments, experimented, experimenting] !experience, experiences, experienced, experiencing",0
Nvidia,2018,Explore vs Exploit,Explore,"experiment [experimentation, experimental, experiments, experimented, experimenting] !experience, experiences, experienced, experiencing",0
Nvidia,2020,Explore vs Exploit,Explore,"experiment [experimentation, experimental, experiments, experimented, experimenting] !experience, experiences, experienced, experiencing",0
Nvidia,2021,Explore vs Exploit,Explore,"experiment [experimentation, experimental, experiments, experimented, experimenting] !experience, experiences, experienced, experiencing",1
Nvidia,2022,Explore vs Exploit,Explore,"experiment [experimentation, experimental, experiments, experimented, experimenting] !experience, experiences, experienced, experiencing",0
Nvidia,2023,Explore vs Exploit,Explore,"experiment [experimentation, experimental, experiments, experimented, experimenting] !experience, experiences, experienced, experiencing",0
Nvidia,2025,Explore vs Exploit,Explore,"experiment [experimentation, experimental, experiments, experimented, experimenting] !experience, experiences, experienced, experiencing",0
Shell,2014,Explore vs Exploit,Explore,"experiment [experimentation, experimental, experiments, experimented, experimenting] !experience, experiences, experienced, experiencing",0
Shell,2015,Explore vs Exploit,Explore,"experiment [experimentation, experimental, experiments, experimented, experimenting] !experience, experiences, experienced, experiencing",0
Shell,2016,Explore vs Exploit,Explore,"experiment [experimentation, experimental, experiments, experimented, experimenting] !experience, experiences, experienced, experiencing",0
Shell,2020,Explore vs Exploit,Explore,"experiment [experimentation, experimental, experiments, experimented, experimenting] !experience, experiences, experienced, experiencing",0
Shell,2022,Explore vs Exploit,Explore,"experiment [experimentation, experimental, experiments, experimented, experimenting] !experience, experiences, experienced, experiencing",0
Shell,2024,Explore vs Exploit,Explore,"experiment [experimentation, experimental, experiments, experimented, experimenting] !experience, experiences, experienced, experiencing",0
Shell,2025,Explore vs Exploit,Explore,"experiment [experimentation, experimental, experiments, experimented, experimenting] !experience, experiences, experienced, experiencing",0
Amazon,1997,Explore vs Exploit,Explore,"discover [discovery, discoveries, discovered, discovering]",1
Amazon,2016,Explore vs Exploit,Explore,"discover [discovery, discoveries, discovered, discovering]",0
Amazon,2020,Explore vs Exploit,Explore,"discover [discovery, discoveries, discovered, discovering]",0
Amazon,2021,Explore vs Exploit,Explore,"discover [discovery, discoveries, discovered, discovering]",1
Amazon,2022,Explore vs Exploit,Explore,"discover [discovery, discoveries, discovered, discovering]",0
Amazon,2024,Explore vs Exploit,Explore,"discover [discovery, discoveries, discovered, discovering]",0
Amazon,2025,Explore vs Exploit,Explore,"discover [discovery, discoveries, discovered, discovering]",0
Chevron,2013,Explore vs Exploit,Explore,"discover [discovery, discoveries, discovered, discovering]",1
Chevron,2018,Explore vs Exploit,Explore,"discover [discovery, discoveries, discovered, discovering]",1
Chevron,2020,Explore vs Exploit,Explore,"discover [discovery, discoveries, discovered, discovering]",0
Chevron,2021,Explore vs Exploit,Explore,"discover [discovery, discoveries, discovered, discovering]",1
Chevron,2022,Explore vs Exploit,Explore,"discover [discovery, discoveries, discovered, discovering]",0
Chevron,2023,Explore vs Exploit,Explore,"discover [discovery, discoveries, discovered, discovering]",0
Chevron,2024,Explore vs Exploit,Explore,"discover [discovery, discoveries, discovered, discovering]",0
Nvidia,2017,Explore vs Exploit,Explore,"discover [discovery, discoveries, discovered, discovering]",2
Nvidia,2018,Explore vs Exploit,Explore,"discover [discovery, discoveries, discovered, discovering]",2
Nvidia,2020,Explore vs Exploit,Explore,"discover [discovery, discoveries, discovered, discovering]",2
Nvidia,2021,Explore vs Exploit,Explore,"discover [discovery, discoveries, discovered, discovering]",1
Nvidia,2022,Explore vs Exploit,Explore,"discover [discovery, discoveries, discovered, discovering]",1
Nvidia,2023,Explore vs Exploit,Explore,"discover [discovery, discoveries, discovered, discovering]",3
Nvidia,2025,Explore vs Exploit,Explore,"discover [discovery, discoveries, discovered, discovering]",1
Shell,2014,Explore vs Exploit,Explore,"discover [discovery, discoveries, discovered, discovering]",1
Shell,2015,Explore vs Exploit,Explore,"discover [discovery, discoveries, discovered, discovering]",0
Shell,2016,Explore vs Exploit,Explore,"discover [discovery, discoveries, discovered, discovering]",0
Shell,2020,Explore vs Exploit,Explore,"discover [discovery, discoveries, discovered, discovering]",0
Shell,2022,Explore vs Exploit,Explore,"discover [discovery, discoveries, discovered, discovering]",0
Shell,2024,Explore vs Exploit,Explore,"discover [discovery, discoveries, discovered, discovering]",0
Shell,2025,Explore vs Exploit,Explore,"discover [discovery, discoveries, discovered, discovering]",0
Amazon,1997,Explore vs Exploit,Explore,"pilot [pilots, piloted, piloting]",0
Amazon,2016,Explore vs Exploit,Explore,"pilot [pilots, piloted, piloting]",0
Amazon,2020,Explore vs Exploit,Explore,"pilot [pilots, piloted, piloting]",0
Amazon,2021,Explore vs Exploit,Explore,"pilot [pilots, piloted, piloting]",0
Amazon,2022,Explore vs Exploit,Explore,"pilot [pilots, piloted, piloting]",0
Amazon,2024,Explore vs Exploit,Explore,"pilot [pilots, piloted, piloting]",0
Amazon,2025,Explore vs Exploit,Explore,"pilot [pilots, piloted, piloting]",0
Chevron,2013,Explore vs Exploit,Explore,"pilot [pilots, piloted, piloting]",0
Chevron,2018,Explore vs Exploit,Explore,"pilot [pilots, piloted, piloting]",0
Chevron,2020,Explore vs Exploit,Explore,"pilot [pilots, piloted, piloting]",0
Chevron,2021,Explore vs Exploit,Explore,"pilot [pilots, piloted, piloting]",1
Chevron,2022,Explore vs Exploit,Explore,"pilot [pilots, piloted, piloting]",1
Chevron,2023,Explore vs Exploit,Explore,"pilot [pilots, piloted, piloting]",0
Chevron,2024,Explore vs Exploit,Explore,"pilot [pilots, piloted, piloting]",0
Nvidia,2017,Explore vs Exploit,Explore,"pilot [pilots, piloted, piloting]",0
Nvidia,2018,Explore vs Exploit,Explore,"pilot [pilots, piloted, piloting]",0
Nvidia,2020,Explore vs Exploit,Explore,"pilot [pilots, piloted, piloting]",0
Nvidia,2021,Explore vs Exploit,Explore,"pilot [pilots, piloted, piloting]",0
Nvidia,2022,Explore vs Exploit,Explore,"pilot [pilots, piloted, piloting]",0
Nvidia,2023,Explore vs Exploit,Explore,"pilot [pilots, piloted, piloting]",0
Nvidia,2025,Explore vs Exploit,Explore,"pilot [pilots, piloted, piloting]",0
Shell,2014,Explore vs Exploit,Explore,"pilot [pilots, piloted, piloting]",0
Shell,2015,Explore vs Exploit,Explore,"pilot [pilots, piloted, piloting]",0
Shell,2016,Explore vs Exploit,Explore,"pilot [pilots, piloted, piloting]",0
Shell,2020,Explore vs Exploit,Explore,"pilot [pilots, piloted, piloting]",0
Shell,2022,Explore vs Exploit,Explore,"pilot [pilots, piloted, piloting]",0
Shell,2024,Explore vs Exploit,Explore,"pilot [pilots, piloted, piloting]",0
Shell,2025,Explore vs Exploit,Explore,"pilot [pilots, piloted, piloting]",0
Amazon,1997,Explore vs Exploit,Explore,"emerge [emerging, emerged, emerges, emergent]",0
Amazon,2016,Explore vs Exploit,Explore,"emerge [emerging, emerged, emerges, emergent]",0
Amazon,2020,Explore vs Exploit,Explore,"emerge [emerging, emerged, emerges, emergent]",1
Amazon,2021,Explore vs Exploit,Explore,"emerge [emerging, emerged, emerges, emergent]",0
Amazon,2022,Explore vs Exploit,Explore,"emerge [emerging, emerged, emerges, emergent]",3
Amazon,2024,Explore vs Exploit,Explore,"emerge [emerging, emerged, emerges, emergent]",0
Amazon,2025,Explore vs Exploit,Explore,"emerge [emerging, emerged, emerges, emergent]",2
Chevron,2013,Explore vs Exploit,Explore,"emerge [emerging, emerged, emerges, emergent]",0
Chevron,2018,Explore vs Exploit,Explore,"emerge [emerging, emerged, emerges, emergent]",0
Chevron,2020,Explore vs Exploit,Explore,"emerge [emerging, emerged, emerges, emergent]",1
Chevron,2021,Explore vs Exploit,Explore,"emerge [emerging, emerged, emerges, emergent]",3
Chevron,2022,Explore vs Exploit,Explore,"emerge [emerging, emerged, emerges, emergent]",1
Chevron,2023,Explore vs Exploit,Explore,"emerge [emerging, emerged, emerges, emergent]",0
Chevron,2024,Explore vs Exploit,Explore,"emerge [emerging, emerged, emerges, emergent]",0
Nvidia,2017,Explore vs Exploit,Explore,"emerge [emerging, emerged, emerges, emergent]",0
Nvidia,2018,Explore vs Exploit,Explore,"emerge [emerging, emerged, emerges, emergent]",0
Nvidia,2020,Explore vs Exploit,Explore,"emerge [emerging, emerged, emerges, emergent]",0
Nvidia,2021,Explore vs Exploit,Explore,"emerge [emerging, emerged, emerges, emergent]",0
Nvidia,2022,Explore vs Exploit,Explore,"emerge [emerging, emerged, emerges, emergent]",0
Nvidia,2023,Explore vs Exploit,Explore,"emerge [emerging, emerged, emerges, emergent]",1
Nvidia,2025,Explore vs Exploit,Explore,"emerge [emerging, emerged, emerges, emergent]",1
Shell,2014,Explore vs Exploit,Explore,"emerge [emerging, emerged, emerges, emergent]",0
Shell,2015,Explore vs Exploit,Explore,"emerge [emerging, emerged, emerges, emergent]",0
Shell,2016,Explore vs Exploit,Explore,"emerge [emerging, emerged, emerges, emergent]",0
Shell,2020,Explore vs Exploit,Explore,"emerge [emerging, emerged, emerges, emergent]",1
Shell,2022,Explore vs Exploit,Explore,"emerge [emerging, emerged, emerges, emergent]",0
Shell,2024,Explore vs Exploit,Explore,"emerge [emerging, emerged, emerges, emergent]",0
Shell,2025,Explore vs Exploit,Explore,"emerge [emerging, emerged, emerges, emergent]",0
Amazon,1997,Explore vs Exploit,Explore,"option [options, optional, optionality]",2
Amazon,2016,Explore vs Exploit,Explore,"option [options, optional, optionality]",0
Amazon,2020,Explore vs Exploit,Explore,"option [options, optional, optionality]",1
Amazon,2021,Explore vs Exploit,Explore,"option [options, optional, optionality]",2
Amazon,2022,Explore vs Exploit,Explore,"option [options, optional, optionality]",1
Amazon,2024,Explore vs Exploit,Explore,"option [options, optional, optionality]",2
Amazon,2025,Explore vs Exploit,Explore,"option [options, optional, optionality]",0
Chevron,2013,Explore vs Exploit,Explore,"option [options, optional, optionality]",0
Chevron,2018,Explore vs Exploit,Explore,"option [options, optional, optionality]",0
Chevron,2020,Explore vs Exploit,Explore,"option [options, optional, optionality]",0
Chevron,2021,Explore vs Exploit,Explore,"option [options, optional, optionality]",1
Chevron,2022,Explore vs Exploit,Explore,"option [options, optional, optionality]",0
Chevron,2023,Explore vs Exploit,Explore,"option [options, optional, optionality]",0
Chevron,2024,Explore vs Exploit,Explore,"option [options, optional, optionality]",0
Nvidia,2017,Explore vs Exploit,Explore,"option [options, optional, optionality]",0
Nvidia,2018,Explore vs Exploit,Explore,"option [options, optional, optionality]",0
Nvidia,2020,Explore vs Exploit,Explore,"option [options, optional, optionality]",0
Nvidia,2021,Explore vs Exploit,Explore,"option [options, optional, optionality]",1
Nvidia,2022,Explore vs Exploit,Explore,"option [options, optional, optionality]",0
Nvidia,2023,Explore vs Exploit,Explore,"option [options, optional, optionality]",0
Nvidia,2025,Explore vs Exploit,Explore,"option [options, optional, optionality]",0
Shell,2014,Explore vs Exploit,Explore,"option [options, optional, optionality]",0
Shell,2015,Explore vs Exploit,Explore,"option [options, optional, optionality]",0
Shell,2016,Explore vs Exploit,Explore,"option [options, optional, optionality]",0
Shell,2020,Explore vs Exploit,Explore,"option [options, optional, optionality]",0
Shell,2022,Explore vs Exploit,Explore,"option [options, optional, optionality]",1
Shell,2024,Explore vs Exploit,Explore,"option [options, optional, optionality]",0
Shell,2025,Explore vs Exploit,Explore,"option [options, optional, optionality]",0
Amazon,1997,Explore vs Exploit,Explore,"invent [invention, inventions, inventing, invented, inventive, inventor, inventors] !inventory, inventories",0
Amazon,2016,Explore vs Exploit,Explore,"invent [invention, inventions, inventing, invented, inventive, inventor, inventors] !inventory, inventories",3
Amazon,2020,Explore vs Exploit,Explore,"invent [invention, inventions, inventing, invented, inventive, inventor, inventors] !inventory, inventories",6
Amazon,2021,Explore vs Exploit,Explore,"invent [invention, inventions, inventing, invented, inventive, inventor, inventors] !inventory, inventories",22
Amazon,2022,Explore vs Exploit,Explore,"invent [invention, inventions, inventing, invented, inventive, inventor, inventors] !inventory, inventories",14
Amazon,2024,Explore vs Exploit,Explore,"invent [invention, inventions, inventing, invented, inventive, inventor, inventors] !inventory, inventories",19
Amazon,2025,Explore vs Exploit,Explore,"invent [invention, inventions, inventing, invented, inventive, inventor, inventors] !inventory, inventories",13
Chevron,2013,Explore vs Exploit,Explore,"invent [invention, inventions, inventing, invented, inventive, inventor, inventors] !inventory, inventories",0
Chevron,2018,Explore vs Exploit,Explore,"invent [invention, inventions, inventing, invented, inventive, inventor, inventors] !inventory, inventories",0
Chevron,2020,Explore vs Exploit,Explore,"invent [invention, inventions, inventing, invented, inventive, inventor, inventors] !inventory, inventories",0
Chevron,2021,Explore vs Exploit,Explore,"invent [invention, inventions, inventing, invented, inventive, inventor, inventors] !inventory, inventories",0
Chevron,2022,Explore vs Exploit,Explore,"invent [invention, inventions, inventing, invented, inventive, inventor, inventors] !inventory, inventories",0
Chevron,2023,Explore vs Exploit,Explore,"invent [invention, inventions, inventing, invented, inventive, inventor, inventors] !inventory, inventories",0
Chevron,2024,Explore vs Exploit,Explore,"invent [invention, inventions, inventing, invented, inventive, inventor, inventors] !inventory, inventories",0
Nvidia,2017,Explore vs Exploit,Explore,"invent [invention, inventions, inventing, invented, inventive, inventor, inventors] !inventory, inventories",0
Nvidia,2018,Explore vs Exploit,Explore,"invent [invention, inventions, inventing, invented, inventive, inventor, inventors] !inventory, inventories",0
Nvidia,2020,Explore vs Exploit,Explore,"invent [invention, inventions, inventing, invented, inventive, inventor, inventors] !inventory, inventories",5
Nvidia,2021,Explore vs Exploit,Explore,"invent [invention, inventions, inventing, invented, inventive, inventor, inventors] !inventory, inventories",8
Nvidia,2022,Explore vs Exploit,Explore,"invent [invention, inventions, inventing, invented, inventive, inventor, inventors] !inventory, inventories",2
Nvidia,2023,Explore vs Exploit,Explore,"invent [invention, inventions, inventing, invented, inventive, inventor, inventors] !inventory, inventories",3
Nvidia,2025,Explore vs Exploit,Explore,"invent [invention, inventions, inventing, invented, inventive, inventor, inventors] !inventory, inventories",0
Shell,2014,Explore vs Exploit,Explore,"invent [invention, inventions, inventing, invented, inventive, inventor, inventors] !inventory, inventories",0
Shell,2015,Explore vs Exploit,Explore,"invent [invention, inventions, inventing, invented, inventive, inventor, inventors] !inventory, inventories",0
Shell,2016,Explore vs Exploit,Explore,"invent [invention, inventions, inventing, invented, inventive, inventor, inventors] !inventory, inventories",0
Shell,2020,Explore vs Exploit,Explore,"invent [invention, inventions, inventing, invented, inventive, inventor, inventors] !inventory, inventories",0
Shell,2022,Explore vs Exploit,Explore,"invent [invention, inventions, inventing, invented, inventive, inventor, inventors] !inventory, inventories",0
Shell,2024,Explore vs Exploit,Explore,"invent [invention, inventions, inventing, invented, inventive, inventor, inventors] !inventory, inventories",0
Shell,2025,Explore vs Exploit,Explore,"invent [invention, inventions, inventing, invented, inventive, inventor, inventors] !inventory, inventories",0
Amazon,1997,Explore vs Exploit,Explore,"innovate [innovation, innovative, innovations, innovating, innovator, innovators, innovated]",0
Amazon,2016,Explore vs Exploit,Explore,"innovate [innovation, innovative, innovations, innovating, innovator, innovators, innovated]",0
Amazon,2020,Explore vs Exploit,Explore,"innovate [innovation, innovative, innovations, innovating, innovator, innovators, innovated]",4
Amazon,2021,Explore vs Exploit,Explore,"innovate [innovation, innovative, innovations, innovating, innovator, innovators, innovated]",8
Amazon,2022,Explore vs Exploit,Explore,"innovate [innovation, innovative, innovations, innovating, innovator, innovators, innovated]",9
Amazon,2024,Explore vs Exploit,Explore,"innovate [innovation, innovative, innovations, innovating, innovator, innovators, innovated]",4
Amazon,2025,Explore vs Exploit,Explore,"innovate [innovation, innovative, innovations, innovating, innovator, innovators, innovated]",1
Chevron,2013,Explore vs Exploit,Explore,"innovate [innovation, innovative, innovations, innovating, innovator, innovators, innovated]",0
Chevron,2018,Explore vs Exploit,Explore,"innovate [innovation, innovative, innovations, innovating, innovator, innovators, innovated]",3
Chevron,2020,Explore vs Exploit,Explore,"innovate [innovation, innovative, innovations, innovating, innovator, innovators, innovated]",1
Chevron,2021,Explore vs Exploit,Explore,"innovate [innovation, innovative, innovations, innovating, innovator, innovators, innovated]",3
Chevron,2022,Explore vs Exploit,Explore,"innovate [innovation, innovative, innovations, innovating, innovator, innovators, innovated]",1
Chevron,2023,Explore vs Exploit,Explore,"innovate [innovation, innovative, innovations, innovating, innovator, innovators, innovated]",1
Chevron,2024,Explore vs Exploit,Explore,"innovate [innovation, innovative, innovations, innovating, innovator, innovators, innovated]",1
Nvidia,2017,Explore vs Exploit,Explore,"innovate [innovation, innovative, innovations, innovating, innovator, innovators, innovated]",3
Nvidia,2018,Explore vs Exploit,Explore,"innovate [innovation, innovative, innovations, innovating, innovator, innovators, innovated]",3
Nvidia,2020,Explore vs Exploit,Explore,"innovate [innovation, innovative, innovations, innovating, innovator, innovators, innovated]",2
Nvidia,2021,Explore vs Exploit,Explore,"innovate [innovation, innovative, innovations, innovating, innovator, innovators, innovated]",0
Nvidia,2022,Explore vs Exploit,Explore,"innovate [innovation, innovative, innovations, innovating, innovator, innovators, innovated]",1
Nvidia,2023,Explore vs Exploit,Explore,"innovate [innovation, innovative, innovations, innovating, innovator, innovators, innovated]",0
Nvidia,2025,Explore vs Exploit,Explore,"innovate [innovation, innovative, innovations, innovating, innovator, innovators, innovated]",2
Shell,2014,Explore vs Exploit,Explore,"innovate [innovation, innovative, innovations, innovating, innovator, innovators, innovated]",0
Shell,2015,Explore vs Exploit,Explore,"innovate [innovation, innovative, innovations, innovating, innovator, innovators, innovated]",0
Shell,2016,Explore vs Exploit,Explore,"innovate [innovation, innovative, innovations, innovating, innovator, innovators, innovated]",0
Shell,2020,Explore vs Exploit,Explore,"innovate [innovation, innovative, innovations, innovating, innovator, innovators, innovated]",0
Shell,2022,Explore vs Exploit,Explore,"innovate [innovation, innovative, innovations, innovating, innovator, innovators, innovated]",0
Shell,2024,Explore vs Exploit,Explore,"innovate [innovation, innovative, innovations, innovating, innovator, innovators, innovated]",0
Shell,2025,Explore vs Exploit,Explore,"innovate [innovation, innovative, innovations, innovating, innovator, innovators, innovated]",0
Amazon,1997,Explore vs Exploit,Explore,R&D,0
Amazon,2016,Explore vs Exploit,Explore,R&D,0
Amazon,2020,Explore vs Exploit,Explore,R&D,0
Amazon,2021,Explore vs Exploit,Explore,R&D,0
Amazon,2022,Explore vs Exploit,Explore,R&D,0
Amazon,2024,Explore vs Exploit,Explore,R&D,0
Amazon,2025,Explore vs Exploit,Explore,R&D,0
Chevron,2013,Explore vs Exploit,Explore,R&D,0
Chevron,2018,Explore vs Exploit,Explore,R&D,0
Chevron,2020,Explore vs Exploit,Explore,R&D,0
Chevron,2021,Explore vs Exploit,Explore,R&D,0
Chevron,2022,Explore vs Exploit,Explore,R&D,0
Chevron,2023,Explore vs Exploit,Explore,R&D,0
Chevron,2024,Explore vs Exploit,Explore,R&D,0
Nvidia,2017,Explore vs Exploit,Explore,R&D,0
Nvidia,2018,Explore vs Exploit,Explore,R&D,0
Nvidia,2020,Explore vs Exploit,Explore,R&D,1
Nvidia,2021,Explore vs Exploit,Explore,R&D,0
Nvidia,2022,Explore vs Exploit,Explore,R&D,0
Nvidia,2023,Explore vs Exploit,Explore,R&D,1
Nvidia,2025,Explore vs Exploit,Explore,R&D,0
Shell,2014,Explore vs Exploit,Explore,R&D,0
Shell,2015,Explore vs Exploit,Explore,R&D,0
Shell,2016,Explore vs Exploit,Explore,R&D,0
Shell,2020,Explore vs Exploit,Explore,R&D,0
Shell,2022,Explore vs Exploit,Explore,R&D,0
Shell,2024,Explore vs Exploit,Explore,R&D,0
Shell,2025,Explore vs Exploit,Explore,R&D,0
Amazon,1997,Explore vs Exploit,Explore,"research [researcher, researchers, researching, researched]",0
Amazon,2016,Explore vs Exploit,Explore,"research [researcher, researchers, researching, researched]",2
Amazon,2020,Explore vs Exploit,Explore,"research [researcher, researchers, researching, researched]",1
Amazon,2021,Explore vs Exploit,Explore,"research [researcher, researchers, researching, researched]",1
Amazon,2022,Explore vs Exploit,Explore,"research [researcher, researchers, researching, researched]",0
Amazon,2024,Explore vs Exploit,Explore,"research [researcher, researchers, researching, researched]",2
Amazon,2025,Explore vs Exploit,Explore,"research [researcher, researchers, researching, researched]",0
Chevron,2013,Explore vs Exploit,Explore,"research [researcher, researchers, researching, researched]",0
Chevron,2018,Explore vs Exploit,Explore,"research [researcher, researchers, researching, researched]",0
Chevron,2020,Explore vs Exploit,Explore,"research [researcher, researchers, researching, researched]",0
Chevron,2021,Explore vs Exploit,Explore,"research [researcher, researchers, researching, researched]",0
Chevron,2022,Explore vs Exploit,Explore,"research [researcher, researchers, researching, researched]",1
Chevron,2023,Explore vs Exploit,Explore,"research [researcher, researchers, researching, researched]",0
Chevron,2024,Explore vs Exploit,Explore,"research [researcher, researchers, researching, researched]",0
Nvidia,2017,Explore vs Exploit,Explore,"research [researcher, researchers, researching, researched]",3
Nvidia,2018,Explore vs Exploit,Explore,"research [researcher, researchers, researching, researched]",1
Nvidia,2020,Explore vs Exploit,Explore,"research [researcher, researchers, researching, researched]",8
Nvidia,2021,Explore vs Exploit,Explore,"research [researcher, researchers, researching, researched]",8
Nvidia,2022,Explore vs Exploit,Explore,"research [researcher, researchers, researching, researched]",4
Nvidia,2023,Explore vs Exploit,Explore,"research [researcher, researchers, researching, researched]",5
Nvidia,2025,Explore vs Exploit,Explore,"research [researcher, researchers, researching, researched]",3
Shell,2014,Explore vs Exploit,Explore,"research [researcher, researchers, researching, researched]",0
Shell,2015,Explore vs Exploit,Explore,"research [researcher, researchers, researching, researched]",0
Shell,2016,Explore vs Exploit,Explore,"research [researcher, researchers, researching, researched]",0
Shell,2020,Explore vs Exploit,Explore,"research [researcher, researchers, researching, researched]",0
Shell,2022,Explore vs Exploit,Explore,"research [researcher, researchers, researching, researched]",0
Shell,2024,Explore vs Exploit,Explore,"research [researcher, researchers, researching, researched]",0
Shell,2025,Explore vs Exploit,Explore,"research [researcher, researchers, researching, researched]",0
Amazon,1997,Explore vs Exploit,Explore,"prototype [prototypes, prototyping, prototyped]",0
Amazon,2016,Explore vs Exploit,Explore,"prototype [prototypes, prototyping, prototyped]",0
Amazon,2020,Explore vs Exploit,Explore,"prototype [prototypes, prototyping, prototyped]",0
Amazon,2021,Explore vs Exploit,Explore,"prototype [prototypes, prototyping, prototyped]",0
Amazon,2022,Explore vs Exploit,Explore,"prototype [prototypes, prototyping, prototyped]",1
Amazon,2024,Explore vs Exploit,Explore,"prototype [prototypes, prototyping, prototyped]",0
Amazon,2025,Explore vs Exploit,Explore,"prototype [prototypes, prototyping, prototyped]",0
Chevron,2013,Explore vs Exploit,Explore,"prototype [prototypes, prototyping, prototyped]",0
Chevron,2018,Explore vs Exploit,Explore,"prototype [prototypes, prototyping, prototyped]",0
Chevron,2020,Explore vs Exploit,Explore,"prototype [prototypes, prototyping, prototyped]",0
Chevron,2021,Explore vs Exploit,Explore,"prototype [prototypes, prototyping, prototyped]",0
Chevron,2022,Explore vs Exploit,Explore,"prototype [prototypes, prototyping, prototyped]",0
Chevron,2023,Explore vs Exploit,Explore,"prototype [prototypes, prototyping, prototyped]",0
Chevron,2024,Explore vs Exploit,Explore,"prototype [prototypes, prototyping, prototyped]",0
Nvidia,2017,Explore vs Exploit,Explore,"prototype [prototypes, prototyping, prototyped]",0
Nvidia,2018,Explore vs Exploit,Explore,"prototype [prototypes, prototyping, prototyped]",0
Nvidia,2020,Explore vs Exploit,Explore,"prototype [prototypes, prototyping, prototyped]",0
Nvidia,2021,Explore vs Exploit,Explore,"prototype [prototypes, prototyping, prototyped]",0
Nvidia,2022,Explore vs Exploit,Explore,"prototype [prototypes, prototyping, prototyped]",1
Nvidia,2023,Explore vs Exploit,Explore,"prototype [prototypes, prototyping, prototyped]",0
Nvidia,2025,Explore vs Exploit,Explore,"prototype [prototypes, prototyping, prototyped]",1
Shell,2014,Explore vs Exploit,Explore,"prototype [prototypes, prototyping, prototyped]",0
Shell,2015,Explore vs Exploit,Explore,"prototype [prototypes, prototyping, prototyped]",0
Shell,2016,Explore vs Exploit,Explore,"prototype [prototypes, prototyping, prototyped]",0
Shell,2020,Explore vs Exploit,Explore,"prototype [prototypes, prototyping, prototyped]",0
Shell,2022,Explore vs Exploit,Explore,"prototype [prototypes, prototyping, prototyped]",0
Shell,2024,Explore vs Exploit,Explore,"prototype [prototypes, prototyping, prototyped]",0
Shell,2025,Explore vs Exploit,Explore,"prototype [prototypes, prototyping, prototyped]",0
Amazon,1997,Explore vs Exploit,Explore,"iterate [iteration, iterations, iterating, iterative, iterated]",0
Amazon,2016,Explore vs Exploit,Explore,"iterate [iteration, iterations, iterating, iterative, iterated]",0
Amazon,2020,Explore vs Exploit,Explore,"iterate [iteration, iterations, iterating, iterative, iterated]",0
Amazon,2021,Explore vs Exploit,Explore,"iterate [iteration, iterations, iterating, iterative, iterated]",17
Amazon,2022,Explore vs Exploit,Explore,"iterate [iteration, iterations, iterating, iterative, iterated]",0
Amazon,2024,Explore vs Exploit,Explore,"iterate [iteration, iterations, iterating, iterative, iterated]",4
Amazon,2025,Explore vs Exploit,Explore,"iterate [iteration, iterations, iterating, iterative, iterated]",0
Chevron,2013,Explore vs Exploit,Explore,"iterate [iteration, iterations, iterating, iterative, iterated]",0
Chevron,2018,Explore vs Exploit,Explore,"iterate [iteration, iterations, iterating, iterative, iterated]",0
Chevron,2020,Explore vs Exploit,Explore,"iterate [iteration, iterations, iterating, iterative, iterated]",0
Chevron,2021,Explore vs Exploit,Explore,"iterate [iteration, iterations, iterating, iterative, iterated]",0
Chevron,2022,Explore vs Exploit,Explore,"iterate [iteration, iterations, iterating, iterative, iterated]",0
Chevron,2023,Explore vs Exploit,Explore,"iterate [iteration, iterations, iterating, iterative, iterated]",0
Chevron,2024,Explore vs Exploit,Explore,"iterate [iteration, iterations, iterating, iterative, iterated]",0
Nvidia,2017,Explore vs Exploit,Explore,"iterate [iteration, iterations, iterating, iterative, iterated]",0
Nvidia,2018,Explore vs Exploit,Explore,"iterate [iteration, iterations, iterating, iterative, iterated]",0
Nvidia,2020,Explore vs Exploit,Explore,"iterate [iteration, iterations, iterating, iterative, iterated]",1
Nvidia,2021,Explore vs Exploit,Explore,"iterate [iteration, iterations, iterating, iterative, iterated]",0
Nvidia,2022,Explore vs Exploit,Explore,"iterate [iteration, iterations, iterating, iterative, iterated]",0
Nvidia,2023,Explore vs Exploit,Explore,"iterate [iteration, iterations, iterating, iterative, iterated]",0
Nvidia,2025,Explore vs Exploit,Explore,"iterate [iteration, iterations, iterating, iterative, iterated]",0
Shell,2014,Explore vs Exploit,Explore,"iterate [iteration, iterations, iterating, iterative, iterated]",0
Shell,2015,Explore vs Exploit,Explore,"iterate [iteration, iterations, iterating, iterative, iterated]",0
Shell,2016,Explore vs Exploit,Explore,"iterate [iteration, iterations, iterating, iterative, iterated]",0
Shell,2020,Explore vs Exploit,Explore,"iterate [iteration, iterations, iterating, iterative, iterated]",0
Shell,2022,Explore vs Exploit,Explore,"iterate [iteration, iterations, iterating, iterative, iterated]",0
Shell,2024,Explore vs Exploit,Explore,"iterate [iteration, iterations, iterating, iterative, iterated]",0
Shell,2025,Explore vs Exploit,Explore,"iterate [iteration, iterations, iterating, iterative, iterated]",0
Amazon,1997,Explore vs Exploit,Explore,"learn [learning, learned, learner, learners, learns]",4
Amazon,2016,Explore vs Exploit,Explore,"learn [learning, learned, learner, learners, learns]",9
Amazon,2020,Explore vs Exploit,Explore,"learn [learning, learned, learner, learners, learns]",0
Amazon,2021,Explore vs Exploit,Explore,"learn [learning, learned, learner, learners, learns]",9
Amazon,2022,Explore vs Exploit,Explore,"learn [learning, learned, learner, learners, learns]",20
Amazon,2024,Explore vs Exploit,Explore,"learn [learning, learned, learner, learners, learns]",7
Amazon,2025,Explore vs Exploit,Explore,"learn [learning, learned, learner, learners, learns]",3
Chevron,2013,Explore vs Exploit,Explore,"learn [learning, learned, learner, learners, learns]",0
Chevron,2018,Explore vs Exploit,Explore,"learn [learning, learned, learner, learners, learns]",1
Chevron,2020,Explore vs Exploit,Explore,"learn [learning, learned, learner, learners, learns]",0
Chevron,2021,Explore vs Exploit,Explore,"learn [learning, learned, learner, learners, learns]",0
Chevron,2022,Explore vs Exploit,Explore,"learn [learning, learned, learner, learners, learns]",0
Chevron,2023,Explore vs Exploit,Explore,"learn [learning, learned, learner, learners, learns]",0
Chevron,2024,Explore vs Exploit,Explore,"learn [learning, learned, learner, learners, learns]",0
Nvidia,2017,Explore vs Exploit,Explore,"learn [learning, learned, learner, learners, learns]",3
Nvidia,2018,Explore vs Exploit,Explore,"learn [learning, learned, learner, learners, learns]",3
Nvidia,2020,Explore vs Exploit,Explore,"learn [learning, learned, learner, learners, learns]",11
Nvidia,2021,Explore vs Exploit,Explore,"learn [learning, learned, learner, learners, learns]",7
Nvidia,2022,Explore vs Exploit,Explore,"learn [learning, learned, learner, learners, learns]",3
Nvidia,2023,Explore vs Exploit,Explore,"learn [learning, learned, learner, learners, learns]",9
Nvidia,2025,Explore vs Exploit,Explore,"learn [learning, learned, learner, learners, learns]",8
Shell,2014,Explore vs Exploit,Explore,"learn [learning, learned, learner, learners, learns]",0
Shell,2015,Explore vs Exploit,Explore,"learn [learning, learned, learner, learners, learns]",0
Shell,2016,Explore vs Exploit,Explore,"learn [learning, learned, learner, learners, learns]",0
Shell,2020,Explore vs Exploit,Explore,"learn [learning, learned, learner, learners, learns]",0
Shell,2022,Explore vs Exploit,Explore,"learn [learning, learned, learner, learners, learns]",1
Shell,2024,Explore vs Exploit,Explore,"learn [learning, learned, learner, learners, learns]",1
Shell,2025,Explore vs Exploit,Explore,"learn [learning, learned, learner, learners, learns]",1
Amazon,1997,Explore vs Exploit,Explore,"pioneer [pioneers, pioneered, pioneering]",0
Amazon,2016,Explore vs Exploit,Explore,"pioneer [pioneers, pioneered, pioneering]",0
Amazon,2020,Explore vs Exploit,Explore,"pioneer [pioneers, pioneered, pioneering]",0
Amazon,2021,Explore vs Exploit,Explore,"pioneer [pioneers, pioneered, pioneering]",0
Amazon,2022,Explore vs Exploit,Explore,"pioneer [pioneers, pioneered, pioneering]",1
Amazon,2024,Explore vs Exploit,Explore,"pioneer [pioneers, pioneered, pioneering]",0
Amazon,2025,Explore vs Exploit,Explore,"pioneer [pioneers, pioneered, pioneering]",0
Chevron,2013,Explore vs Exploit,Explore,"pioneer [pioneers, pioneered, pioneering]",0
Chevron,2018,Explore vs Exploit,Explore,"pioneer [pioneers, pioneered, pioneering]",0
Chevron,2020,Explore vs Exploit,Explore,"pioneer [pioneers, pioneered, pioneering]",0
Chevron,2021,Explore vs Exploit,Explore,"pioneer [pioneers, pioneered, pioneering]",0
Chevron,2022,Explore vs Exploit,Explore,"pioneer [pioneers, pioneered, pioneering]",0
Chevron,2023,Explore vs Exploit,Explore,"pioneer [pioneers, pioneered, pioneering]",0
Chevron,2024,Explore vs Exploit,Explore,"pioneer [pioneers, pioneered, pioneering]",0
Nvidia,2017,Explore vs Exploit,Explore,"pioneer [pioneers, pioneered, pioneering]",1
Nvidia,2018,Explore vs Exploit,Explore,"pioneer [pioneers, pioneered, pioneering]",1
Nvidia,2020,Explore vs Exploit,Explore,"pioneer [pioneers, pioneered, pioneering]",2
Nvidia,2021,Explore vs Exploit,Explore,"pioneer [pioneers, pioneered, pioneering]",4
Nvidia,2022,Explore vs Exploit,Explore,"pioneer [pioneers, pioneered, pioneering]",0
Nvidia,2023,Explore vs Exploit,Explore,"pioneer [pioneers, pioneered, pioneering]",2
Nvidia,2025,Explore vs Exploit,Explore,"pioneer [pioneers, pioneered, pioneering]",0
Shell,2014,Explore vs Exploit,Explore,"pioneer [pioneers, pioneered, pioneering]",0
Shell,2015,Explore vs Exploit,Explore,"pioneer [pioneers, pioneered, pioneering]",0
Shell,2016,Explore vs Exploit,Explore,"pioneer [pioneers, pioneered, pioneering]",0
Shell,2020,Explore vs Exploit,Explore,"pioneer [pioneers, pioneered, pioneering]",0
Shell,2022,Explore vs Exploit,Explore,"pioneer [pioneers, pioneered, pioneering]",0
Shell,2024,Explore vs Exploit,Explore,"pioneer [pioneers, pioneered, pioneering]",0
Shell,2025,Explore vs Exploit,Explore,"pioneer [pioneers, pioneered, pioneering]",0
Amazon,1997,Explore vs Exploit,Explore,"reinvent [reinvention, reinvented, reinventing, reinvents]",0
Amazon,2016,Explore vs Exploit,Explore,"reinvent [reinvention, reinvented, reinventing, reinvents]",0
Amazon,2020,Explore vs Exploit,Explore,"reinvent [reinvention, reinvented, reinventing, reinvents]",1
Amazon,2021,Explore vs Exploit,Explore,"reinvent [reinvention, reinvented, reinventing, reinvents]",2
Amazon,2022,Explore vs Exploit,Explore,"reinvent [reinvention, reinvented, reinventing, reinvents]",0
Amazon,2024,Explore vs Exploit,Explore,"reinvent [reinvention, reinvented, reinventing, reinvents]",5
Amazon,2025,Explore vs Exploit,Explore,"reinvent [reinvention, reinvented, reinventing, reinvents]",3
Chevron,2013,Explore vs Exploit,Explore,"reinvent [reinvention, reinvented, reinventing, reinvents]",0
Chevron,2018,Explore vs Exploit,Explore,"reinvent [reinvention, reinvented, reinventing, reinvents]",0
Chevron,2020,Explore vs Exploit,Explore,"reinvent [reinvention, reinvented, reinventing, reinvents]",0
Chevron,2021,Explore vs Exploit,Explore,"reinvent [reinvention, reinvented, reinventing, reinvents]",0
Chevron,2022,Explore vs Exploit,Explore,"reinvent [reinvention, reinvented, reinventing, reinvents]",0
Chevron,2023,Explore vs Exploit,Explore,"reinvent [reinvention, reinvented, reinventing, reinvents]",0
Chevron,2024,Explore vs Exploit,Explore,"reinvent [reinvention, reinvented, reinventing, reinvents]",0
Nvidia,2017,Explore vs Exploit,Explore,"reinvent [reinvention, reinvented, reinventing, reinvents]",1
Nvidia,2018,Explore vs Exploit,Explore,"reinvent [reinvention, reinvented, reinventing, reinvents]",0
Nvidia,2020,Explore vs Exploit,Explore,"reinvent [reinvention, reinvented, reinventing, reinvents]",2
Nvidia,2021,Explore vs Exploit,Explore,"reinvent [reinvention, reinvented, reinventing, reinvents]",4
Nvidia,2022,Explore vs Exploit,Explore,"reinvent [reinvention, reinvented, reinventing, reinvents]",4
Nvidia,2023,Explore vs Exploit,Explore,"reinvent [reinvention, reinvented, reinventing, reinvents]",2
Nvidia,2025,Explore vs Exploit,Explore,"reinvent [reinvention, reinvented, reinventing, reinvents]",1
Shell,2014,Explore vs Exploit,Explore,"reinvent [reinvention, reinvented, reinventing, reinvents]",0
Shell,2015,Explore vs Exploit,Explore,"reinvent [reinvention, reinvented, reinventing, reinvents]",0
Shell,2016,Explore vs Exploit,Explore,"reinvent [reinvention, reinvented, reinventing, reinvents]",0
Shell,2020,Explore vs Exploit,Explore,"reinvent [reinvention, reinvented, reinventing, reinvents]",0
Shell,2022,Explore vs Exploit,Explore,"reinvent [reinvention, reinvented, reinventing, reinvents]",0
Shell,2024,Explore vs Exploit,Explore,"reinvent [reinvention, reinvented, reinventing, reinvents]",0
Shell,2025,Explore vs Exploit,Explore,"reinvent [reinvention, reinvented, reinventing, reinvents]",0
Amazon,1997,Explore vs Exploit,Explore,"disrupt [disruption, disruptions, disruptive, disruptor, disruptors, disrupted, disrupting]",0
Amazon,2016,Explore vs Exploit,Explore,"disrupt [disruption, disruptions, disruptive, disruptor, disruptors, disrupted, disrupting]",0
Amazon,2020,Explore vs Exploit,Explore,"disrupt [disruption, disruptions, disruptive, disruptor, disruptors, disrupted, disrupting]",0
Amazon,2021,Explore vs Exploit,Explore,"disrupt [disruption, disruptions, disruptive, disruptor, disruptors, disrupted, disrupting]",1
Amazon,2022,Explore vs Exploit,Explore,"disrupt [disruption, disruptions, disruptive, disruptor, disruptors, disrupted, disrupting]",0
Amazon,2024,Explore vs Exploit,Explore,"disrupt [disruption, disruptions, disruptive, disruptor, disruptors, disrupted, disrupting]",0
Amazon,2025,Explore vs Exploit,Explore,"disrupt [disruption, disruptions, disruptive, disruptor, disruptors, disrupted, disrupting]",1
Chevron,2013,Explore vs Exploit,Explore,"disrupt [disruption, disruptions, disruptive, disruptor, disruptors, disrupted, disrupting]",0
Chevron,2018,Explore vs Exploit,Explore,"disrupt [disruption, disruptions, disruptive, disruptor, disruptors, disrupted, disrupting]",0
Chevron,2020,Explore vs Exploit,Explore,"disrupt [disruption, disruptions, disruptive, disruptor, disruptors, disrupted, disrupting]",4
Chevron,2021,Explore vs Exploit,Explore,"disrupt [disruption, disruptions, disruptive, disruptor, disruptors, disrupted, disrupting]",0
Chevron,2022,Explore vs Exploit,Explore,"disrupt [disruption, disruptions, disruptive, disruptor, disruptors, disrupted, disrupting]",2
Chevron,2023,Explore vs Exploit,Explore,"disrupt [disruption, disruptions, disruptive, disruptor, disruptors, disrupted, disrupting]",0
Chevron,2024,Explore vs Exploit,Explore,"disrupt [disruption, disruptions, disruptive, disruptor, disruptors, disrupted, disrupting]",0
Nvidia,2017,Explore vs Exploit,Explore,"disrupt [disruption, disruptions, disruptive, disruptor, disruptors, disrupted, disrupting]",0
Nvidia,2018,Explore vs Exploit,Explore,"disrupt [disruption, disruptions, disruptive, disruptor, disruptors, disrupted, disrupting]",0
Nvidia,2020,Explore vs Exploit,Explore,"disrupt [disruption, disruptions, disruptive, disruptor, disruptors, disrupted, disrupting]",0
Nvidia,2021,Explore vs Exploit,Explore,"disrupt [disruption, disruptions, disruptive, disruptor, disruptors, disrupted, disrupting]",0
Nvidia,2022,Explore vs Exploit,Explore,"disrupt [disruption, disruptions, disruptive, disruptor, disruptors, disrupted, disrupting]",0
Nvidia,2023,Explore vs Exploit,Explore,"disrupt [disruption, disruptions, disruptive, disruptor, disruptors, disrupted, disrupting]",0
Nvidia,2025,Explore vs Exploit,Explore,"disrupt [disruption, disruptions, disruptive, disruptor, disruptors, disrupted, disrupting]",0
Shell,2014,Explore vs Exploit,Explore,"disrupt [disruption, disruptions, disruptive, disruptor, disruptors, disrupted, disrupting]",0
Shell,2015,Explore vs Exploit,Explore,"disrupt [disruption, disruptions, disruptive, disruptor, disruptors, disrupted, disrupting]",0
Shell,2016,Explore vs Exploit,Explore,"disrupt [disruption, disruptions, disruptive, disruptor, disruptors, disrupted, disrupting]",0
Shell,2020,Explore vs Exploit,Explore,"disrupt [disruption, disruptions, disruptive, disruptor, disruptors, disrupted, disrupting]",0
Shell,2022,Explore vs Exploit,Explore,"disrupt [disruption, disruptions, disruptive, disruptor, disruptors, disrupted, disrupting]",0
Shell,2024,Explore vs Exploit,Explore,"disrupt [disruption, disruptions, disruptive, disruptor, disruptors, disrupted, disrupting]",0
Shell,2025,Explore vs Exploit,Explore,"disrupt [disruption, disruptions, disruptive, disruptor, disruptors, disrupted, disrupting]",0
Amazon,1997,Explore vs Exploit,Explore,"revolutionize [revolution, revolutionary, revolutions, revolutionized, revolutionizing]",0
Amazon,2016,Explore vs Exploit,Explore,"revolutionize [revolution, revolutionary, revolutions, revolutionized, revolutionizing]",0
Amazon,2020,Explore vs Exploit,Explore,"revolutionize [revolution, revolutionary, revolutions, revolutionized, revolutionizing]",1
Amazon,2021,Explore vs Exploit,Explore,"revolutionize [revolution, revolutionary, revolutions, revolutionized, revolutionizing]",1
Amazon,2022,Explore vs Exploit,Explore,"revolutionize [revolution, revolutionary, revolutions, revolutionized, revolutionizing]",1
Amazon,2024,Explore vs Exploit,Explore,"revolutionize [revolution, revolutionary, revolutions, revolutionized, revolutionizing]",1
Amazon,2025,Explore vs Exploit,Explore,"revolutionize [revolution, revolutionary, revolutions, revolutionized, revolutionizing]",0
Chevron,2013,Explore vs Exploit,Explore,"revolutionize [revolution, revolutionary, revolutions, revolutionized, revolutionizing]",0
Chevron,2018,Explore vs Exploit,Explore,"revolutionize [revolution, revolutionary, revolutions, revolutionized, revolutionizing]",0
Chevron,2020,Explore vs Exploit,Explore,"revolutionize [revolution, revolutionary, revolutions, revolutionized, revolutionizing]",0
Chevron,2021,Explore vs Exploit,Explore,"revolutionize [revolution, revolutionary, revolutions, revolutionized, revolutionizing]",0
Chevron,2022,Explore vs Exploit,Explore,"revolutionize [revolution, revolutionary, revolutions, revolutionized, revolutionizing]",0
Chevron,2023,Explore vs Exploit,Explore,"revolutionize [revolution, revolutionary, revolutions, revolutionized, revolutionizing]",0
Chevron,2024,Explore vs Exploit,Explore,"revolutionize [revolution, revolutionary, revolutions, revolutionized, revolutionizing]",0
Nvidia,2017,Explore vs Exploit,Explore,"revolutionize [revolution, revolutionary, revolutions, revolutionized, revolutionizing]",1
Nvidia,2018,Explore vs Exploit,Explore,"revolutionize [revolution, revolutionary, revolutions, revolutionized, revolutionizing]",0
Nvidia,2020,Explore vs Exploit,Explore,"revolutionize [revolution, revolutionary, revolutions, revolutionized, revolutionizing]",0
Nvidia,2021,Explore vs Exploit,Explore,"revolutionize [revolution, revolutionary, revolutions, revolutionized, revolutionizing]",3
Nvidia,2022,Explore vs Exploit,Explore,"revolutionize [revolution, revolutionary, revolutions, revolutionized, revolutionizing]",1
Nvidia,2023,Explore vs Exploit,Explore,"revolutionize [revolution, revolutionary, revolutions, revolutionized, revolutionizing]",4
Nvidia,2025,Explore vs Exploit,Explore,"revolutionize [revolution, revolutionary, revolutions, revolutionized, revolutionizing]",5
Shell,2014,Explore vs Exploit,Explore,"revolutionize [revolution, revolutionary, revolutions, revolutionized, revolutionizing]",0
Shell,2015,Explore vs Exploit,Explore,"revolutionize [revolution, revolutionary, revolutions, revolutionized, revolutionizing]",0
Shell,2016,Explore vs Exploit,Explore,"revolutionize [revolution, revolutionary, revolutions, revolutionized, revolutionizing]",0
Shell,2020,Explore vs Exploit,Explore,"revolutionize [revolution, revolutionary, revolutions, revolutionized, revolutionizing]",0
Shell,2022,Explore vs Exploit,Explore,"revolutionize [revolution, revolutionary, revolutions, revolutionized, revolutionizing]",0
Shell,2024,Explore vs Exploit,Explore,"revolutionize [revolution, revolutionary, revolutions, revolutionized, revolutionizing]",0
Shell,2025,Explore vs Exploit,Explore,"revolutionize [revolution, revolutionary, revolutions, revolutionized, revolutionizing]",0
Amazon,1997,Explore vs Exploit,Exploit,operational excellence,0
Amazon,2016,Explore vs Exploit,Exploit,operational excellence,0
Amazon,2020,Explore vs Exploit,Exploit,operational excellence,0
Amazon,2021,Explore vs Exploit,Exploit,operational excellence,0
Amazon,2022,Explore vs Exploit,Exploit,operational excellence,0
Amazon,2024,Explore vs Exploit,Exploit,operational excellence,0
Amazon,2025,Explore vs Exploit,Exploit,operational excellence,0
Chevron,2013,Explore vs Exploit,Exploit,operational excellence,1
Chevron,2018,Explore vs Exploit,Exploit,operational excellence,1
Chevron,2020,Explore vs Exploit,Exploit,operational excellence,0
Chevron,2021,Explore vs Exploit,Exploit,operational excellence,1
Chevron,2022,Explore vs Exploit,Exploit,operational excellence,0
Chevron,2023,Explore vs Exploit,Exploit,operational excellence,0
Chevron,2024,Explore vs Exploit,Exploit,operational excellence,0
Nvidia,2017,Explore vs Exploit,Exploit,operational excellence,0
Nvidia,2018,Explore vs Exploit,Exploit,operational excellence,0
Nvidia,2020,Explore vs Exploit,Exploit,operational excellence,0
Nvidia,2021,Explore vs Exploit,Exploit,operational excellence,0
Nvidia,2022,Explore vs Exploit,Exploit,operational excellence,0
Nvidia,2023,Explore vs Exploit,Exploit,operational excellence,0
Nvidia,2025,Explore vs Exploit,Exploit,operational excellence,0
Shell,2014,Explore vs Exploit,Exploit,operational excellence,0
Shell,2015,Explore vs Exploit,Exploit,operational excellence,0
Shell,2016,Explore vs Exploit,Exploit,operational excellence,0
Shell,2020,Explore vs Exploit,Exploit,operational excellence,0
Shell,2022,Explore vs Exploit,Exploit,operational excellence,0
Shell,2024,Explore vs Exploit,Exploit,operational excellence,0
Shell,2025,Explore vs Exploit,Exploit,operational excellence,0
Amazon,1997,Explore vs Exploit,Exploit,capital discipline,0
Amazon,2016,Explore vs Exploit,Exploit,capital discipline,0
Amazon,2020,Explore vs Exploit,Exploit,capital discipline,0
Amazon,2021,Explore vs Exploit,Exploit,capital discipline,0
Amazon,2022,Explore vs Exploit,Exploit,capital discipline,0
Amazon,2024,Explore vs Exploit,Exploit,capital discipline,0
Amazon,2025,Explore vs Exploit,Exploit,capital discipline,0
Chevron,2013,Explore vs Exploit,Exploit,capital discipline,0
Chevron,2018,Explore vs Exploit,Exploit,capital discipline,0
Chevron,2020,Explore vs Exploit,Exploit,capital discipline,0
Chevron,2021,Explore vs Exploit,Exploit,capital discipline,1
Chevron,2022,Explore vs Exploit,Exploit,capital discipline,0
Chevron,2023,Explore vs Exploit,Exploit,capital discipline,0
Chevron,2024,Explore vs Exploit,Exploit,capital discipline,0
Nvidia,2017,Explore vs Exploit,Exploit,capital discipline,0
Nvidia,2018,Explore vs Exploit,Exploit,capital discipline,0
Nvidia,2020,Explore vs Exploit,Exploit,capital discipline,0
Nvidia,2021,Explore vs Exploit,Exploit,capital discipline,0
Nvidia,2022,Explore vs Exploit,Exploit,capital discipline,0
Nvidia,2023,Explore vs Exploit,Exploit,capital discipline,0
Nvidia,2025,Explore vs Exploit,Exploit,capital discipline,0
Shell,2014,Explore vs Exploit,Exploit,capital discipline,0
Shell,2015,Explore vs Exploit,Exploit,capital discipline,0
Shell,2016,Explore vs Exploit,Exploit,capital discipline,2
Shell,2020,Explore vs Exploit,Exploit,capital discipline,0
Shell,2022,Explore vs Exploit,Exploit,capital discipline,1
Shell,2024,Explore vs Exploit,Exploit,capital discipline,0
Shell,2025,Explore vs Exploit,Exploit,capital discipline,0
Amazon,1997,Explore vs Exploit,Exploit,"return [returns, returning, returned]",2
Amazon,2016,Explore vs Exploit,Exploit,"return [returns, returning, returned]",0
Amazon,2020,Explore vs Exploit,Exploit,"return [returns, returning, returned]",0
Amazon,2021,Explore vs Exploit,Exploit,"return [returns, returning, returned]",2
Amazon,2022,Explore vs Exploit,Exploit,"return [returns, returning, returned]",6
Amazon,2024,Explore vs Exploit,Exploit,"return [returns, returning, returned]",1
Amazon,2025,Explore vs Exploit,Exploit,"return [returns, returning, returned]",2
Chevron,2013,Explore vs Exploit,Exploit,"return [returns, returning, returned]",2
Chevron,2018,Explore vs Exploit,Exploit,"return [returns, returning, returned]",4
Chevron,2020,Explore vs Exploit,Exploit,"return [returns, returning, returned]",7
Chevron,2021,Explore vs Exploit,Exploit,"return [returns, returning, returned]",5
Chevron,2022,Explore vs Exploit,Exploit,"return [returns, returning, returned]",5
Chevron,2023,Explore vs Exploit,Exploit,"return [returns, returning, returned]",2
Chevron,2024,Explore vs Exploit,Exploit,"return [returns, returning, returned]",2
Nvidia,2017,Explore vs Exploit,Exploit,"return [returns, returning, returned]",1
Nvidia,2018,Explore vs Exploit,Exploit,"return [returns, returning, returned]",1
Nvidia,2020,Explore vs Exploit,Exploit,"return [returns, returning, returned]",2
Nvidia,2021,Explore vs Exploit,Exploit,"return [returns, returning, returned]",0
Nvidia,2022,Explore vs Exploit,Exploit,"return [returns, returning, returned]",1
Nvidia,2023,Explore vs Exploit,Exploit,"return [returns, returning, returned]",0
Nvidia,2025,Explore vs Exploit,Exploit,"return [returns, returning, returned]",2
Shell,2014,Explore vs Exploit,Exploit,"return [returns, returning, returned]",2
Shell,2015,Explore vs Exploit,Exploit,"return [returns, returning, returned]",0
Shell,2016,Explore vs Exploit,Exploit,"return [returns, returning, returned]",3
Shell,2020,Explore vs Exploit,Exploit,"return [returns, returning, returned]",1
Shell,2022,Explore vs Exploit,Exploit,"return [returns, returning, returned]",2
Shell,2024,Explore vs Exploit,Exploit,"return [returns, returning, returned]",1
Shell,2025,Explore vs Exploit,Exploit,"return [returns, returning, returned]",1
Amazon,1997,Explore vs Exploit,Exploit,"efficient [efficiency, efficiencies, efficiently]",0
Amazon,2016,Explore vs Exploit,Exploit,"efficient [efficiency, efficiencies, efficiently]",0
Amazon,2020,Explore vs Exploit,Exploit,"efficient [efficiency, efficiencies, efficiently]",1
Amazon,2021,Explore vs Exploit,Exploit,"efficient [efficiency, efficiencies, efficiently]",1
Amazon,2022,Explore vs Exploit,Exploit,"efficient [efficiency, efficiencies, efficiently]",4
Amazon,2024,Explore vs Exploit,Exploit,"efficient [efficiency, efficiencies, efficiently]",1
Amazon,2025,Explore vs Exploit,Exploit,"efficient [efficiency, efficiencies, efficiently]",0
Chevron,2013,Explore vs Exploit,Exploit,"efficient [efficiency, efficiencies, efficiently]",0
Chevron,2018,Explore vs Exploit,Exploit,"efficient [efficiency, efficiencies, efficiently]",2
Chevron,2020,Explore vs Exploit,Exploit,"efficient [efficiency, efficiencies, efficiently]",2
Chevron,2021,Explore vs Exploit,Exploit,"efficient [efficiency, efficiencies, efficiently]",0
Chevron,2022,Explore vs Exploit,Exploit,"efficient [efficiency, efficiencies, efficiently]",4
Chevron,2023,Explore vs Exploit,Exploit,"efficient [efficiency, efficiencies, efficiently]",1
Chevron,2024,Explore vs Exploit,Exploit,"efficient [efficiency, efficiencies, efficiently]",1
Nvidia,2017,Explore vs Exploit,Exploit,"efficient [efficiency, efficiencies, efficiently]",0
Nvidia,2018,Explore vs Exploit,Exploit,"efficient [efficiency, efficiencies, efficiently]",1
Nvidia,2020,Explore vs Exploit,Exploit,"efficient [efficiency, efficiencies, efficiently]",0
Nvidia,2021,Explore vs Exploit,Exploit,"efficient [efficiency, efficiencies, efficiently]",0
Nvidia,2022,Explore vs Exploit,Exploit,"efficient [efficiency, efficiencies, efficiently]",2
Nvidia,2023,Explore vs Exploit,Exploit,"efficient [efficiency, efficiencies, efficiently]",0
Nvidia,2025,Explore vs Exploit,Exploit,"efficient [efficiency, efficiencies, efficiently]",5
Shell,2014,Explore vs Exploit,Exploit,"efficient [efficiency, efficiencies, efficiently]",3
Shell,2015,Explore vs Exploit,Exploit,"efficient [efficiency, efficiencies, efficiently]",1
Shell,2016,Explore vs Exploit,Exploit,"efficient [efficiency, efficiencies, efficiently]",1
Shell,2020,Explore vs Exploit,Exploit,"efficient [efficiency, efficiencies, efficiently]",0
Shell,2022,Explore vs Exploit,Exploit,"efficient [efficiency, efficiencies, efficiently]",2
Shell,2024,Explore vs Exploit,Exploit,"efficient [efficiency, efficiencies, efficiently]",0
Shell,2025,Explore vs Exploit,Exploit,"efficient [efficiency, efficiencies, efficiently]",0
Amazon,1997,Explore vs Exploit,Exploit,"productive [productivity, productively] !product, products, production, productions",0
Amazon,2016,Explore vs Exploit,Exploit,"productive [productivity, productively] !product, products, production, productions",0
Amazon,2020,Explore vs Exploit,Exploit,"productive [productivity, productively] !product, products, production, productions",1
Amazon,2021,Explore vs Exploit,Exploit,"productive [productivity, productively] !product, products, production, productions",1
Amazon,2022,Explore vs Exploit,Exploit,"productive [productivity, productively] !product, products, production, productions",3
Amazon,2024,Explore vs Exploit,Exploit,"productive [productivity, productively] !product, products, production, productions",1
Amazon,2025,Explore vs Exploit,Exploit,"productive [productivity, productively] !product, products, production, productions",1
Chevron,2013,Explore vs Exploit,Exploit,"productive [productivity, productively] !product, products, production, productions",0
Chevron,2018,Explore vs Exploit,Exploit,"productive [productivity, productively] !product, products, production, productions",0
Chevron,2020,Explore vs Exploit,Exploit,"productive [productivity, productively] !product, products, production, productions",0
Chevron,2021,Explore vs Exploit,Exploit,"productive [productivity, productively] !product, products, production, productions",0
Chevron,2022,Explore vs Exploit,Exploit,"productive [productivity, productively] !product, products, production, productions",0
Chevron,2023,Explore vs Exploit,Exploit,"productive [productivity, productively] !product, products, production, productions",0
Chevron,2024,Explore vs Exploit,Exploit,"productive [productivity, productively] !product, products, production, productions",1
Nvidia,2017,Explore vs Exploit,Exploit,"productive [productivity, productively] !product, products, production, productions",0
Nvidia,2018,Explore vs Exploit,Exploit,"productive [productivity, productively] !product, products, production, productions",0
Nvidia,2020,Explore vs Exploit,Exploit,"productive [productivity, productively] !product, products, production, productions",1
Nvidia,2021,Explore vs Exploit,Exploit,"productive [productivity, productively] !product, products, production, productions",3
Nvidia,2022,Explore vs Exploit,Exploit,"productive [productivity, productively] !product, products, production, productions",0
Nvidia,2023,Explore vs Exploit,Exploit,"productive [productivity, productively] !product, products, production, productions",3
Nvidia,2025,Explore vs Exploit,Exploit,"productive [productivity, productively] !product, products, production, productions",1
Shell,2014,Explore vs Exploit,Exploit,"productive [productivity, productively] !product, products, production, productions",0
Shell,2015,Explore vs Exploit,Exploit,"productive [productivity, productively] !product, products, production, productions",0
Shell,2016,Explore vs Exploit,Exploit,"productive [productivity, productively] !product, products, production, productions",0
Shell,2020,Explore vs Exploit,Exploit,"productive [productivity, productively] !product, products, production, productions",0
Shell,2022,Explore vs Exploit,Exploit,"productive [productivity, productively] !product, products, production, productions",0
Shell,2024,Explore vs Exploit,Exploit,"productive [productivity, productively] !product, products, production, productions",0
Shell,2025,Explore vs Exploit,Exploit,"productive [productivity, productively] !product, products, production, productions",0
Amazon,1997,Explore vs Exploit,Exploit,"reliable [reliability, reliably]",0
Amazon,2016,Explore vs Exploit,Exploit,"reliable [reliability, reliably]",0
Amazon,2020,Explore vs Exploit,Exploit,"reliable [reliability, reliably]",0
Amazon,2021,Explore vs Exploit,Exploit,"reliable [reliability, reliably]",1
Amazon,2022,Explore vs Exploit,Exploit,"reliable [reliability, reliably]",2
Amazon,2024,Explore vs Exploit,Exploit,"reliable [reliability, reliably]",0
Amazon,2025,Explore vs Exploit,Exploit,"reliable [reliability, reliably]",1
Chevron,2013,Explore vs Exploit,Exploit,"reliable [reliability, reliably]",1
Chevron,2018,Explore vs Exploit,Exploit,"reliable [reliability, reliably]",4
Chevron,2020,Explore vs Exploit,Exploit,"reliable [reliability, reliably]",2
Chevron,2021,Explore vs Exploit,Exploit,"reliable [reliability, reliably]",2
Chevron,2022,Explore vs Exploit,Exploit,"reliable [reliability, reliably]",2
Chevron,2023,Explore vs Exploit,Exploit,"reliable [reliability, reliably]",1
Chevron,2024,Explore vs Exploit,Exploit,"reliable [reliability, reliably]",3
Nvidia,2017,Explore vs Exploit,Exploit,"reliable [reliability, reliably]",0
Nvidia,2018,Explore vs Exploit,Exploit,"reliable [reliability, reliably]",0
Nvidia,2020,Explore vs Exploit,Exploit,"reliable [reliability, reliably]",1
Nvidia,2021,Explore vs Exploit,Exploit,"reliable [reliability, reliably]",0
Nvidia,2022,Explore vs Exploit,Exploit,"reliable [reliability, reliably]",0
Nvidia,2023,Explore vs Exploit,Exploit,"reliable [reliability, reliably]",0
Nvidia,2025,Explore vs Exploit,Exploit,"reliable [reliability, reliably]",1
Shell,2014,Explore vs Exploit,Exploit,"reliable [reliability, reliably]",0
Shell,2015,Explore vs Exploit,Exploit,"reliable [reliability, reliably]",0
Shell,2016,Explore vs Exploit,Exploit,"reliable [reliability, reliably]",0
Shell,2020,Explore vs Exploit,Exploit,"reliable [reliability, reliably]",0
Shell,2022,Explore vs Exploit,Exploit,"reliable [reliability, reliably]",0
Shell,2024,Explore vs Exploit,Exploit,"reliable [reliability, reliably]",0
Shell,2025,Explore vs Exploit,Exploit,"reliable [reliability, reliably]",2
Amazon,1997,Explore vs Exploit,Exploit,cash flow,0
Amazon,2016,Explore vs Exploit,Exploit,cash flow,0
Amazon,2020,Explore vs Exploit,Exploit,cash flow,0
Amazon,2021,Explore vs Exploit,Exploit,cash flow,0
Amazon,2022,Explore vs Exploit,Exploit,cash flow,2
Amazon,2024,Explore vs Exploit,Exploit,cash flow,1
Amazon,2025,Explore vs Exploit,Exploit,cash flow,2
Chevron,2013,Explore vs Exploit,Exploit,cash flow,1
Chevron,2018,Explore vs Exploit,Exploit,cash flow,0
Chevron,2020,Explore vs Exploit,Exploit,cash flow,3
Chevron,2021,Explore vs Exploit,Exploit,cash flow,2
Chevron,2022,Explore vs Exploit,Exploit,cash flow,0
Chevron,2023,Explore vs Exploit,Exploit,cash flow,0
Chevron,2024,Explore vs Exploit,Exploit,cash flow,0
Nvidia,2017,Explore vs Exploit,Exploit,cash flow,0
Nvidia,2018,Explore vs Exploit,Exploit,cash flow,0
Nvidia,2020,Explore vs Exploit,Exploit,cash flow,0
Nvidia,2021,Explore vs Exploit,Exploit,cash flow,0
Nvidia,2022,Explore vs Exploit,Exploit,cash flow,0
Nvidia,2023,Explore vs Exploit,Exploit,cash flow,0
Nvidia,2025,Explore vs Exploit,Exploit,cash flow,2
Shell,2014,Explore vs Exploit,Exploit,cash flow,2
Shell,2015,Explore vs Exploit,Exploit,cash flow,0
Shell,2016,Explore vs Exploit,Exploit,cash flow,2
Shell,2020,Explore vs Exploit,Exploit,cash flow,2
Shell,2022,Explore vs Exploit,Exploit,cash flow,4
Shell,2024,Explore vs Exploit,Exploit,cash flow,3
Shell,2025,Explore vs Exploit,Exploit,cash flow,2
Amazon,1997,Explore vs Exploit,Exploit,dividend [dividends],0
Amazon,2016,Explore vs Exploit,Exploit,dividend [dividends],0
Amazon,2020,Explore vs Exploit,Exploit,dividend [dividends],0
Amazon,2021,Explore vs Exploit,Exploit,dividend [dividends],0
Amazon,2022,Explore vs Exploit,Exploit,dividend [dividends],0
Amazon,2024,Explore vs Exploit,Exploit,dividend [dividends],0
Amazon,2025,Explore vs Exploit,Exploit,dividend [dividends],0
Chevron,2013,Explore vs Exploit,Exploit,dividend [dividends],1
Chevron,2018,Explore vs Exploit,Exploit,dividend [dividends],2
Chevron,2020,Explore vs Exploit,Exploit,dividend [dividends],3
Chevron,2021,Explore vs Exploit,Exploit,dividend [dividends],1
Chevron,2022,Explore vs Exploit,Exploit,dividend [dividends],4
Chevron,2023,Explore vs Exploit,Exploit,dividend [dividends],4
Chevron,2024,Explore vs Exploit,Exploit,dividend [dividends],3
Nvidia,2017,Explore vs Exploit,Exploit,dividend [dividends],1
Nvidia,2018,Explore vs Exploit,Exploit,dividend [dividends],1
Nvidia,2020,Explore vs Exploit,Exploit,dividend [dividends],1
Nvidia,2021,Explore vs Exploit,Exploit,dividend [dividends],0
Nvidia,2022,Explore vs Exploit,Exploit,dividend [dividends],1
Nvidia,2023,Explore vs Exploit,Exploit,dividend [dividends],0
Nvidia,2025,Explore vs Exploit,Exploit,dividend [dividends],1
Shell,2014,Explore vs Exploit,Exploit,dividend [dividends],4
Shell,2015,Explore vs Exploit,Exploit,dividend [dividends],2
Shell,2016,Explore vs Exploit,Exploit,dividend [dividends],2
Shell,2020,Explore vs Exploit,Exploit,dividend [dividends],5
Shell,2022,Explore vs Exploit,Exploit,dividend [dividends],1
Shell,2024,Explore vs Exploit,Exploit,dividend [dividends],0
Shell,2025,Explore vs Exploit,Exploit,dividend [dividends],0
Amazon,1997,Explore vs Exploit,Exploit,buyback [buybacks],0
Amazon,2016,Explore vs Exploit,Exploit,buyback [buybacks],0
Amazon,2020,Explore vs Exploit,Exploit,buyback [buybacks],0
Amazon,2021,Explore vs Exploit,Exploit,buyback [buybacks],0
Amazon,2022,Explore vs Exploit,Exploit,buyback [buybacks],0
Amazon,2024,Explore vs Exploit,Exploit,buyback [buybacks],0
Amazon,2025,Explore vs Exploit,Exploit,buyback [buybacks],0
Chevron,2013,Explore vs Exploit,Exploit,buyback [buybacks],0
Chevron,2018,Explore vs Exploit,Exploit,buyback [buybacks],0
Chevron,2020,Explore vs Exploit,Exploit,buyback [buybacks],1
Chevron,2021,Explore vs Exploit,Exploit,buyback [buybacks],0
Chevron,2022,Explore vs Exploit,Exploit,buyback [buybacks],0
Chevron,2023,Explore vs Exploit,Exploit,buyback [buybacks],0
Chevron,2024,Explore vs Exploit,Exploit,buyback [buybacks],0
Nvidia,2017,Explore vs Exploit,Exploit,buyback [buybacks],0
Nvidia,2018,Explore vs Exploit,Exploit,buyback [buybacks],0
Nvidia,2020,Explore vs Exploit,Exploit,buyback [buybacks],0
Nvidia,2021,Explore vs Exploit,Exploit,buyback [buybacks],0
Nvidia,2022,Explore vs Exploit,Exploit,buyback [buybacks],0
Nvidia,2023,Explore vs Exploit,Exploit,buyback [buybacks],0
Nvidia,2025,Explore vs Exploit,Exploit,buyback [buybacks],1
Shell,2014,Explore vs Exploit,Exploit,buyback [buybacks],0
Shell,2015,Explore vs Exploit,Exploit,buyback [buybacks],0
Shell,2016,Explore vs Exploit,Exploit,buyback [buybacks],0
Shell,2020,Explore vs Exploit,Exploit,buyback [buybacks],0
Shell,2022,Explore vs Exploit,Exploit,buyback [buybacks],1
Shell,2024,Explore vs Exploit,Exploit,buyback [buybacks],1
Shell,2025,Explore vs Exploit,Exploit,buyback [buybacks],0
Amazon,1997,Explore vs Exploit,Exploit,record production,0
Amazon,2016,Explore vs Exploit,Exploit,record production,0
Amazon,2020,Explore vs Exploit,Exploit,record production,0
Amazon,2021,Explore vs Exploit,Exploit,record production,0
Amazon,2022,Explore vs Exploit,Exploit,record production,0
Amazon,2024,Explore vs Exploit,Exploit,record production,0
Amazon,2025,Explore vs Exploit,Exploit,record production,0
Chevron,2013,Explore vs Exploit,Exploit,record production,0
Chevron,2018,Explore vs Exploit,Exploit,record production,0
Chevron,2020,Explore vs Exploit,Exploit,record production,0
Chevron,2021,Explore vs Exploit,Exploit,record production,0
Chevron,2022,Explore vs Exploit,Exploit,record production,0
Chevron,2023,Explore vs Exploit,Exploit,record production,0
Chevron,2024,Explore vs Exploit,Exploit,record production,1
Nvidia,2017,Explore vs Exploit,Exploit,record production,0
Nvidia,2018,Explore vs Exploit,Exploit,record production,0
Nvidia,2020,Explore vs Exploit,Exploit,record production,0
Nvidia,2021,Explore vs Exploit,Exploit,record production,0
Nvidia,2022,Explore vs Exploit,Exploit,record production,0
Nvidia,2023,Explore vs Exploit,Exploit,record production,0
Nvidia,2025,Explore vs Exploit,Exploit,record production,0
Shell,2014,Explore vs Exploit,Exploit,record production,0
Shell,2015,Explore vs Exploit,Exploit,record production,0
Shell,2016,Explore vs Exploit,Exploit,record production,0
Shell,2020,Explore vs Exploit,Exploit,record production,0
Shell,2022,Explore vs Exploit,Exploit,record production,0
Shell,2024,Explore vs Exploit,Exploit,record production,1
Shell,2025,Explore vs Exploit,Exploit,record production,0
Amazon,1997,Explore vs Exploit,Exploit,"cost [costs, costing] !costume, costumes",0
Amazon,2016,Explore vs Exploit,Exploit,"cost [costs, costing] !costume, costumes",1
Amazon,2020,Explore vs Exploit,Exploit,"cost [costs, costing] !costume, costumes",7
Amazon,2021,Explore vs Exploit,Exploit,"cost [costs, costing] !costume, costumes",3
Amazon,2022,Explore vs Exploit,Exploit,"cost [costs, costing] !costume, costumes",15
Amazon,2024,Explore vs Exploit,Exploit,"cost [costs, costing] !costume, costumes",7
Amazon,2025,Explore vs Exploit,Exploit,"cost [costs, costing] !costume, costumes",4
Chevron,2013,Explore vs Exploit,Exploit,"cost [costs, costing] !costume, costumes",0
Chevron,2018,Explore vs Exploit,Exploit,"cost [costs, costing] !costume, costumes",1
Chevron,2020,Explore vs Exploit,Exploit,"cost [costs, costing] !costume, costumes",5
Chevron,2021,Explore vs Exploit,Exploit,"cost [costs, costing] !costume, costumes",1
Chevron,2022,Explore vs Exploit,Exploit,"cost [costs, costing] !costume, costumes",2
Chevron,2023,Explore vs Exploit,Exploit,"cost [costs, costing] !costume, costumes",0
Chevron,2024,Explore vs Exploit,Exploit,"cost [costs, costing] !costume, costumes",0
Nvidia,2017,Explore vs Exploit,Exploit,"cost [costs, costing] !costume, costumes",0
Nvidia,2018,Explore vs Exploit,Exploit,"cost [costs, costing] !costume, costumes",0
Nvidia,2020,Explore vs Exploit,Exploit,"cost [costs, costing] !costume, costumes",2
Nvidia,2021,Explore vs Exploit,Exploit,"cost [costs, costing] !costume, costumes",0
Nvidia,2022,Explore vs Exploit,Exploit,"cost [costs, costing] !costume, costumes",0
Nvidia,2023,Explore vs Exploit,Exploit,"cost [costs, costing] !costume, costumes",2
Nvidia,2025,Explore vs Exploit,Exploit,"cost [costs, costing] !costume, costumes",4
Shell,2014,Explore vs Exploit,Exploit,"cost [costs, costing] !costume, costumes",5
Shell,2015,Explore vs Exploit,Exploit,"cost [costs, costing] !costume, costumes",3
Shell,2016,Explore vs Exploit,Exploit,"cost [costs, costing] !costume, costumes",5
Shell,2020,Explore vs Exploit,Exploit,"cost [costs, costing] !costume, costumes",1
Shell,2022,Explore vs Exploit,Exploit,"cost [costs, costing] !costume, costumes",2
Shell,2024,Explore vs Exploit,Exploit,"cost [costs, costing] !costume, costumes",2
Shell,2025,Explore vs Exploit,Exploit,"cost [costs, costing] !costume, costumes",2
Amazon,1997,Explore vs Exploit,Exploit,margin [margins],0
Amazon,2016,Explore vs Exploit,Exploit,margin [margins],0
Amazon,2020,Explore vs Exploit,Exploit,margin [margins],0
Amazon,2021,Explore vs Exploit,Exploit,margin [margins],0
Amazon,2022,Explore vs Exploit,Exploit,margin [margins],1
Amazon,2024,Explore vs Exploit,Exploit,margin [margins],2
Amazon,2025,Explore vs Exploit,Exploit,margin [margins],4
Chevron,2013,Explore vs Exploit,Exploit,margin [margins],0
Chevron,2018,Explore vs Exploit,Exploit,margin [margins],0
Chevron,2020,Explore vs Exploit,Exploit,margin [margins],0
Chevron,2021,Explore vs Exploit,Exploit,margin [margins],0
Chevron,2022,Explore vs Exploit,Exploit,margin [margins],1
Chevron,2023,Explore vs Exploit,Exploit,margin [margins],0
Chevron,2024,Explore vs Exploit,Exploit,margin [margins],0
Nvidia,2017,Explore vs Exploit,Exploit,margin [margins],1
Nvidia,2018,Explore vs Exploit,Exploit,margin [margins],1
Nvidia,2020,Explore vs Exploit,Exploit,margin [margins],1
Nvidia,2021,Explore vs Exploit,Exploit,margin [margins],0
Nvidia,2022,Explore vs Exploit,Exploit,margin [margins],1
Nvidia,2023,Explore vs Exploit,Exploit,margin [margins],0
Nvidia,2025,Explore vs Exploit,Exploit,margin [margins],0
Shell,2014,Explore vs Exploit,Exploit,margin [margins],0
Shell,2015,Explore vs Exploit,Exploit,margin [margins],0
Shell,2016,Explore vs Exploit,Exploit,margin [margins],1
Shell,2020,Explore vs Exploit,Exploit,margin [margins],0
Shell,2022,Explore vs Exploit,Exploit,margin [margins],0
Shell,2024,Explore vs Exploit,Exploit,margin [margins],0
Shell,2025,Explore vs Exploit,Exploit,margin [margins],0
Amazon,1997,Explore vs Exploit,Exploit,safety,0
Amazon,2016,Explore vs Exploit,Exploit,safety,0
Amazon,2020,Explore vs Exploit,Exploit,safety,5
Amazon,2021,Explore vs Exploit,Exploit,safety,3
Amazon,2022,Explore vs Exploit,Exploit,safety,0
Amazon,2024,Explore vs Exploit,Exploit,safety,0
Amazon,2025,Explore vs Exploit,Exploit,safety,0
Chevron,2013,Explore vs Exploit,Exploit,safety,5
Chevron,2018,Explore vs Exploit,Exploit,safety,4
Chevron,2020,Explore vs Exploit,Exploit,safety,0
Chevron,2021,Explore vs Exploit,Exploit,safety,0
Chevron,2022,Explore vs Exploit,Exploit,safety,0
Chevron,2023,Explore vs Exploit,Exploit,safety,0
Chevron,2024,Explore vs Exploit,Exploit,safety,0
Nvidia,2017,Explore vs Exploit,Exploit,safety,0
Nvidia,2018,Explore vs Exploit,Exploit,safety,0
Nvidia,2020,Explore vs Exploit,Exploit,safety,5
Nvidia,2021,Explore vs Exploit,Exploit,safety,2
Nvidia,2022,Explore vs Exploit,Exploit,safety,0
Nvidia,2023,Explore vs Exploit,Exploit,safety,4
Nvidia,2025,Explore vs Exploit,Exploit,safety,2
Shell,2014,Explore vs Exploit,Exploit,safety,1
Shell,2015,Explore vs Exploit,Exploit,safety,1
Shell,2016,Explore vs Exploit,Exploit,safety,2
Shell,2020,Explore vs Exploit,Exploit,safety,2
Shell,2022,Explore vs Exploit,Exploit,safety,2
Shell,2024,Explore vs Exploit,Exploit,safety,3
Shell,2025,Explore vs Exploit,Exploit,safety,2
Amazon,1997,Explore vs Exploit,Exploit,"execute [execution, executions, executed, executing, executes] !executive, executives",3
Amazon,2016,Explore vs Exploit,Exploit,"execute [execution, executions, executed, executing, executes] !executive, executives",0
Amazon,2020,Explore vs Exploit,Exploit,"execute [execution, executions, executed, executing, executes] !executive, executives",0
Amazon,2021,Explore vs Exploit,Exploit,"execute [execution, executions, executed, executing, executes] !executive, executives",1
Amazon,2022,Explore vs Exploit,Exploit,"execute [execution, executions, executed, executing, executes] !executive, executives",0
Amazon,2024,Explore vs Exploit,Exploit,"execute [execution, executions, executed, executing, executes] !executive, executives",2
Amazon,2025,Explore vs Exploit,Exploit,"execute [execution, executions, executed, executing, executes] !executive, executives",1
Chevron,2013,Explore vs Exploit,Exploit,"execute [execution, executions, executed, executing, executes] !executive, executives",0
Chevron,2018,Explore vs Exploit,Exploit,"execute [execution, executions, executed, executing, executes] !executive, executives",0
Chevron,2020,Explore vs Exploit,Exploit,"execute [execution, executions, executed, executing, executes] !executive, executives",0
Chevron,2021,Explore vs Exploit,Exploit,"execute [execution, executions, executed, executing, executes] !executive, executives",2
Chevron,2022,Explore vs Exploit,Exploit,"execute [execution, executions, executed, executing, executes] !executive, executives",2
Chevron,2023,Explore vs Exploit,Exploit,"execute [execution, executions, executed, executing, executes] !executive, executives",2
Chevron,2024,Explore vs Exploit,Exploit,"execute [execution, executions, executed, executing, executes] !executive, executives",1
Nvidia,2017,Explore vs Exploit,Exploit,"execute [execution, executions, executed, executing, executes] !executive, executives",0
Nvidia,2018,Explore vs Exploit,Exploit,"execute [execution, executions, executed, executing, executes] !executive, executives",0
Nvidia,2020,Explore vs Exploit,Exploit,"execute [execution, executions, executed, executing, executes] !executive, executives",0
Nvidia,2021,Explore vs Exploit,Exploit,"execute [execution, executions, executed, executing, executes] !executive, executives",0
Nvidia,2022,Explore vs Exploit,Exploit,"execute [execution, executions, executed, executing, executes] !executive, executives",1
Nvidia,2023,Explore vs Exploit,Exploit,"execute [execution, executions, executed, executing, executes] !executive, executives",0
Nvidia,2025,Explore vs Exploit,Exploit,"execute [execution, executions, executed, executing, executes] !executive, executives",1
Shell,2014,Explore vs Exploit,Exploit,"execute [execution, executions, executed, executing, executes] !executive, executives",0
Shell,2015,Explore vs Exploit,Exploit,"execute [execution, executions, executed, executing, executes] !executive, executives",0
Shell,2016,Explore vs Exploit,Exploit,"execute [execution, executions, executed, executing, executes] !executive, executives",0
Shell,2020,Explore vs Exploit,Exploit,"execute [execution, executions, executed, executing, executes] !executive, executives",0
Shell,2022,Explore vs Exploit,Exploit,"execute [execution, executions, executed, executing, executes] !executive, executives",0
Shell,2024,Explore vs Exploit,Exploit,"execute [execution, executions, executed, executing, executes] !executive, executives",1
Shell,2025,Explore vs Exploit,Exploit,"execute [execution, executions, executed, executing, executes] !executive, executives",0
Amazon,1997,Explore vs Exploit,Exploit,"scale [scales, scaled, scaling]",1
Amazon,2016,Explore vs Exploit,Exploit,"scale [scales, scaled, scaling]",0
Amazon,2020,Explore vs Exploit,Exploit,"scale [scales, scaled, scaling]",1
Amazon,2021,Explore vs Exploit,Exploit,"scale [scales, scaled, scaling]",5
Amazon,2022,Explore vs Exploit,Exploit,"scale [scales, scaled, scaling]",4
Amazon,2024,Explore vs Exploit,Exploit,"scale [scales, scaled, scaling]",1
Amazon,2025,Explore vs Exploit,Exploit,"scale [scales, scaled, scaling]",6
Chevron,2013,Explore vs Exploit,Exploit,"scale [scales, scaled, scaling]",0
Chevron,2018,Explore vs Exploit,Exploit,"scale [scales, scaled, scaling]",0
Chevron,2020,Explore vs Exploit,Exploit,"scale [scales, scaled, scaling]",1
Chevron,2021,Explore vs Exploit,Exploit,"scale [scales, scaled, scaling]",0
Chevron,2022,Explore vs Exploit,Exploit,"scale [scales, scaled, scaling]",2
Chevron,2023,Explore vs Exploit,Exploit,"scale [scales, scaled, scaling]",0
Chevron,2024,Explore vs Exploit,Exploit,"scale [scales, scaled, scaling]",0
Nvidia,2017,Explore vs Exploit,Exploit,"scale [scales, scaled, scaling]",0
Nvidia,2018,Explore vs Exploit,Exploit,"scale [scales, scaled, scaling]",2
Nvidia,2020,Explore vs Exploit,Exploit,"scale [scales, scaled, scaling]",3
Nvidia,2021,Explore vs Exploit,Exploit,"scale [scales, scaled, scaling]",1
Nvidia,2022,Explore vs Exploit,Exploit,"scale [scales, scaled, scaling]",3
Nvidia,2023,Explore vs Exploit,Exploit,"scale [scales, scaled, scaling]",3
Nvidia,2025,Explore vs Exploit,Exploit,"scale [scales, scaled, scaling]",23
Shell,2014,Explore vs Exploit,Exploit,"scale [scales, scaled, scaling]",0
Shell,2015,Explore vs Exploit,Exploit,"scale [scales, scaled, scaling]",0
Shell,2016,Explore vs Exploit,Exploit,"scale [scales, scaled, scaling]",1
Shell,2020,Explore vs Exploit,Exploit,"scale [scales, scaled, scaling]",0
Shell,2022,Explore vs Exploit,Exploit,"scale [scales, scaled, scaling]",0
Shell,2024,Explore vs Exploit,Exploit,"scale [scales, scaled, scaling]",1
Shell,2025,Explore vs Exploit,Exploit,"scale [scales, scaled, scaling]",0
Amazon,1997,Customer vs Shareholder,Customer,customer obsession,0
Amazon,2016,Customer vs Shareholder,Customer,customer obsession,2
Amazon,2020,Customer vs Shareholder,Customer,customer obsession,0
Amazon,2021,Customer vs Shareholder,Customer,customer obsession,0
Amazon,2022,Customer vs Shareholder,Customer,customer obsession,0
Amazon,2024,Customer vs Shareholder,Customer,customer obsession,1
Amazon,2025,Customer vs Shareholder,Customer,customer obsession,0
Chevron,2013,Customer vs Shareholder,Customer,customer obsession,0
Chevron,2018,Customer vs Shareholder,Customer,customer obsession,0
Chevron,2020,Customer vs Shareholder,Customer,customer obsession,0
Chevron,2021,Customer vs Shareholder,Customer,customer obsession,0
Chevron,2022,Customer vs Shareholder,Customer,customer obsession,0
Chevron,2023,Customer vs Shareholder,Customer,customer obsession,0
Chevron,2024,Customer vs Shareholder,Customer,customer obsession,0
Nvidia,2017,Customer vs Shareholder,Customer,customer obsession,0
Nvidia,2018,Customer vs Shareholder,Customer,customer obsession,0
Nvidia,2020,Customer vs Shareholder,Customer,customer obsession,0
Nvidia,2021,Customer vs Shareholder,Customer,customer obsession,0
Nvidia,2022,Customer vs Shareholder,Customer,customer obsession,0
Nvidia,2023,Customer vs Shareholder,Customer,customer obsession,0
Nvidia,2025,Customer vs Shareholder,Customer,customer obsession,0
Shell,2014,Customer vs Shareholder,Customer,customer obsession,0
Shell,2015,Customer vs Shareholder,Customer,customer obsession,0
Shell,2016,Customer vs Shareholder,Customer,customer obsession,0
Shell,2020,Customer vs Shareholder,Customer,customer obsession,0
Shell,2022,Customer vs Shareholder,Customer,customer obsession,0
Shell,2024,Customer vs Shareholder,Customer,customer obsession,0
Shell,2025,Customer vs Shareholder,Customer,customer obsession,0
Amazon,1997,Customer vs Shareholder,Customer,customer experience,1
Amazon,2016,Customer vs Shareholder,Customer,customer experience,1
Amazon,2020,Customer vs Shareholder,Customer,customer experience,0
Amazon,2021,Customer vs Shareholder,Customer,customer experience,5
Amazon,2022,Customer vs Shareholder,Customer,customer experience,3
Amazon,2024,Customer vs Shareholder,Customer,customer experience,6
Amazon,2025,Customer vs Shareholder,Customer,customer experience,4
Chevron,2013,Customer vs Shareholder,Customer,customer experience,0
Chevron,2018,Customer vs Shareholder,Customer,customer experience,0
Chevron,2020,Customer vs Shareholder,Customer,customer experience,0
Chevron,2021,Customer vs Shareholder,Customer,customer experience,0
Chevron,2022,Customer vs Shareholder,Customer,customer experience,0
Chevron,2023,Customer vs Shareholder,Customer,customer experience,0
Chevron,2024,Customer vs Shareholder,Customer,customer experience,0
Nvidia,2017,Customer vs Shareholder,Customer,customer experience,0
Nvidia,2018,Customer vs Shareholder,Customer,customer experience,0
Nvidia,2020,Customer vs Shareholder,Customer,customer experience,0
Nvidia,2021,Customer vs Shareholder,Customer,customer experience,0
Nvidia,2022,Customer vs Shareholder,Customer,customer experience,0
Nvidia,2023,Customer vs Shareholder,Customer,customer experience,1
Nvidia,2025,Customer vs Shareholder,Customer,customer experience,0
Shell,2014,Customer vs Shareholder,Customer,customer experience,0
Shell,2015,Customer vs Shareholder,Customer,customer experience,0
Shell,2016,Customer vs Shareholder,Customer,customer experience,0
Shell,2020,Customer vs Shareholder,Customer,customer experience,0
Shell,2022,Customer vs Shareholder,Customer,customer experience,0
Shell,2024,Customer vs Shareholder,Customer,customer experience,0
Shell,2025,Customer vs Shareholder,Customer,customer experience,0
Amazon,1997,Customer vs Shareholder,Customer,"customer [customers] !custom, customize, customized, customizing, customizes",25
Amazon,2016,Customer vs Shareholder,Customer,"customer [customers] !custom, customize, customized, customizing, customizes",17
Amazon,2020,Customer vs Shareholder,Customer,"customer [customers] !custom, customize, customized, customizing, customizes",20
Amazon,2021,Customer vs Shareholder,Customer,"customer [customers] !custom, customize, customized, customizing, customizes",54
Amazon,2022,Customer vs Shareholder,Customer,"customer [customers] !custom, customize, customized, customizing, customizes",58
Amazon,2024,Customer vs Shareholder,Customer,"customer [customers] !custom, customize, customized, customizing, customizes",62
Amazon,2025,Customer vs Shareholder,Customer,"customer [customers] !custom, customize, customized, customizing, customizes",52
Chevron,2013,Customer vs Shareholder,Customer,"customer [customers] !custom, customize, customized, customizing, customizes",0
Chevron,2018,Customer vs Shareholder,Customer,"customer [customers] !custom, customize, customized, customizing, customizes",1
Chevron,2020,Customer vs Shareholder,Customer,"customer [customers] !custom, customize, customized, customizing, customizes",2
Chevron,2021,Customer vs Shareholder,Customer,"customer [customers] !custom, customize, customized, customizing, customizes",6
Chevron,2022,Customer vs Shareholder,Customer,"customer [customers] !custom, customize, customized, customizing, customizes",3
Chevron,2023,Customer vs Shareholder,Customer,"customer [customers] !custom, customize, customized, customizing, customizes",3
Chevron,2024,Customer vs Shareholder,Customer,"customer [customers] !custom, customize, customized, customizing, customizes",3
Nvidia,2017,Customer vs Shareholder,Customer,"customer [customers] !custom, customize, customized, customizing, customizes",0
Nvidia,2018,Customer vs Shareholder,Customer,"customer [customers] !custom, customize, customized, customizing, customizes",0
Nvidia,2020,Customer vs Shareholder,Customer,"customer [customers] !custom, customize, customized, customizing, customizes",0
Nvidia,2021,Customer vs Shareholder,Customer,"customer [customers] !custom, customize, customized, customizing, customizes",1
Nvidia,2022,Customer vs Shareholder,Customer,"customer [customers] !custom, customize, customized, customizing, customizes",3
Nvidia,2023,Customer vs Shareholder,Customer,"customer [customers] !custom, customize, customized, customizing, customizes",4
Nvidia,2025,Customer vs Shareholder,Customer,"customer [customers] !custom, customize, customized, customizing, customizes",6
Shell,2014,Customer vs Shareholder,Customer,"customer [customers] !custom, customize, customized, customizing, customizes",0
Shell,2015,Customer vs Shareholder,Customer,"customer [customers] !custom, customize, customized, customizing, customizes",0
Shell,2016,Customer vs Shareholder,Customer,"customer [customers] !custom, customize, customized, customizing, customizes",0
Shell,2020,Customer vs Shareholder,Customer,"customer [customers] !custom, customize, customized, customizing, customizes",10
Shell,2022,Customer vs Shareholder,Customer,"customer [customers] !custom, customize, customized, customizing, customizes",2
Shell,2024,Customer vs Shareholder,Customer,"customer [customers] !custom, customize, customized, customizing, customizes",1
Shell,2025,Customer vs Shareholder,Customer,"customer [customers] !custom, customize, customized, customizing, customizes",7
Amazon,1997,Customer vs Shareholder,Customer,user [users],0
Amazon,2016,Customer vs Shareholder,Customer,user [users],0
Amazon,2020,Customer vs Shareholder,Customer,user [users],0
Amazon,2021,Customer vs Shareholder,Customer,user [users],0
Amazon,2022,Customer vs Shareholder,Customer,user [users],0
Amazon,2024,Customer vs Shareholder,Customer,user [users],0
Amazon,2025,Customer vs Shareholder,Customer,user [users],2
Chevron,2013,Customer vs Shareholder,Customer,user [users],0
Chevron,2018,Customer vs Shareholder,Customer,user [users],0
Chevron,2020,Customer vs Shareholder,Customer,user [users],0
Chevron,2021,Customer vs Shareholder,Customer,user [users],0
Chevron,2022,Customer vs Shareholder,Customer,user [users],0
Chevron,2023,Customer vs Shareholder,Customer,user [users],0
Chevron,2024,Customer vs Shareholder,Customer,user [users],0
Nvidia,2017,Customer vs Shareholder,Customer,user [users],0
Nvidia,2018,Customer vs Shareholder,Customer,user [users],1
Nvidia,2020,Customer vs Shareholder,Customer,user [users],0
Nvidia,2021,Customer vs Shareholder,Customer,user [users],1
Nvidia,2022,Customer vs Shareholder,Customer,user [users],0
Nvidia,2023,Customer vs Shareholder,Customer,user [users],4
Nvidia,2025,Customer vs Shareholder,Customer,user [users],1
Shell,2014,Customer vs Shareholder,Customer,user [users],0
Shell,2015,Customer vs Shareholder,Customer,user [users],0
Shell,2016,Customer vs Shareholder,Customer,user [users],0
Shell,2020,Customer vs Shareholder,Customer,user [users],0
Shell,2022,Customer vs Shareholder,Customer,user [users],0
Shell,2024,Customer vs Shareholder,Customer,user [users],0
Shell,2025,Customer vs Shareholder,Customer,user [users],0
Amazon,1997,Customer vs Shareholder,Customer,"consumer [consumers] !consume, consumed, consuming, consumables, consumes, consumption",0
Amazon,2016,Customer vs Shareholder,Customer,"consumer [consumers] !consume, consumed, consuming, consumables, consumes, consumption",0
Amazon,2020,Customer vs Shareholder,Customer,"consumer [consumers] !consume, consumed, consuming, consumables, consumes, consumption",4
Amazon,2021,Customer vs Shareholder,Customer,"consumer [consumers] !consume, consumed, consuming, consumables, consumes, consumption",5
Amazon,2022,Customer vs Shareholder,Customer,"consumer [consumers] !consume, consumed, consuming, consumables, consumes, consumption",7
Amazon,2024,Customer vs Shareholder,Customer,"consumer [consumers] !consume, consumed, consuming, consumables, consumes, consumption",1
Amazon,2025,Customer vs Shareholder,Customer,"consumer [consumers] !consume, consumed, consuming, consumables, consumes, consumption",4
Chevron,2013,Customer vs Shareholder,Customer,"consumer [consumers] !consume, consumed, consuming, consumables, consumes, consumption",0
Chevron,2018,Customer vs Shareholder,Customer,"consumer [consumers] !consume, consumed, consuming, consumables, consumes, consumption",0
Chevron,2020,Customer vs Shareholder,Customer,"consumer [consumers] !consume, consumed, consuming, consumables, consumes, consumption",0
Chevron,2021,Customer vs Shareholder,Customer,"consumer [consumers] !consume, consumed, consuming, consumables, consumes, consumption",0
Chevron,2022,Customer vs Shareholder,Customer,"consumer [consumers] !consume, consumed, consuming, consumables, consumes, consumption",1
Chevron,2023,Customer vs Shareholder,Customer,"consumer [consumers] !consume, consumed, consuming, consumables, consumes, consumption",0
Chevron,2024,Customer vs Shareholder,Customer,"consumer [consumers] !consume, consumed, consuming, consumables, consumes, consumption",0
Nvidia,2017,Customer vs Shareholder,Customer,"consumer [consumers] !consume, consumed, consuming, consumables, consumes, consumption",0
Nvidia,2018,Customer vs Shareholder,Customer,"consumer [consumers] !consume, consumed, consuming, consumables, consumes, consumption",0
Nvidia,2020,Customer vs Shareholder,Customer,"consumer [consumers] !consume, consumed, consuming, consumables, consumes, consumption",1
Nvidia,2021,Customer vs Shareholder,Customer,"consumer [consumers] !consume, consumed, consuming, consumables, consumes, consumption",1
Nvidia,2022,Customer vs Shareholder,Customer,"consumer [consumers] !consume, consumed, consuming, consumables, consumes, consumption",1
Nvidia,2023,Customer vs Shareholder,Customer,"consumer [consumers] !consume, consumed, consuming, consumables, consumes, consumption",0
Nvidia,2025,Customer vs Shareholder,Customer,"consumer [consumers] !consume, consumed, consuming, consumables, consumes, consumption",0
Shell,2014,Customer vs Shareholder,Customer,"consumer [consumers] !consume, consumed, consuming, consumables, consumes, consumption",0
Shell,2015,Customer vs Shareholder,Customer,"consumer [consumers] !consume, consumed, consuming, consumables, consumes, consumption",0
Shell,2016,Customer vs Shareholder,Customer,"consumer [consumers] !consume, consumed, consuming, consumables, consumes, consumption",0
Shell,2020,Customer vs Shareholder,Customer,"consumer [consumers] !consume, consumed, consuming, consumables, consumes, consumption",0
Shell,2022,Customer vs Shareholder,Customer,"consumer [consumers] !consume, consumed, consuming, consumables, consumes, consumption",0
Shell,2024,Customer vs Shareholder,Customer,"consumer [consumers] !consume, consumed, consuming, consumables, consumes, consumption",0
Shell,2025,Customer vs Shareholder,Customer,"consumer [consumers] !consume, consumed, consuming, consumables, consumes, consumption",0
Amazon,1997,Customer vs Shareholder,Shareholder,shareholder [shareholders],4
Amazon,2016,Customer vs Shareholder,Shareholder,shareholder [shareholders],0
Amazon,2020,Customer vs Shareholder,Shareholder,shareholder [shareholders],7
Amazon,2021,Customer vs Shareholder,Shareholder,shareholder [shareholders],3
Amazon,2022,Customer vs Shareholder,Shareholder,shareholder [shareholders],5
Amazon,2024,Customer vs Shareholder,Shareholder,shareholder [shareholders],2
Amazon,2025,Customer vs Shareholder,Shareholder,shareholder [shareholders],2
Chevron,2013,Customer vs Shareholder,Shareholder,shareholder [shareholders],0
Chevron,2018,Customer vs Shareholder,Shareholder,shareholder [shareholders],0
Chevron,2020,Customer vs Shareholder,Shareholder,shareholder [shareholders],0
Chevron,2021,Customer vs Shareholder,Shareholder,shareholder [shareholders],2
Chevron,2022,Customer vs Shareholder,Shareholder,shareholder [shareholders],1
Chevron,2023,Customer vs Shareholder,Shareholder,shareholder [shareholders],0
Chevron,2024,Customer vs Shareholder,Shareholder,shareholder [shareholders],0
Nvidia,2017,Customer vs Shareholder,Shareholder,shareholder [shareholders],1
Nvidia,2018,Customer vs Shareholder,Shareholder,shareholder [shareholders],1
Nvidia,2020,Customer vs Shareholder,Shareholder,shareholder [shareholders],1
Nvidia,2021,Customer vs Shareholder,Shareholder,shareholder [shareholders],0
Nvidia,2022,Customer vs Shareholder,Shareholder,shareholder [shareholders],1
Nvidia,2023,Customer vs Shareholder,Shareholder,shareholder [shareholders],0
Nvidia,2025,Customer vs Shareholder,Shareholder,shareholder [shareholders],1
Shell,2014,Customer vs Shareholder,Shareholder,shareholder [shareholders],6
Shell,2015,Customer vs Shareholder,Shareholder,shareholder [shareholders],2
Shell,2016,Customer vs Shareholder,Shareholder,shareholder [shareholders],3
Shell,2020,Customer vs Shareholder,Shareholder,shareholder [shareholders],4
Shell,2022,Customer vs Shareholder,Shareholder,shareholder [shareholders],7
Shell,2024,Customer vs Shareholder,Shareholder,shareholder [shareholders],2
Shell,2025,Customer vs Shareholder,Shareholder,shareholder [shareholders],2
Amazon,1997,Customer vs Shareholder,Shareholder,stockholder [stockholders],0
Amazon,2016,Customer vs Shareholder,Shareholder,stockholder [stockholders],0
Amazon,2020,Customer vs Shareholder,Shareholder,stockholder [stockholders],0
Amazon,2021,Customer vs Shareholder,Shareholder,stockholder [stockholders],0
Amazon,2022,Customer vs Shareholder,Shareholder,stockholder [stockholders],0
Amazon,2024,Customer vs Shareholder,Shareholder,stockholder [stockholders],0
Amazon,2025,Customer vs Shareholder,Shareholder,stockholder [stockholders],0
Chevron,2013,Customer vs Shareholder,Shareholder,stockholder [stockholders],4
Chevron,2018,Customer vs Shareholder,Shareholder,stockholder [stockholders],4
Chevron,2020,Customer vs Shareholder,Shareholder,stockholder [stockholders],8
Chevron,2021,Customer vs Shareholder,Shareholder,stockholder [stockholders],2
Chevron,2022,Customer vs Shareholder,Shareholder,stockholder [stockholders],4
Chevron,2023,Customer vs Shareholder,Shareholder,stockholder [stockholders],3
Chevron,2024,Customer vs Shareholder,Shareholder,stockholder [stockholders],5
Nvidia,2017,Customer vs Shareholder,Shareholder,stockholder [stockholders],0
Nvidia,2018,Customer vs Shareholder,Shareholder,stockholder [stockholders],0
Nvidia,2020,Customer vs Shareholder,Shareholder,stockholder [stockholders],0
Nvidia,2021,Customer vs Shareholder,Shareholder,stockholder [stockholders],0
Nvidia,2022,Customer vs Shareholder,Shareholder,stockholder [stockholders],0
Nvidia,2023,Customer vs Shareholder,Shareholder,stockholder [stockholders],0
Nvidia,2025,Customer vs Shareholder,Shareholder,stockholder [stockholders],0
Shell,2014,Customer vs Shareholder,Shareholder,stockholder [stockholders],0
Shell,2015,Customer vs Shareholder,Shareholder,stockholder [stockholders],0
Shell,2016,Customer vs Shareholder,Shareholder,stockholder [stockholders],0
Shell,2020,Customer vs Shareholder,Shareholder,stockholder [stockholders],0
Shell,2022,Customer vs Shareholder,Shareholder,stockholder [stockholders],0
Shell,2024,Customer vs Shareholder,Shareholder,stockholder [stockholders],0
Shell,2025,Customer vs Shareholder,Shareholder,stockholder [stockholders],0
Amazon,1997,Customer vs Shareholder,Shareholder,dividend [dividends],0
Amazon,2016,Customer vs Shareholder,Shareholder,dividend [dividends],0
Amazon,2020,Customer vs Shareholder,Shareholder,dividend [dividends],0
Amazon,2021,Customer vs Shareholder,Shareholder,dividend [dividends],0
Amazon,2022,Customer vs Shareholder,Shareholder,dividend [dividends],0
Amazon,2024,Customer vs Shareholder,Shareholder,dividend [dividends],0
Amazon,2025,Customer vs Shareholder,Shareholder,dividend [dividends],0
Chevron,2013,Customer vs Shareholder,Shareholder,dividend [dividends],1
Chevron,2018,Customer vs Shareholder,Shareholder,dividend [dividends],2
Chevron,2020,Customer vs Shareholder,Shareholder,dividend [dividends],3
Chevron,2021,Customer vs Shareholder,Shareholder,dividend [dividends],1
Chevron,2022,Customer vs Shareholder,Shareholder,dividend [dividends],4
Chevron,2023,Customer vs Shareholder,Shareholder,dividend [dividends],4
Chevron,2024,Customer vs Shareholder,Shareholder,dividend [dividends],3
Nvidia,2017,Customer vs Shareholder,Shareholder,dividend [dividends],1
Nvidia,2018,Customer vs Shareholder,Shareholder,dividend [dividends],1
Nvidia,2020,Customer vs Shareholder,Shareholder,dividend [dividends],1
Nvidia,2021,Customer vs Shareholder,Shareholder,dividend [dividends],0
Nvidia,2022,Customer vs Shareholder,Shareholder,dividend [dividends],1
Nvidia,2023,Customer vs Shareholder,Shareholder,dividend [dividends],0
Nvidia,2025,Customer vs Shareholder,Shareholder,dividend [dividends],1
Shell,2014,Customer vs Shareholder,Shareholder,dividend [dividends],4
Shell,2015,Customer vs Shareholder,Shareholder,dividend [dividends],2
Shell,2016,Customer vs Shareholder,Shareholder,dividend [dividends],2
Shell,2020,Customer vs Shareholder,Shareholder,dividend [dividends],5
Shell,2022,Customer vs Shareholder,Shareholder,dividend [dividends],1
Shell,2024,Customer vs Shareholder,Shareholder,dividend [dividends],0
Shell,2025,Customer vs Shareholder,Shareholder,dividend [dividends],0
Amazon,1997,Customer vs Shareholder,Shareholder,buyback [buybacks],0
Amazon,2016,Customer vs Shareholder,Shareholder,buyback [buybacks],0
Amazon,2020,Customer vs Shareholder,Shareholder,buyback [buybacks],0
Amazon,2021,Customer vs Shareholder,Shareholder,buyback [buybacks],0
Amazon,2022,Customer vs Shareholder,Shareholder,buyback [buybacks],0
Amazon,2024,Customer vs Shareholder,Shareholder,buyback [buybacks],0
Amazon,2025,Customer vs Shareholder,Shareholder,buyback [buybacks],0
Chevron,2013,Customer vs Shareholder,Shareholder,buyback [buybacks],0
Chevron,2018,Customer vs Shareholder,Shareholder,buyback [buybacks],0
Chevron,2020,Customer vs Shareholder,Shareholder,buyback [buybacks],1
Chevron,2021,Customer vs Shareholder,Shareholder,buyback [buybacks],0
Chevron,2022,Customer vs Shareholder,Shareholder,buyback [buybacks],0
Chevron,2023,Customer vs Shareholder,Shareholder,buyback [buybacks],0
Chevron,2024,Customer vs Shareholder,Shareholder,buyback [buybacks],0
Nvidia,2017,Customer vs Shareholder,Shareholder,buyback [buybacks],0
Nvidia,2018,Customer vs Shareholder,Shareholder,buyback [buybacks],0
Nvidia,2020,Customer vs Shareholder,Shareholder,buyback [buybacks],0
Nvidia,2021,Customer vs Shareholder,Shareholder,buyback [buybacks],0
Nvidia,2022,Customer vs Shareholder,Shareholder,buyback [buybacks],0
Nvidia,2023,Customer vs Shareholder,Shareholder,buyback [buybacks],0
Nvidia,2025,Customer vs Shareholder,Shareholder,buyback [buybacks],1
Shell,2014,Customer vs Shareholder,Shareholder,buyback [buybacks],0
Shell,2015,Customer vs Shareholder,Shareholder,buyback [buybacks],0
Shell,2016,Customer vs Shareholder,Shareholder,buyback [buybacks],0
Shell,2020,Customer vs Shareholder,Shareholder,buyback [buybacks],0
Shell,2022,Customer vs Shareholder,Shareholder,buyback [buybacks],1
Shell,2024,Customer vs Shareholder,Shareholder,buyback [buybacks],1
Shell,2025,Customer vs Shareholder,Shareholder,buyback [buybacks],0
Amazon,1997,Long-term vs Short-term,Long-term,long-term,8
Amazon,2016,Long-term vs Short-term,Long-term,long-term,0
Amazon,2020,Long-term vs Short-term,Long-term,long-term,0
Amazon,2021,Long-term vs Short-term,Long-term,long-term,3
Amazon,2022,Long-term vs Short-term,Long-term,long-term,13
Amazon,2024,Long-term vs Short-term,Long-term,long-term,3
Amazon,2025,Long-term vs Short-term,Long-term,long-term,3
Chevron,2013,Long-term vs Short-term,Long-term,long-term,2
Chevron,2018,Long-term vs Short-term,Long-term,long-term,0
Chevron,2020,Long-term vs Short-term,Long-term,long-term,2
Chevron,2021,Long-term vs Short-term,Long-term,long-term,0
Chevron,2022,Long-term vs Short-term,Long-term,long-term,1
Chevron,2023,Long-term vs Short-term,Long-term,long-term,0
Chevron,2024,Long-term vs Short-term,Long-term,long-term,0
Nvidia,2017,Long-term vs Short-term,Long-term,long-term,0
Nvidia,2018,Long-term vs Short-term,Long-term,long-term,1
Nvidia,2020,Long-term vs Short-term,Long-term,long-term,2
Nvidia,2021,Long-term vs Short-term,Long-term,long-term,0
Nvidia,2022,Long-term vs Short-term,Long-term,long-term,0
Nvidia,2023,Long-term vs Short-term,Long-term,long-term,0
Nvidia,2025,Long-term vs Short-term,Long-term,long-term,2
Shell,2014,Long-term vs Short-term,Long-term,long-term,4
Shell,2015,Long-term vs Short-term,Long-term,long-term,2
Shell,2016,Long-term vs Short-term,Long-term,long-term,1
Shell,2020,Long-term vs Short-term,Long-term,long-term,0
Shell,2022,Long-term vs Short-term,Long-term,long-term,0
Shell,2024,Long-term vs Short-term,Long-term,long-term,0
Shell,2025,Long-term vs Short-term,Long-term,long-term,2
Amazon,1997,Long-term vs Short-term,Long-term,long term,8
Amazon,2016,Long-term vs Short-term,Long-term,long term,0
Amazon,2020,Long-term vs Short-term,Long-term,long term,0
Amazon,2021,Long-term vs Short-term,Long-term,long term,3
Amazon,2022,Long-term vs Short-term,Long-term,long term,13
Amazon,2024,Long-term vs Short-term,Long-term,long term,3
Amazon,2025,Long-term vs Short-term,Long-term,long term,3
Chevron,2013,Long-term vs Short-term,Long-term,long term,2
Chevron,2018,Long-term vs Short-term,Long-term,long term,0
Chevron,2020,Long-term vs Short-term,Long-term,long term,2
Chevron,2021,Long-term vs Short-term,Long-term,long term,0
Chevron,2022,Long-term vs Short-term,Long-term,long term,1
Chevron,2023,Long-term vs Short-term,Long-term,long term,0
Chevron,2024,Long-term vs Short-term,Long-term,long term,0
Nvidia,2017,Long-term vs Short-term,Long-term,long term,0
Nvidia,2018,Long-term vs Short-term,Long-term,long term,1
Nvidia,2020,Long-term vs Short-term,Long-term,long term,2
Nvidia,2021,Long-term vs Short-term,Long-term,long term,0
Nvidia,2022,Long-term vs Short-term,Long-term,long term,0
Nvidia,2023,Long-term vs Short-term,Long-term,long term,0
Nvidia,2025,Long-term vs Short-term,Long-term,long term,2
Shell,2014,Long-term vs Short-term,Long-term,long term,4
Shell,2015,Long-term vs Short-term,Long-term,long term,2
Shell,2016,Long-term vs Short-term,Long-term,long term,1
Shell,2020,Long-term vs Short-term,Long-term,long term,0
Shell,2022,Long-term vs Short-term,Long-term,long term,0
Shell,2024,Long-term vs Short-term,Long-term,long term,0
Shell,2025,Long-term vs Short-term,Long-term,long term,2
Amazon,1997,Long-term vs Short-term,Long-term,decade [decades],0
Amazon,2016,Long-term vs Short-term,Long-term,decade [decades],3
Amazon,2020,Long-term vs Short-term,Long-term,decade [decades],2
Amazon,2021,Long-term vs Short-term,Long-term,decade [decades],2
Amazon,2022,Long-term vs Short-term,Long-term,decade [decades],4
Amazon,2024,Long-term vs Short-term,Long-term,decade [decades],1
Amazon,2025,Long-term vs Short-term,Long-term,decade [decades],1
Chevron,2013,Long-term vs Short-term,Long-term,decade [decades],1
Chevron,2018,Long-term vs Short-term,Long-term,decade [decades],2
Chevron,2020,Long-term vs Short-term,Long-term,decade [decades],1
Chevron,2021,Long-term vs Short-term,Long-term,decade [decades],0
Chevron,2022,Long-term vs Short-term,Long-term,decade [decades],2
Chevron,2023,Long-term vs Short-term,Long-term,decade [decades],1
Chevron,2024,Long-term vs Short-term,Long-term,decade [decades],1
Nvidia,2017,Long-term vs Short-term,Long-term,decade [decades],1
Nvidia,2018,Long-term vs Short-term,Long-term,decade [decades],0
Nvidia,2020,Long-term vs Short-term,Long-term,decade [decades],1
Nvidia,2021,Long-term vs Short-term,Long-term,decade [decades],3
Nvidia,2022,Long-term vs Short-term,Long-term,decade [decades],4
Nvidia,2023,Long-term vs Short-term,Long-term,decade [decades],0
Nvidia,2025,Long-term vs Short-term,Long-term,decade [decades],5
Shell,2014,Long-term vs Short-term,Long-term,decade [decades],3
Shell,2015,Long-term vs Short-term,Long-term,decade [decades],0
Shell,2016,Long-term vs Short-term,Long-term,decade [decades],1
Shell,2020,Long-term vs Short-term,Long-term,decade [decades],1
Shell,2022,Long-term vs Short-term,Long-term,decade [decades],0
Shell,2024,Long-term vs Short-term,Long-term,decade [decades],3
Shell,2025,Long-term vs Short-term,Long-term,decade [decades],2
Amazon,1997,Long-term vs Short-term,Long-term,future [futures],2
Amazon,2016,Long-term vs Short-term,Long-term,future [futures],1
Amazon,2020,Long-term vs Short-term,Long-term,future [futures],3
Amazon,2021,Long-term vs Short-term,Long-term,future [futures],0
Amazon,2022,Long-term vs Short-term,Long-term,future [futures],8
Amazon,2024,Long-term vs Short-term,Long-term,future [futures],6
Amazon,2025,Long-term vs Short-term,Long-term,future [futures],5
Chevron,2013,Long-term vs Short-term,Long-term,future [futures],0
Chevron,2018,Long-term vs Short-term,Long-term,future [futures],5
Chevron,2020,Long-term vs Short-term,Long-term,future [futures],9
Chevron,2021,Long-term vs Short-term,Long-term,future [futures],4
Chevron,2022,Long-term vs Short-term,Long-term,future [futures],3
Chevron,2023,Long-term vs Short-term,Long-term,future [futures],4
Chevron,2024,Long-term vs Short-term,Long-term,future [futures],4
Nvidia,2017,Long-term vs Short-term,Long-term,future [futures],1
Nvidia,2018,Long-term vs Short-term,Long-term,future [futures],6
Nvidia,2020,Long-term vs Short-term,Long-term,future [futures],4
Nvidia,2021,Long-term vs Short-term,Long-term,future [futures],5
Nvidia,2022,Long-term vs Short-term,Long-term,future [futures],2
Nvidia,2023,Long-term vs Short-term,Long-term,future [futures],4
Nvidia,2025,Long-term vs Short-term,Long-term,future [futures],2
Shell,2014,Long-term vs Short-term,Long-term,future [futures],1
Shell,2015,Long-term vs Short-term,Long-term,future [futures],1
Shell,2016,Long-term vs Short-term,Long-term,future [futures],2
Shell,2020,Long-term vs Short-term,Long-term,future [futures],3
Shell,2022,Long-term vs Short-term,Long-term,future [futures],2
Shell,2024,Long-term vs Short-term,Long-term,future [futures],1
Shell,2025,Long-term vs Short-term,Long-term,future [futures],2
Amazon,1997,Long-term vs Short-term,Long-term,next generation,0
Amazon,2016,Long-term vs Short-term,Long-term,next generation,0
Amazon,2020,Long-term vs Short-term,Long-term,next generation,0
Amazon,2021,Long-term vs Short-term,Long-term,next generation,0
Amazon,2022,Long-term vs Short-term,Long-term,next generation,0
Amazon,2024,Long-term vs Short-term,Long-term,next generation,1
Amazon,2025,Long-term vs Short-term,Long-term,next generation,0
Chevron,2013,Long-term vs Short-term,Long-term,next generation,0
Chevron,2018,Long-term vs Short-term,Long-term,next generation,0
Chevron,2020,Long-term vs Short-term,Long-term,next generation,0
Chevron,2021,Long-term vs Short-term,Long-term,next generation,0
Chevron,2022,Long-term vs Short-term,Long-term,next generation,1
Chevron,2023,Long-term vs Short-term,Long-term,next generation,1
Chevron,2024,Long-term vs Short-term,Long-term,next generation,0
Nvidia,2017,Long-term vs Short-term,Long-term,next generation,0
Nvidia,2018,Long-term vs Short-term,Long-term,next generation,0
Nvidia,2020,Long-term vs Short-term,Long-term,next generation,1
Nvidia,2021,Long-term vs Short-term,Long-term,next generation,1
Nvidia,2022,Long-term vs Short-term,Long-term,next generation,1
Nvidia,2023,Long-term vs Short-term,Long-term,next generation,1
Nvidia,2025,Long-term vs Short-term,Long-term,next generation,2
Shell,2014,Long-term vs Short-term,Long-term,next generation,0
Shell,2015,Long-term vs Short-term,Long-term,next generation,0
Shell,2016,Long-term vs Short-term,Long-term,next generation,0
Shell,2020,Long-term vs Short-term,Long-term,next generation,0
Shell,2022,Long-term vs Short-term,Long-term,next generation,0
Shell,2024,Long-term vs Short-term,Long-term,next generation,0
Shell,2025,Long-term vs Short-term,Long-term,next generation,0
Amazon,1997,Long-term vs Short-term,Long-term,multi-year,0
Amazon,2016,Long-term vs Short-term,Long-term,multi-year,0
Amazon,2020,Long-term vs Short-term,Long-term,multi-year,0
Amazon,2021,Long-term vs Short-term,Long-term,multi-year,1
Amazon,2022,Long-term vs Short-term,Long-term,multi-year,0
Amazon,2024,Long-term vs Short-term,Long-term,multi-year,0
Amazon,2025,Long-term vs Short-term,Long-term,multi-year,1
Chevron,2013,Long-term vs Short-term,Long-term,multi-year,0
Chevron,2018,Long-term vs Short-term,Long-term,multi-year,0
Chevron,2020,Long-term vs Short-term,Long-term,multi-year,0
Chevron,2021,Long-term vs Short-term,Long-term,multi-year,0
Chevron,2022,Long-term vs Short-term,Long-term,multi-year,0
Chevron,2023,Long-term vs Short-term,Long-term,multi-year,0
Chevron,2024,Long-term vs Short-term,Long-term,multi-year,0
Nvidia,2017,Long-term vs Short-term,Long-term,multi-year,2
Nvidia,2018,Long-term vs Short-term,Long-term,multi-year,0
Nvidia,2020,Long-term vs Short-term,Long-term,multi-year,0
Nvidia,2021,Long-term vs Short-term,Long-term,multi-year,0
Nvidia,2022,Long-term vs Short-term,Long-term,multi-year,0
Nvidia,2023,Long-term vs Short-term,Long-term,multi-year,0
Nvidia,2025,Long-term vs Short-term,Long-term,multi-year,1
Shell,2014,Long-term vs Short-term,Long-term,multi-year,0
Shell,2015,Long-term vs Short-term,Long-term,multi-year,0
Shell,2016,Long-term vs Short-term,Long-term,multi-year,0
Shell,2020,Long-term vs Short-term,Long-term,multi-year,0
Shell,2022,Long-term vs Short-term,Long-term,multi-year,0
Shell,2024,Long-term vs Short-term,Long-term,multi-year,0
Shell,2025,Long-term vs Short-term,Long-term,multi-year,0
Amazon,1997,Long-term vs Short-term,Long-term,years ahead,0
Amazon,2016,Long-term vs Short-term,Long-term,years ahead,0
Amazon,2020,Long-term vs Short-term,Long-term,years ahead,2
Amazon,2021,Long-term vs Short-term,Long-term,years ahead,2
Amazon,2022,Long-term vs Short-term,Long-term,years ahead,0
Amazon,2024,Long-term vs Short-term,Long-term,years ahead,0
Amazon,2025,Long-term vs Short-term,Long-term,years ahead,0
Chevron,2013,Long-term vs Short-term,Long-term,years ahead,0
Chevron,2018,Long-term vs Short-term,Long-term,years ahead,0
Chevron,2020,Long-term vs Short-term,Long-term,years ahead,0
Chevron,2021,Long-term vs Short-term,Long-term,years ahead,0
Chevron,2022,Long-term vs Short-term,Long-term,years ahead,0
Chevron,2023,Long-term vs Short-term,Long-term,years ahead,0
Chevron,2024,Long-term vs Short-term,Long-term,years ahead,0
Nvidia,2017,Long-term vs Short-term,Long-term,years ahead,0
Nvidia,2018,Long-term vs Short-term,Long-term,years ahead,0
Nvidia,2020,Long-term vs Short-term,Long-term,years ahead,0
Nvidia,2021,Long-term vs Short-term,Long-term,years ahead,0
Nvidia,2022,Long-term vs Short-term,Long-term,years ahead,0
Nvidia,2023,Long-term vs Short-term,Long-term,years ahead,0
Nvidia,2025,Long-term vs Short-term,Long-term,years ahead,0
Shell,2014,Long-term vs Short-term,Long-term,years ahead,0
Shell,2015,Long-term vs Short-term,Long-term,years ahead,0
Shell,2016,Long-term vs Short-term,Long-term,years ahead,1
Shell,2020,Long-term vs Short-term,Long-term,years ahead,1
Shell,2022,Long-term vs Short-term,Long-term,years ahead,0
Shell,2024,Long-term vs Short-term,Long-term,years ahead,0
Shell,2025,Long-term vs Short-term,Long-term,years ahead,1
Amazon,1997,Long-term vs Short-term,Short-term,short-term,2
Amazon,2016,Long-term vs Short-term,Short-term,short-term,0
Amazon,2020,Long-term vs Short-term,Short-term,short-term,0
Amazon,2021,Long-term vs Short-term,Short-term,short-term,1
Amazon,2022,Long-term vs Short-term,Short-term,short-term,2
Amazon,2024,Long-term vs Short-term,Short-term,short-term,0
Amazon,2025,Long-term vs Short-term,Short-term,short-term,2
Chevron,2013,Long-term vs Short-term,Short-term,short-term,0
Chevron,2018,Long-term vs Short-term,Short-term,short-term,0
Chevron,2020,Long-term vs Short-term,Short-term,short-term,1
Chevron,2021,Long-term vs Short-term,Short-term,short-term,0
Chevron,2022,Long-term vs Short-term,Short-term,short-term,0
Chevron,2023,Long-term vs Short-term,Short-term,short-term,0
Chevron,2024,Long-term vs Short-term,Short-term,short-term,0
Nvidia,2017,Long-term vs Short-term,Short-term,short-term,0
Nvidia,2018,Long-term vs Short-term,Short-term,short-term,1
Nvidia,2020,Long-term vs Short-term,Short-term,short-term,0
Nvidia,2021,Long-term vs Short-term,Short-term,short-term,0
Nvidia,2022,Long-term vs Short-term,Short-term,short-term,0
Nvidia,2023,Long-term vs Short-term,Short-term,short-term,0
Nvidia,2025,Long-term vs Short-term,Short-term,short-term,0
Shell,2014,Long-term vs Short-term,Short-term,short-term,0
Shell,2015,Long-term vs Short-term,Short-term,short-term,0
Shell,2016,Long-term vs Short-term,Short-term,short-term,0
Shell,2020,Long-term vs Short-term,Short-term,short-term,0
Shell,2022,Long-term vs Short-term,Short-term,short-term,0
Shell,2024,Long-term vs Short-term,Short-term,short-term,1
Shell,2025,Long-term vs Short-term,Short-term,short-term,0
Amazon,1997,Long-term vs Short-term,Short-term,short term,2
Amazon,2016,Long-term vs Short-term,Short-term,short term,0
Amazon,2020,Long-term vs Short-term,Short-term,short term,0
Amazon,2021,Long-term vs Short-term,Short-term,short term,1
Amazon,2022,Long-term vs Short-term,Short-term,short term,2
Amazon,2024,Long-term vs Short-term,Short-term,short term,0
Amazon,2025,Long-term vs Short-term,Short-term,short term,2
Chevron,2013,Long-term vs Short-term,Short-term,short term,0
Chevron,2018,Long-term vs Short-term,Short-term,short term,0
Chevron,2020,Long-term vs Short-term,Short-term,short term,1
Chevron,2021,Long-term vs Short-term,Short-term,short term,0
Chevron,2022,Long-term vs Short-term,Short-term,short term,0
Chevron,2023,Long-term vs Short-term,Short-term,short term,0
Chevron,2024,Long-term vs Short-term,Short-term,short term,0
Nvidia,2017,Long-term vs Short-term,Short-term,short term,0
Nvidia,2018,Long-term vs Short-term,Short-term,short term,1
Nvidia,2020,Long-term vs Short-term,Short-term,short term,0
Nvidia,2021,Long-term vs Short-term,Short-term,short term,0
Nvidia,2022,Long-term vs Short-term,Short-term,short term,0
Nvidia,2023,Long-term vs Short-term,Short-term,short term,0
Nvidia,2025,Long-term vs Short-term,Short-term,short term,0
Shell,2014,Long-term vs Short-term,Short-term,short term,0
Shell,2015,Long-term vs Short-term,Short-term,short term,0
Shell,2016,Long-term vs Short-term,Short-term,short term,0
Shell,2020,Long-term vs Short-term,Short-term,short term,0
Shell,2022,Long-term vs Short-term,Short-term,short term,0
Shell,2024,Long-term vs Short-term,Short-term,short term,1
Shell,2025,Long-term vs Short-term,Short-term,short term,0
Amazon,1997,Long-term vs Short-term,Short-term,near-term,0
Amazon,2016,Long-term vs Short-term,Short-term,near-term,0
Amazon,2020,Long-term vs Short-term,Short-term,near-term,0
Amazon,2021,Long-term vs Short-term,Short-term,near-term,0
Amazon,2022,Long-term vs Short-term,Short-term,near-term,0
Amazon,2024,Long-term vs Short-term,Short-term,near-term,0
Amazon,2025,Long-term vs Short-term,Short-term,near-term,0
Chevron,2013,Long-term vs Short-term,Short-term,near-term,0
Chevron,2018,Long-term vs Short-term,Short-term,near-term,0
Chevron,2020,Long-term vs Short-term,Short-term,near-term,0
Chevron,2021,Long-term vs Short-term,Short-term,near-term,0
Chevron,2022,Long-term vs Short-term,Short-term,near-term,0
Chevron,2023,Long-term vs Short-term,Short-term,near-term,0
Chevron,2024,Long-term vs Short-term,Short-term,near-term,0
Nvidia,2017,Long-term vs Short-term,Short-term,near-term,0
Nvidia,2018,Long-term vs Short-term,Short-term,near-term,0
Nvidia,2020,Long-term vs Short-term,Short-term,near-term,1
Nvidia,2021,Long-term vs Short-term,Short-term,near-term,0
Nvidia,2022,Long-term vs Short-term,Short-term,near-term,0
Nvidia,2023,Long-term vs Short-term,Short-term,near-term,0
Nvidia,2025,Long-term vs Short-term,Short-term,near-term,0
Shell,2014,Long-term vs Short-term,Short-term,near-term,0
Shell,2015,Long-term vs Short-term,Short-term,near-term,0
Shell,2016,Long-term vs Short-term,Short-term,near-term,0
Shell,2020,Long-term vs Short-term,Short-term,near-term,0
Shell,2022,Long-term vs Short-term,Short-term,near-term,0
Shell,2024,Long-term vs Short-term,Short-term,near-term,0
Shell,2025,Long-term vs Short-term,Short-term,near-term,0
Amazon,1997,Long-term vs Short-term,Short-term,near term,0
Amazon,2016,Long-term vs Short-term,Short-term,near term,0
Amazon,2020,Long-term vs Short-term,Short-term,near term,0
Amazon,2021,Long-term vs Short-term,Short-term,near term,0
Amazon,2022,Long-term vs Short-term,Short-term,near term,0
Amazon,2024,Long-term vs Short-term,Short-term,near term,0
Amazon,2025,Long-term vs Short-term,Short-term,near term,0
Chevron,2013,Long-term vs Short-term,Short-term,near term,0
Chevron,2018,Long-term vs Short-term,Short-term,near term,0
Chevron,2020,Long-term vs Short-term,Short-term,near term,0
Chevron,2021,Long-term vs Short-term,Short-term,near term,0
Chevron,2022,Long-term vs Short-term,Short-term,near term,0
Chevron,2023,Long-term vs Short-term,Short-term,near term,0
Chevron,2024,Long-term vs Short-term,Short-term,near term,0
Nvidia,2017,Long-term vs Short-term,Short-term,near term,0
Nvidia,2018,Long-term vs Short-term,Short-term,near term,0
Nvidia,2020,Long-term vs Short-term,Short-term,near term,1
Nvidia,2021,Long-term vs Short-term,Short-term,near term,0
Nvidia,2022,Long-term vs Short-term,Short-term,near term,0
Nvidia,2023,Long-term vs Short-term,Short-term,near term,0
Nvidia,2025,Long-term vs Short-term,Short-term,near term,0
Shell,2014,Long-term vs Short-term,Short-term,near term,0
Shell,2015,Long-term vs Short-term,Short-term,near term,0
Shell,2016,Long-term vs Short-term,Short-term,near term,0
Shell,2020,Long-term vs Short-term,Short-term,near term,0
Shell,2022,Long-term vs Short-term,Short-term,near term,0
Shell,2024,Long-term vs Short-term,Short-term,near term,0
Shell,2025,Long-term vs Short-term,Short-term,near term,0
Amazon,1997,Long-term vs Short-term,Short-term,"quarter [quarters, quarterly]",1
Amazon,2016,Long-term vs Short-term,Short-term,"quarter [quarters, quarterly]",0
Amazon,2020,Long-term vs Short-term,Short-term,"quarter [quarters, quarterly]",0
Amazon,2021,Long-term vs Short-term,Short-term,"quarter [quarters, quarterly]",0
Amazon,2022,Long-term vs Short-term,Short-term,"quarter [quarters, quarterly]",3
Amazon,2024,Long-term vs Short-term,Short-term,"quarter [quarters, quarterly]",1
Amazon,2025,Long-term vs Short-term,Short-term,"quarter [quarters, quarterly]",0
Chevron,2013,Long-term vs Short-term,Short-term,"quarter [quarters, quarterly]",0
Chevron,2018,Long-term vs Short-term,Short-term,"quarter [quarters, quarterly]",1
Chevron,2020,Long-term vs Short-term,Short-term,"quarter [quarters, quarterly]",0
Chevron,2021,Long-term vs Short-term,Short-term,"quarter [quarters, quarterly]",1
Chevron,2022,Long-term vs Short-term,Short-term,"quarter [quarters, quarterly]",0
Chevron,2023,Long-term vs Short-term,Short-term,"quarter [quarters, quarterly]",1
Chevron,2024,Long-term vs Short-term,Short-term,"quarter [quarters, quarterly]",1
Nvidia,2017,Long-term vs Short-term,Short-term,"quarter [quarters, quarterly]",1
Nvidia,2018,Long-term vs Short-term,Short-term,"quarter [quarters, quarterly]",0
Nvidia,2020,Long-term vs Short-term,Short-term,"quarter [quarters, quarterly]",3
Nvidia,2021,Long-term vs Short-term,Short-term,"quarter [quarters, quarterly]",0
Nvidia,2022,Long-term vs Short-term,Short-term,"quarter [quarters, quarterly]",1
Nvidia,2023,Long-term vs Short-term,Short-term,"quarter [quarters, quarterly]",1
Nvidia,2025,Long-term vs Short-term,Short-term,"quarter [quarters, quarterly]",1
Shell,2014,Long-term vs Short-term,Short-term,"quarter [quarters, quarterly]",0
Shell,2015,Long-term vs Short-term,Short-term,"quarter [quarters, quarterly]",0
Shell,2016,Long-term vs Short-term,Short-term,"quarter [quarters, quarterly]",0
Shell,2020,Long-term vs Short-term,Short-term,"quarter [quarters, quarterly]",0
Shell,2022,Long-term vs Short-term,Short-term,"quarter [quarters, quarterly]",0
Shell,2024,Long-term vs Short-term,Short-term,"quarter [quarters, quarterly]",0
Shell,2025,Long-term vs Short-term,Short-term,"quarter [quarters, quarterly]",3
Amazon,1997,Long-term vs Short-term,Short-term,immediate [immediately],0
Amazon,2016,Long-term vs Short-term,Short-term,immediate [immediately],1
Amazon,2020,Long-term vs Short-term,Short-term,immediate [immediately],0
Amazon,2021,Long-term vs Short-term,Short-term,immediate [immediately],0
Amazon,2022,Long-term vs Short-term,Short-term,immediate [immediately],0
Amazon,2024,Long-term vs Short-term,Short-term,immediate [immediately],0
Amazon,2025,Long-term vs Short-term,Short-term,immediate [immediately],0
Chevron,2013,Long-term vs Short-term,Short-term,immediate [immediately],0
Chevron,2018,Long-term vs Short-term,Short-term,immediate [immediately],0
Chevron,2020,Long-term vs Short-term,Short-term,immediate [immediately],0
Chevron,2021,Long-term vs Short-term,Short-term,immediate [immediately],0
Chevron,2022,Long-term vs Short-term,Short-term,immediate [immediately],0
Chevron,2023,Long-term vs Short-term,Short-term,immediate [immediately],0
Chevron,2024,Long-term vs Short-term,Short-term,immediate [immediately],0
Nvidia,2017,Long-term vs Short-term,Short-term,immediate [immediately],0
Nvidia,2018,Long-term vs Short-term,Short-term,immediate [immediately],0
Nvidia,2020,Long-term vs Short-term,Short-term,immediate [immediately],0
Nvidia,2021,Long-term vs Short-term,Short-term,immediate [immediately],0
Nvidia,2022,Long-term vs Short-term,Short-term,immediate [immediately],0
Nvidia,2023,Long-term vs Short-term,Short-term,immediate [immediately],0
Nvidia,2025,Long-term vs Short-term,Short-term,immediate [immediately],0
Shell,2014,Long-term vs Short-term,Short-term,immediate [immediately],0
Shell,2015,Long-term vs Short-term,Short-term,immediate [immediately],0
Shell,2016,Long-term vs Short-term,Short-term,immediate [immediately],0
Shell,2020,Long-term vs Short-term,Short-term,immediate [immediately],0
Shell,2022,Long-term vs Short-term,Short-term,immediate [immediately],0
Shell,2024,Long-term vs Short-term,Short-term,immediate [immediately],0
Shell,2025,Long-term vs Short-term,Short-term,immediate [immediately],0
Amazon,1997,Entrepreneurial vs Managerial,Entrepreneurial,"founder [founders, founded, founding] !found",2
Amazon,2016,Entrepreneurial vs Managerial,Entrepreneurial,"founder [founders, founded, founding] !found",1
Amazon,2020,Entrepreneurial vs Managerial,Entrepreneurial,"founder [founders, founded, founding] !found",1
Amazon,2021,Entrepreneurial vs Managerial,Entrepreneurial,"founder [founders, founded, founding] !found",0
Amazon,2022,Entrepreneurial vs Managerial,Entrepreneurial,"founder [founders, founded, founding] !found",0
Amazon,2024,Entrepreneurial vs Managerial,Entrepreneurial,"founder [founders, founded, founding] !found",0
Amazon,2025,Entrepreneurial vs Managerial,Entrepreneurial,"founder [founders, founded, founding] !found",0
Chevron,2013,Entrepreneurial vs Managerial,Entrepreneurial,"founder [founders, founded, founding] !found",0
Chevron,2018,Entrepreneurial vs Managerial,Entrepreneurial,"founder [founders, founded, founding] !found",0
Chevron,2020,Entrepreneurial vs Managerial,Entrepreneurial,"founder [founders, founded, founding] !found",0
Chevron,2021,Entrepreneurial vs Managerial,Entrepreneurial,"founder [founders, founded, founding] !found",0
Chevron,2022,Entrepreneurial vs Managerial,Entrepreneurial,"founder [founders, founded, founding] !found",0
Chevron,2023,Entrepreneurial vs Managerial,Entrepreneurial,"founder [founders, founded, founding] !found",0
Chevron,2024,Entrepreneurial vs Managerial,Entrepreneurial,"founder [founders, founded, founding] !found",0
Nvidia,2017,Entrepreneurial vs Managerial,Entrepreneurial,"founder [founders, founded, founding] !found",1
Nvidia,2018,Entrepreneurial vs Managerial,Entrepreneurial,"founder [founders, founded, founding] !found",1
Nvidia,2020,Entrepreneurial vs Managerial,Entrepreneurial,"founder [founders, founded, founding] !found",1
Nvidia,2021,Entrepreneurial vs Managerial,Entrepreneurial,"founder [founders, founded, founding] !found",2
Nvidia,2022,Entrepreneurial vs Managerial,Entrepreneurial,"founder [founders, founded, founding] !found",1
Nvidia,2023,Entrepreneurial vs Managerial,Entrepreneurial,"founder [founders, founded, founding] !found",1
Nvidia,2025,Entrepreneurial vs Managerial,Entrepreneurial,"founder [founders, founded, founding] !found",1
Shell,2014,Entrepreneurial vs Managerial,Entrepreneurial,"founder [founders, founded, founding] !found",0
Shell,2015,Entrepreneurial vs Managerial,Entrepreneurial,"founder [founders, founded, founding] !found",0
Shell,2016,Entrepreneurial vs Managerial,Entrepreneurial,"founder [founders, founded, founding] !found",0
Shell,2020,Entrepreneurial vs Managerial,Entrepreneurial,"founder [founders, founded, founding] !found",0
Shell,2022,Entrepreneurial vs Managerial,Entrepreneurial,"founder [founders, founded, founding] !found",0
Shell,2024,Entrepreneurial vs Managerial,Entrepreneurial,"founder [founders, founded, founding] !found",0
Shell,2025,Entrepreneurial vs Managerial,Entrepreneurial,"founder [founders, founded, founding] !found",0
Amazon,1997,Entrepreneurial vs Managerial,Entrepreneurial,day 1,1
Amazon,2016,Entrepreneurial vs Managerial,Entrepreneurial,day 1,9
Amazon,2020,Entrepreneurial vs Managerial,Entrepreneurial,day 1,2
Amazon,2021,Entrepreneurial vs Managerial,Entrepreneurial,day 1,1
Amazon,2022,Entrepreneurial vs Managerial,Entrepreneurial,day 1,0
Amazon,2024,Entrepreneurial vs Managerial,Entrepreneurial,day 1,0
Amazon,2025,Entrepreneurial vs Managerial,Entrepreneurial,day 1,0
Chevron,2013,Entrepreneurial vs Managerial,Entrepreneurial,day 1,0
Chevron,2018,Entrepreneurial vs Managerial,Entrepreneurial,day 1,0
Chevron,2020,Entrepreneurial vs Managerial,Entrepreneurial,day 1,0
Chevron,2021,Entrepreneurial vs Managerial,Entrepreneurial,day 1,0
Chevron,2022,Entrepreneurial vs Managerial,Entrepreneurial,day 1,0
Chevron,2023,Entrepreneurial vs Managerial,Entrepreneurial,day 1,0
Chevron,2024,Entrepreneurial vs Managerial,Entrepreneurial,day 1,0
Nvidia,2017,Entrepreneurial vs Managerial,Entrepreneurial,day 1,0
Nvidia,2018,Entrepreneurial vs Managerial,Entrepreneurial,day 1,0
Nvidia,2020,Entrepreneurial vs Managerial,Entrepreneurial,day 1,0
Nvidia,2021,Entrepreneurial vs Managerial,Entrepreneurial,day 1,0
Nvidia,2022,Entrepreneurial vs Managerial,Entrepreneurial,day 1,0
Nvidia,2023,Entrepreneurial vs Managerial,Entrepreneurial,day 1,0
Nvidia,2025,Entrepreneurial vs Managerial,Entrepreneurial,day 1,0
Shell,2014,Entrepreneurial vs Managerial,Entrepreneurial,day 1,0
Shell,2015,Entrepreneurial vs Managerial,Entrepreneurial,day 1,0
Shell,2016,Entrepreneurial vs Managerial,Entrepreneurial,day 1,0
Shell,2020,Entrepreneurial vs Managerial,Entrepreneurial,day 1,0
Shell,2022,Entrepreneurial vs Managerial,Entrepreneurial,day 1,0
Shell,2024,Entrepreneurial vs Managerial,Entrepreneurial,day 1,0
Shell,2025,Entrepreneurial vs Managerial,Entrepreneurial,day 1,0
Amazon,1997,Entrepreneurial vs Managerial,Entrepreneurial,day one,0
Amazon,2016,Entrepreneurial vs Managerial,Entrepreneurial,day one,0
Amazon,2020,Entrepreneurial vs Managerial,Entrepreneurial,day one,0
Amazon,2021,Entrepreneurial vs Managerial,Entrepreneurial,day one,0
Amazon,2022,Entrepreneurial vs Managerial,Entrepreneurial,day one,0
Amazon,2024,Entrepreneurial vs Managerial,Entrepreneurial,day one,1
Amazon,2025,Entrepreneurial vs Managerial,Entrepreneurial,day one,0
Chevron,2013,Entrepreneurial vs Managerial,Entrepreneurial,day one,0
Chevron,2018,Entrepreneurial vs Managerial,Entrepreneurial,day one,0
Chevron,2020,Entrepreneurial vs Managerial,Entrepreneurial,day one,0
Chevron,2021,Entrepreneurial vs Managerial,Entrepreneurial,day one,0
Chevron,2022,Entrepreneurial vs Managerial,Entrepreneurial,day one,0
Chevron,2023,Entrepreneurial vs Managerial,Entrepreneurial,day one,0
Chevron,2024,Entrepreneurial vs Managerial,Entrepreneurial,day one,0
Nvidia,2017,Entrepreneurial vs Managerial,Entrepreneurial,day one,0
Nvidia,2018,Entrepreneurial vs Managerial,Entrepreneurial,day one,0
Nvidia,2020,Entrepreneurial vs Managerial,Entrepreneurial,day one,0
Nvidia,2021,Entrepreneurial vs Managerial,Entrepreneurial,day one,0
Nvidia,2022,Entrepreneurial vs Managerial,Entrepreneurial,day one,0
Nvidia,2023,Entrepreneurial vs Managerial,Entrepreneurial,day one,0
Nvidia,2025,Entrepreneurial vs Managerial,Entrepreneurial,day one,0
Shell,2014,Entrepreneurial vs Managerial,Entrepreneurial,day one,0
Shell,2015,Entrepreneurial vs Managerial,Entrepreneurial,day one,0
Shell,2016,Entrepreneurial vs Managerial,Entrepreneurial,day one,0
Shell,2020,Entrepreneurial vs Managerial,Entrepreneurial,day one,0
Shell,2022,Entrepreneurial vs Managerial,Entrepreneurial,day one,0
Shell,2024,Entrepreneurial vs Managerial,Entrepreneurial,day one,0
Shell,2025,Entrepreneurial vs Managerial,Entrepreneurial,day one,0
Amazon,1997,Entrepreneurial vs Managerial,Entrepreneurial,"invent [invention, inventions, inventing, invented] !inventory, inventories",0
Amazon,2016,Entrepreneurial vs Managerial,Entrepreneurial,"invent [invention, inventions, inventing, invented] !inventory, inventories",2
Amazon,2020,Entrepreneurial vs Managerial,Entrepreneurial,"invent [invention, inventions, inventing, invented] !inventory, inventories",5
Amazon,2021,Entrepreneurial vs Managerial,Entrepreneurial,"invent [invention, inventions, inventing, invented] !inventory, inventories",22
Amazon,2022,Entrepreneurial vs Managerial,Entrepreneurial,"invent [invention, inventions, inventing, invented] !inventory, inventories",14
Amazon,2024,Entrepreneurial vs Managerial,Entrepreneurial,"invent [invention, inventions, inventing, invented] !inventory, inventories",18
Amazon,2025,Entrepreneurial vs Managerial,Entrepreneurial,"invent [invention, inventions, inventing, invented] !inventory, inventories",13
Chevron,2013,Entrepreneurial vs Managerial,Entrepreneurial,"invent [invention, inventions, inventing, invented] !inventory, inventories",0
Chevron,2018,Entrepreneurial vs Managerial,Entrepreneurial,"invent [invention, inventions, inventing, invented] !inventory, inventories",0
Chevron,2020,Entrepreneurial vs Managerial,Entrepreneurial,"invent [invention, inventions, inventing, invented] !inventory, inventories",0
Chevron,2021,Entrepreneurial vs Managerial,Entrepreneurial,"invent [invention, inventions, inventing, invented] !inventory, inventories",0
Chevron,2022,Entrepreneurial vs Managerial,Entrepreneurial,"invent [invention, inventions, inventing, invented] !inventory, inventories",0
Chevron,2023,Entrepreneurial vs Managerial,Entrepreneurial,"invent [invention, inventions, inventing, invented] !inventory, inventories",0
Chevron,2024,Entrepreneurial vs Managerial,Entrepreneurial,"invent [invention, inventions, inventing, invented] !inventory, inventories",0
Nvidia,2017,Entrepreneurial vs Managerial,Entrepreneurial,"invent [invention, inventions, inventing, invented] !inventory, inventories",0
Nvidia,2018,Entrepreneurial vs Managerial,Entrepreneurial,"invent [invention, inventions, inventing, invented] !inventory, inventories",0
Nvidia,2020,Entrepreneurial vs Managerial,Entrepreneurial,"invent [invention, inventions, inventing, invented] !inventory, inventories",5
Nvidia,2021,Entrepreneurial vs Managerial,Entrepreneurial,"invent [invention, inventions, inventing, invented] !inventory, inventories",8
Nvidia,2022,Entrepreneurial vs Managerial,Entrepreneurial,"invent [invention, inventions, inventing, invented] !inventory, inventories",2
Nvidia,2023,Entrepreneurial vs Managerial,Entrepreneurial,"invent [invention, inventions, inventing, invented] !inventory, inventories",3
Nvidia,2025,Entrepreneurial vs Managerial,Entrepreneurial,"invent [invention, inventions, inventing, invented] !inventory, inventories",0
Shell,2014,Entrepreneurial vs Managerial,Entrepreneurial,"invent [invention, inventions, inventing, invented] !inventory, inventories",0
Shell,2015,Entrepreneurial vs Managerial,Entrepreneurial,"invent [invention, inventions, inventing, invented] !inventory, inventories",0
Shell,2016,Entrepreneurial vs Managerial,Entrepreneurial,"invent [invention, inventions, inventing, invented] !inventory, inventories",0
Shell,2020,Entrepreneurial vs Managerial,Entrepreneurial,"invent [invention, inventions, inventing, invented] !inventory, inventories",0
Shell,2022,Entrepreneurial vs Managerial,Entrepreneurial,"invent [invention, inventions, inventing, invented] !inventory, inventories",0
Shell,2024,Entrepreneurial vs Managerial,Entrepreneurial,"invent [invention, inventions, inventing, invented] !inventory, inventories",0
Shell,2025,Entrepreneurial vs Managerial,Entrepreneurial,"invent [invention, inventions, inventing, invented] !inventory, inventories",0
Amazon,1997,Entrepreneurial vs Managerial,Entrepreneurial,"experiment [experimentation, experiments, experimented, experimenting] !experience, experiences, experienced, experiencing",0
Amazon,2016,Entrepreneurial vs Managerial,Entrepreneurial,"experiment [experimentation, experiments, experimented, experimenting] !experience, experiences, experienced, experiencing",1
Amazon,2020,Entrepreneurial vs Managerial,Entrepreneurial,"experiment [experimentation, experiments, experimented, experimenting] !experience, experiences, experienced, experiencing",0
Amazon,2021,Entrepreneurial vs Managerial,Entrepreneurial,"experiment [experimentation, experiments, experimented, experimenting] !experience, experiences, experienced, experiencing",5
Amazon,2022,Entrepreneurial vs Managerial,Entrepreneurial,"experiment [experimentation, experiments, experimented, experimenting] !experience, experiences, experienced, experiencing",2
Amazon,2024,Entrepreneurial vs Managerial,Entrepreneurial,"experiment [experimentation, experiments, experimented, experimenting] !experience, experiences, experienced, experiencing",2
Amazon,2025,Entrepreneurial vs Managerial,Entrepreneurial,"experiment [experimentation, experiments, experimented, experimenting] !experience, experiences, experienced, experiencing",5
Chevron,2013,Entrepreneurial vs Managerial,Entrepreneurial,"experiment [experimentation, experiments, experimented, experimenting] !experience, experiences, experienced, experiencing",0
Chevron,2018,Entrepreneurial vs Managerial,Entrepreneurial,"experiment [experimentation, experiments, experimented, experimenting] !experience, experiences, experienced, experiencing",0
Chevron,2020,Entrepreneurial vs Managerial,Entrepreneurial,"experiment [experimentation, experiments, experimented, experimenting] !experience, experiences, experienced, experiencing",0
Chevron,2021,Entrepreneurial vs Managerial,Entrepreneurial,"experiment [experimentation, experiments, experimented, experimenting] !experience, experiences, experienced, experiencing",0
Chevron,2022,Entrepreneurial vs Managerial,Entrepreneurial,"experiment [experimentation, experiments, experimented, experimenting] !experience, experiences, experienced, experiencing",0
Chevron,2023,Entrepreneurial vs Managerial,Entrepreneurial,"experiment [experimentation, experiments, experimented, experimenting] !experience, experiences, experienced, experiencing",0
Chevron,2024,Entrepreneurial vs Managerial,Entrepreneurial,"experiment [experimentation, experiments, experimented, experimenting] !experience, experiences, experienced, experiencing",0
Nvidia,2017,Entrepreneurial vs Managerial,Entrepreneurial,"experiment [experimentation, experiments, experimented, experimenting] !experience, experiences, experienced, experiencing",0
Nvidia,2018,Entrepreneurial vs Managerial,Entrepreneurial,"experiment [experimentation, experiments, experimented, experimenting] !experience, experiences, experienced, experiencing",0
Nvidia,2020,Entrepreneurial vs Managerial,Entrepreneurial,"experiment [experimentation, experiments, experimented, experimenting] !experience, experiences, experienced, experiencing",0
Nvidia,2021,Entrepreneurial vs Managerial,Entrepreneurial,"experiment [experimentation, experiments, experimented, experimenting] !experience, experiences, experienced, experiencing",1
Nvidia,2022,Entrepreneurial vs Managerial,Entrepreneurial,"experiment [experimentation, experiments, experimented, experimenting] !experience, experiences, experienced, experiencing",0
Nvidia,2023,Entrepreneurial vs Managerial,Entrepreneurial,"experiment [experimentation, experiments, experimented, experimenting] !experience, experiences, experienced, experiencing",0
Nvidia,2025,Entrepreneurial vs Managerial,Entrepreneurial,"experiment [experimentation, experiments, experimented, experimenting] !experience, experiences, experienced, experiencing",0
Shell,2014,Entrepreneurial vs Managerial,Entrepreneurial,"experiment [experimentation, experiments, experimented, experimenting] !experience, experiences, experienced, experiencing",0
Shell,2015,Entrepreneurial vs Managerial,Entrepreneurial,"experiment [experimentation, experiments, experimented, experimenting] !experience, experiences, experienced, experiencing",0
Shell,2016,Entrepreneurial vs Managerial,Entrepreneurial,"experiment [experimentation, experiments, experimented, experimenting] !experience, experiences, experienced, experiencing",0
Shell,2020,Entrepreneurial vs Managerial,Entrepreneurial,"experiment [experimentation, experiments, experimented, experimenting] !experience, experiences, experienced, experiencing",0
Shell,2022,Entrepreneurial vs Managerial,Entrepreneurial,"experiment [experimentation, experiments, experimented, experimenting] !experience, experiences, experienced, experiencing",0
Shell,2024,Entrepreneurial vs Managerial,Entrepreneurial,"experiment [experimentation, experiments, experimented, experimenting] !experience, experiences, experienced, experiencing",0
Shell,2025,Entrepreneurial vs Managerial,Entrepreneurial,"experiment [experimentation, experiments, experimented, experimenting] !experience, experiences, experienced, experiencing",0
Amazon,1997,Entrepreneurial vs Managerial,Entrepreneurial,builder [builders],0
Amazon,2016,Entrepreneurial vs Managerial,Entrepreneurial,builder [builders],0
Amazon,2020,Entrepreneurial vs Managerial,Entrepreneurial,builder [builders],0
Amazon,2021,Entrepreneurial vs Managerial,Entrepreneurial,builder [builders],6
Amazon,2022,Entrepreneurial vs Managerial,Entrepreneurial,builder [builders],0
Amazon,2024,Entrepreneurial vs Managerial,Entrepreneurial,builder [builders],6
Amazon,2025,Entrepreneurial vs Managerial,Entrepreneurial,builder [builders],0
Chevron,2013,Entrepreneurial vs Managerial,Entrepreneurial,builder [builders],0
Chevron,2018,Entrepreneurial vs Managerial,Entrepreneurial,builder [builders],0
Chevron,2020,Entrepreneurial vs Managerial,Entrepreneurial,builder [builders],0
Chevron,2021,Entrepreneurial vs Managerial,Entrepreneurial,builder [builders],0
Chevron,2022,Entrepreneurial vs Managerial,Entrepreneurial,builder [builders],0
Chevron,2023,Entrepreneurial vs Managerial,Entrepreneurial,builder [builders],0
Chevron,2024,Entrepreneurial vs Managerial,Entrepreneurial,builder [builders],0
Nvidia,2017,Entrepreneurial vs Managerial,Entrepreneurial,builder [builders],0
Nvidia,2018,Entrepreneurial vs Managerial,Entrepreneurial,builder [builders],0
Nvidia,2020,Entrepreneurial vs Managerial,Entrepreneurial,builder [builders],0
Nvidia,2021,Entrepreneurial vs Managerial,Entrepreneurial,builder [builders],0
Nvidia,2022,Entrepreneurial vs Managerial,Entrepreneurial,builder [builders],0
Nvidia,2023,Entrepreneurial vs Managerial,Entrepreneurial,builder [builders],0
Nvidia,2025,Entrepreneurial vs Managerial,Entrepreneurial,builder [builders],1
Shell,2014,Entrepreneurial vs Managerial,Entrepreneurial,builder [builders],0
Shell,2015,Entrepreneurial vs Managerial,Entrepreneurial,builder [builders],0
Shell,2016,Entrepreneurial vs Managerial,Entrepreneurial,builder [builders],0
Shell,2020,Entrepreneurial vs Managerial,Entrepreneurial,builder [builders],0
Shell,2022,Entrepreneurial vs Managerial,Entrepreneurial,builder [builders],0
Shell,2024,Entrepreneurial vs Managerial,Entrepreneurial,builder [builders],0
Shell,2025,Entrepreneurial vs Managerial,Entrepreneurial,builder [builders],0
Amazon,1997,Entrepreneurial vs Managerial,Entrepreneurial,risk-taking,0
Amazon,2016,Entrepreneurial vs Managerial,Entrepreneurial,risk-taking,0
Amazon,2020,Entrepreneurial vs Managerial,Entrepreneurial,risk-taking,0
Amazon,2021,Entrepreneurial vs Managerial,Entrepreneurial,risk-taking,0
Amazon,2022,Entrepreneurial vs Managerial,Entrepreneurial,risk-taking,0
Amazon,2024,Entrepreneurial vs Managerial,Entrepreneurial,risk-taking,1
Amazon,2025,Entrepreneurial vs Managerial,Entrepreneurial,risk-taking,0
Chevron,2013,Entrepreneurial vs Managerial,Entrepreneurial,risk-taking,0
Chevron,2018,Entrepreneurial vs Managerial,Entrepreneurial,risk-taking,0
Chevron,2020,Entrepreneurial vs Managerial,Entrepreneurial,risk-taking,0
Chevron,2021,Entrepreneurial vs Managerial,Entrepreneurial,risk-taking,1
Chevron,2022,Entrepreneurial vs Managerial,Entrepreneurial,risk-taking,0
Chevron,2023,Entrepreneurial vs Managerial,Entrepreneurial,risk-taking,0
Chevron,2024,Entrepreneurial vs Managerial,Entrepreneurial,risk-taking,0
Nvidia,2017,Entrepreneurial vs Managerial,Entrepreneurial,risk-taking,0
Nvidia,2018,Entrepreneurial vs Managerial,Entrepreneurial,risk-taking,0
Nvidia,2020,Entrepreneurial vs Managerial,Entrepreneurial,risk-taking,0
Nvidia,2021,Entrepreneurial vs Managerial,Entrepreneurial,risk-taking,0
Nvidia,2022,Entrepreneurial vs Managerial,Entrepreneurial,risk-taking,0
Nvidia,2023,Entrepreneurial vs Managerial,Entrepreneurial,risk-taking,0
Nvidia,2025,Entrepreneurial vs Managerial,Entrepreneurial,risk-taking,0
Shell,2014,Entrepreneurial vs Managerial,Entrepreneurial,risk-taking,0
Shell,2015,Entrepreneurial vs Managerial,Entrepreneurial,risk-taking,0
Shell,2016,Entrepreneurial vs Managerial,Entrepreneurial,risk-taking,0
Shell,2020,Entrepreneurial vs Managerial,Entrepreneurial,risk-taking,0
Shell,2022,Entrepreneurial vs Managerial,Entrepreneurial,risk-taking,0
Shell,2024,Entrepreneurial vs Managerial,Entrepreneurial,risk-taking,0
Shell,2025,Entrepreneurial vs Managerial,Entrepreneurial,risk-taking,0
Amazon,1997,Entrepreneurial vs Managerial,Entrepreneurial,"bold [boldly, boldness]",3
Amazon,2016,Entrepreneurial vs Managerial,Entrepreneurial,"bold [boldly, boldness]",0
Amazon,2020,Entrepreneurial vs Managerial,Entrepreneurial,"bold [boldly, boldness]",0
Amazon,2021,Entrepreneurial vs Managerial,Entrepreneurial,"bold [boldly, boldness]",0
Amazon,2022,Entrepreneurial vs Managerial,Entrepreneurial,"bold [boldly, boldness]",0
Amazon,2024,Entrepreneurial vs Managerial,Entrepreneurial,"bold [boldly, boldness]",0
Amazon,2025,Entrepreneurial vs Managerial,Entrepreneurial,"bold [boldly, boldness]",1
Chevron,2013,Entrepreneurial vs Managerial,Entrepreneurial,"bold [boldly, boldness]",0
Chevron,2018,Entrepreneurial vs Managerial,Entrepreneurial,"bold [boldly, boldness]",0
Chevron,2020,Entrepreneurial vs Managerial,Entrepreneurial,"bold [boldly, boldness]",0
Chevron,2021,Entrepreneurial vs Managerial,Entrepreneurial,"bold [boldly, boldness]",0
Chevron,2022,Entrepreneurial vs Managerial,Entrepreneurial,"bold [boldly, boldness]",0
Chevron,2023,Entrepreneurial vs Managerial,Entrepreneurial,"bold [boldly, boldness]",0
Chevron,2024,Entrepreneurial vs Managerial,Entrepreneurial,"bold [boldly, boldness]",0
Nvidia,2017,Entrepreneurial vs Managerial,Entrepreneurial,"bold [boldly, boldness]",0
Nvidia,2018,Entrepreneurial vs Managerial,Entrepreneurial,"bold [boldly, boldness]",0
Nvidia,2020,Entrepreneurial vs Managerial,Entrepreneurial,"bold [boldly, boldness]",0
Nvidia,2021,Entrepreneurial vs Managerial,Entrepreneurial,"bold [boldly, boldness]",0
Nvidia,2022,Entrepreneurial vs Managerial,Entrepreneurial,"bold [boldly, boldness]",0
Nvidia,2023,Entrepreneurial vs Managerial,Entrepreneurial,"bold [boldly, boldness]",0
Nvidia,2025,Entrepreneurial vs Managerial,Entrepreneurial,"bold [boldly, boldness]",0
Shell,2014,Entrepreneurial vs Managerial,Entrepreneurial,"bold [boldly, boldness]",0
Shell,2015,Entrepreneurial vs Managerial,Entrepreneurial,"bold [boldly, boldness]",0
Shell,2016,Entrepreneurial vs Managerial,Entrepreneurial,"bold [boldly, boldness]",0
Shell,2020,Entrepreneurial vs Managerial,Entrepreneurial,"bold [boldly, boldness]",0
Shell,2022,Entrepreneurial vs Managerial,Entrepreneurial,"bold [boldly, boldness]",0
Shell,2024,Entrepreneurial vs Managerial,Entrepreneurial,"bold [boldly, boldness]",0
Shell,2025,Entrepreneurial vs Managerial,Entrepreneurial,"bold [boldly, boldness]",0
Amazon,1997,Entrepreneurial vs Managerial,Entrepreneurial,startup [startups],0
Amazon,2016,Entrepreneurial vs Managerial,Entrepreneurial,startup [startups],1
Amazon,2020,Entrepreneurial vs Managerial,Entrepreneurial,startup [startups],0
Amazon,2021,Entrepreneurial vs Managerial,Entrepreneurial,startup [startups],0
Amazon,2022,Entrepreneurial vs Managerial,Entrepreneurial,startup [startups],1
Amazon,2024,Entrepreneurial vs Managerial,Entrepreneurial,startup [startups],5
Amazon,2025,Entrepreneurial vs Managerial,Entrepreneurial,startup [startups],2
Chevron,2013,Entrepreneurial vs Managerial,Entrepreneurial,startup [startups],1
Chevron,2018,Entrepreneurial vs Managerial,Entrepreneurial,startup [startups],1
Chevron,2020,Entrepreneurial vs Managerial,Entrepreneurial,startup [startups],0
Chevron,2021,Entrepreneurial vs Managerial,Entrepreneurial,startup [startups],0
Chevron,2022,Entrepreneurial vs Managerial,Entrepreneurial,startup [startups],0
Chevron,2023,Entrepreneurial vs Managerial,Entrepreneurial,startup [startups],0
Chevron,2024,Entrepreneurial vs Managerial,Entrepreneurial,startup [startups],0
Nvidia,2017,Entrepreneurial vs Managerial,Entrepreneurial,startup [startups],0
Nvidia,2018,Entrepreneurial vs Managerial,Entrepreneurial,startup [startups],1
Nvidia,2020,Entrepreneurial vs Managerial,Entrepreneurial,startup [startups],1
Nvidia,2021,Entrepreneurial vs Managerial,Entrepreneurial,startup [startups],4
Nvidia,2022,Entrepreneurial vs Managerial,Entrepreneurial,startup [startups],0
Nvidia,2023,Entrepreneurial vs Managerial,Entrepreneurial,startup [startups],0
Nvidia,2025,Entrepreneurial vs Managerial,Entrepreneurial,startup [startups],1
Shell,2014,Entrepreneurial vs Managerial,Entrepreneurial,startup [startups],0
Shell,2015,Entrepreneurial vs Managerial,Entrepreneurial,startup [startups],0
Shell,2016,Entrepreneurial vs Managerial,Entrepreneurial,startup [startups],1
Shell,2020,Entrepreneurial vs Managerial,Entrepreneurial,startup [startups],0
Shell,2022,Entrepreneurial vs Managerial,Entrepreneurial,startup [startups],0
Shell,2024,Entrepreneurial vs Managerial,Entrepreneurial,startup [startups],0
Shell,2025,Entrepreneurial vs Managerial,Entrepreneurial,startup [startups],1
Amazon,1997,Entrepreneurial vs Managerial,Managerial,"disciplined [discipline, disciplines]",0
Amazon,2016,Entrepreneurial vs Managerial,Managerial,"disciplined [discipline, disciplines]",0
Amazon,2020,Entrepreneurial vs Managerial,Managerial,"disciplined [discipline, disciplines]",0
Amazon,2021,Entrepreneurial vs Managerial,Managerial,"disciplined [discipline, disciplines]",0
Amazon,2022,Entrepreneurial vs Managerial,Managerial,"disciplined [discipline, disciplines]",0
Amazon,2024,Entrepreneurial vs Managerial,Managerial,"disciplined [discipline, disciplines]",0
Amazon,2025,Entrepreneurial vs Managerial,Managerial,"disciplined [discipline, disciplines]",0
Chevron,2013,Entrepreneurial vs Managerial,Managerial,"disciplined [discipline, disciplines]",0
Chevron,2018,Entrepreneurial vs Managerial,Managerial,"disciplined [discipline, disciplines]",2
Chevron,2020,Entrepreneurial vs Managerial,Managerial,"disciplined [discipline, disciplines]",3
Chevron,2021,Entrepreneurial vs Managerial,Managerial,"disciplined [discipline, disciplines]",3
Chevron,2022,Entrepreneurial vs Managerial,Managerial,"disciplined [discipline, disciplines]",1
Chevron,2023,Entrepreneurial vs Managerial,Managerial,"disciplined [discipline, disciplines]",0
Chevron,2024,Entrepreneurial vs Managerial,Managerial,"disciplined [discipline, disciplines]",1
Nvidia,2017,Entrepreneurial vs Managerial,Managerial,"disciplined [discipline, disciplines]",0
Nvidia,2018,Entrepreneurial vs Managerial,Managerial,"disciplined [discipline, disciplines]",0
Nvidia,2020,Entrepreneurial vs Managerial,Managerial,"disciplined [discipline, disciplines]",0
Nvidia,2021,Entrepreneurial vs Managerial,Managerial,"disciplined [discipline, disciplines]",0
Nvidia,2022,Entrepreneurial vs Managerial,Managerial,"disciplined [discipline, disciplines]",0
Nvidia,2023,Entrepreneurial vs Managerial,Managerial,"disciplined [discipline, disciplines]",0
Nvidia,2025,Entrepreneurial vs Managerial,Managerial,"disciplined [discipline, disciplines]",2
Shell,2014,Entrepreneurial vs Managerial,Managerial,"disciplined [discipline, disciplines]",1
Shell,2015,Entrepreneurial vs Managerial,Managerial,"disciplined [discipline, disciplines]",0
Shell,2016,Entrepreneurial vs Managerial,Managerial,"disciplined [discipline, disciplines]",2
Shell,2020,Entrepreneurial vs Managerial,Managerial,"disciplined [discipline, disciplines]",2
Shell,2022,Entrepreneurial vs Managerial,Managerial,"disciplined [discipline, disciplines]",4
Shell,2024,Entrepreneurial vs Managerial,Managerial,"disciplined [discipline, disciplines]",3
Shell,2025,Entrepreneurial vs Managerial,Managerial,"disciplined [discipline, disciplines]",2
Amazon,1997,Entrepreneurial vs Managerial,Managerial,"efficient [efficiency, efficiencies, efficiently]",0
Amazon,2016,Entrepreneurial vs Managerial,Managerial,"efficient [efficiency, efficiencies, efficiently]",0
Amazon,2020,Entrepreneurial vs Managerial,Managerial,"efficient [efficiency, efficiencies, efficiently]",1
Amazon,2021,Entrepreneurial vs Managerial,Managerial,"efficient [efficiency, efficiencies, efficiently]",1
Amazon,2022,Entrepreneurial vs Managerial,Managerial,"efficient [efficiency, efficiencies, efficiently]",4
Amazon,2024,Entrepreneurial vs Managerial,Managerial,"efficient [efficiency, efficiencies, efficiently]",1
Amazon,2025,Entrepreneurial vs Managerial,Managerial,"efficient [efficiency, efficiencies, efficiently]",0
Chevron,2013,Entrepreneurial vs Managerial,Managerial,"efficient [efficiency, efficiencies, efficiently]",0
Chevron,2018,Entrepreneurial vs Managerial,Managerial,"efficient [efficiency, efficiencies, efficiently]",2
Chevron,2020,Entrepreneurial vs Managerial,Managerial,"efficient [efficiency, efficiencies, efficiently]",2
Chevron,2021,Entrepreneurial vs Managerial,Managerial,"efficient [efficiency, efficiencies, efficiently]",0
Chevron,2022,Entrepreneurial vs Managerial,Managerial,"efficient [efficiency, efficiencies, efficiently]",4
Chevron,2023,Entrepreneurial vs Managerial,Managerial,"efficient [efficiency, efficiencies, efficiently]",1
Chevron,2024,Entrepreneurial vs Managerial,Managerial,"efficient [efficiency, efficiencies, efficiently]",1
Nvidia,2017,Entrepreneurial vs Managerial,Managerial,"efficient [efficiency, efficiencies, efficiently]",0
Nvidia,2018,Entrepreneurial vs Managerial,Managerial,"efficient [efficiency, efficiencies, efficiently]",1
Nvidia,2020,Entrepreneurial vs Managerial,Managerial,"efficient [efficiency, efficiencies, efficiently]",0
Nvidia,2021,Entrepreneurial vs Managerial,Managerial,"efficient [efficiency, efficiencies, efficiently]",0
Nvidia,2022,Entrepreneurial vs Managerial,Managerial,"efficient [efficiency, efficiencies, efficiently]",2
Nvidia,2023,Entrepreneurial vs Managerial,Managerial,"efficient [efficiency, efficiencies, efficiently]",0
Nvidia,2025,Entrepreneurial vs Managerial,Managerial,"efficient [efficiency, efficiencies, efficiently]",5
Shell,2014,Entrepreneurial vs Managerial,Managerial,"efficient [efficiency, efficiencies, efficiently]",3
Shell,2015,Entrepreneurial vs Managerial,Managerial,"efficient [efficiency, efficiencies, efficiently]",1
Shell,2016,Entrepreneurial vs Managerial,Managerial,"efficient [efficiency, efficiencies, efficiently]",1
Shell,2020,Entrepreneurial vs Managerial,Managerial,"efficient [efficiency, efficiencies, efficiently]",0
Shell,2022,Entrepreneurial vs Managerial,Managerial,"efficient [efficiency, efficiencies, efficiently]",2
Shell,2024,Entrepreneurial vs Managerial,Managerial,"efficient [efficiency, efficiencies, efficiently]",0
Shell,2025,Entrepreneurial vs Managerial,Managerial,"efficient [efficiency, efficiencies, efficiently]",0
Amazon,1997,Entrepreneurial vs Managerial,Managerial,"productive [productivity, productively] !product, products, production, productions",0
Amazon,2016,Entrepreneurial vs Managerial,Managerial,"productive [productivity, productively] !product, products, production, productions",0
Amazon,2020,Entrepreneurial vs Managerial,Managerial,"productive [productivity, productively] !product, products, production, productions",1
Amazon,2021,Entrepreneurial vs Managerial,Managerial,"productive [productivity, productively] !product, products, production, productions",1
Amazon,2022,Entrepreneurial vs Managerial,Managerial,"productive [productivity, productively] !product, products, production, productions",3
Amazon,2024,Entrepreneurial vs Managerial,Managerial,"productive [productivity, productively] !product, products, production, productions",1
Amazon,2025,Entrepreneurial vs Managerial,Managerial,"productive [productivity, productively] !product, products, production, productions",1
Chevron,2013,Entrepreneurial vs Managerial,Managerial,"productive [productivity, productively] !product, products, production, productions",0
Chevron,2018,Entrepreneurial vs Managerial,Managerial,"productive [productivity, productively] !product, products, production, productions",0
Chevron,2020,Entrepreneurial vs Managerial,Managerial,"productive [productivity, productively] !product, products, production, productions",0
Chevron,2021,Entrepreneurial vs Managerial,Managerial,"productive [productivity, productively] !product, products, production, productions",0
Chevron,2022,Entrepreneurial vs Managerial,Managerial,"productive [productivity, productively] !product, products, production, productions",0
Chevron,2023,Entrepreneurial vs Managerial,Managerial,"productive [productivity, productively] !product, products, production, productions",0
Chevron,2024,Entrepreneurial vs Managerial,Managerial,"productive [productivity, productively] !product, products, production, productions",1
Nvidia,2017,Entrepreneurial vs Managerial,Managerial,"productive [productivity, productively] !product, products, production, productions",0
Nvidia,2018,Entrepreneurial vs Managerial,Managerial,"productive [productivity, productively] !product, products, production, productions",0
Nvidia,2020,Entrepreneurial vs Managerial,Managerial,"productive [productivity, productively] !product, products, production, productions",1
Nvidia,2021,Entrepreneurial vs Managerial,Managerial,"productive [productivity, productively] !product, products, production, productions",3
Nvidia,2022,Entrepreneurial vs Managerial,Managerial,"productive [productivity, productively] !product, products, production, productions",0
Nvidia,2023,Entrepreneurial vs Managerial,Managerial,"productive [productivity, productively] !product, products, production, productions",3
Nvidia,2025,Entrepreneurial vs Managerial,Managerial,"productive [productivity, productively] !product, products, production, productions",1
Shell,2014,Entrepreneurial vs Managerial,Managerial,"productive [productivity, productively] !product, products, production, productions",0
Shell,2015,Entrepreneurial vs Managerial,Managerial,"productive [productivity, productively] !product, products, production, productions",0
Shell,2016,Entrepreneurial vs Managerial,Managerial,"productive [productivity, productively] !product, products, production, productions",0
Shell,2020,Entrepreneurial vs Managerial,Managerial,"productive [productivity, productively] !product, products, production, productions",0
Shell,2022,Entrepreneurial vs Managerial,Managerial,"productive [productivity, productively] !product, products, production, productions",0
Shell,2024,Entrepreneurial vs Managerial,Managerial,"productive [productivity, productively] !product, products, production, productions",0
Shell,2025,Entrepreneurial vs Managerial,Managerial,"productive [productivity, productively] !product, products, production, productions",0
Amazon,1997,Entrepreneurial vs Managerial,Managerial,"process [processes] !processor, processors, processing, processed",2
Amazon,2016,Entrepreneurial vs Managerial,Managerial,"process [processes] !processor, processors, processing, processed",13
Amazon,2020,Entrepreneurial vs Managerial,Managerial,"process [processes] !processor, processors, processing, processed",2
Amazon,2021,Entrepreneurial vs Managerial,Managerial,"process [processes] !processor, processors, processing, processed",3
Amazon,2022,Entrepreneurial vs Managerial,Managerial,"process [processes] !processor, processors, processing, processed",5
Amazon,2024,Entrepreneurial vs Managerial,Managerial,"process [processes] !processor, processors, processing, processed",5
Amazon,2025,Entrepreneurial vs Managerial,Managerial,"process [processes] !processor, processors, processing, processed",1
Chevron,2013,Entrepreneurial vs Managerial,Managerial,"process [processes] !processor, processors, processing, processed",2
Chevron,2018,Entrepreneurial vs Managerial,Managerial,"process [processes] !processor, processors, processing, processed",0
Chevron,2020,Entrepreneurial vs Managerial,Managerial,"process [processes] !processor, processors, processing, processed",1
Chevron,2021,Entrepreneurial vs Managerial,Managerial,"process [processes] !processor, processors, processing, processed",0
Chevron,2022,Entrepreneurial vs Managerial,Managerial,"process [processes] !processor, processors, processing, processed",1
Chevron,2023,Entrepreneurial vs Managerial,Managerial,"process [processes] !processor, processors, processing, processed",1
Chevron,2024,Entrepreneurial vs Managerial,Managerial,"process [processes] !processor, processors, processing, processed",1
Nvidia,2017,Entrepreneurial vs Managerial,Managerial,"process [processes] !processor, processors, processing, processed",0
Nvidia,2018,Entrepreneurial vs Managerial,Managerial,"process [processes] !processor, processors, processing, processed",0
Nvidia,2020,Entrepreneurial vs Managerial,Managerial,"process [processes] !processor, processors, processing, processed",1
Nvidia,2021,Entrepreneurial vs Managerial,Managerial,"process [processes] !processor, processors, processing, processed",2
Nvidia,2022,Entrepreneurial vs Managerial,Managerial,"process [processes] !processor, processors, processing, processed",2
Nvidia,2023,Entrepreneurial vs Managerial,Managerial,"process [processes] !processor, processors, processing, processed",2
Nvidia,2025,Entrepreneurial vs Managerial,Managerial,"process [processes] !processor, processors, processing, processed",1
Shell,2014,Entrepreneurial vs Managerial,Managerial,"process [processes] !processor, processors, processing, processed",0
Shell,2015,Entrepreneurial vs Managerial,Managerial,"process [processes] !processor, processors, processing, processed",0
Shell,2016,Entrepreneurial vs Managerial,Managerial,"process [processes] !processor, processors, processing, processed",0
Shell,2020,Entrepreneurial vs Managerial,Managerial,"process [processes] !processor, processors, processing, processed",1
Shell,2022,Entrepreneurial vs Managerial,Managerial,"process [processes] !processor, processors, processing, processed",1
Shell,2024,Entrepreneurial vs Managerial,Managerial,"process [processes] !processor, processors, processing, processed",1
Shell,2025,Entrepreneurial vs Managerial,Managerial,"process [processes] !processor, processors, processing, processed",0
Amazon,1997,Entrepreneurial vs Managerial,Managerial,"govern [governance, governing, governed] !government, governments, governmental",0
Amazon,2016,Entrepreneurial vs Managerial,Managerial,"govern [governance, governing, governed] !government, governments, governmental",0
Amazon,2020,Entrepreneurial vs Managerial,Managerial,"govern [governance, governing, governed] !government, governments, governmental",0
Amazon,2021,Entrepreneurial vs Managerial,Managerial,"govern [governance, governing, governed] !government, governments, governmental",0
Amazon,2022,Entrepreneurial vs Managerial,Managerial,"govern [governance, governing, governed] !government, governments, governmental",0
Amazon,2024,Entrepreneurial vs Managerial,Managerial,"govern [governance, governing, governed] !government, governments, governmental",0
Amazon,2025,Entrepreneurial vs Managerial,Managerial,"govern [governance, governing, governed] !government, governments, governmental",0
Chevron,2013,Entrepreneurial vs Managerial,Managerial,"govern [governance, governing, governed] !government, governments, governmental",0
Chevron,2018,Entrepreneurial vs Managerial,Managerial,"govern [governance, governing, governed] !government, governments, governmental",1
Chevron,2020,Entrepreneurial vs Managerial,Managerial,"govern [governance, governing, governed] !government, governments, governmental",0
Chevron,2021,Entrepreneurial vs Managerial,Managerial,"govern [governance, governing, governed] !government, governments, governmental",0
Chevron,2022,Entrepreneurial vs Managerial,Managerial,"govern [governance, governing, governed] !government, governments, governmental",0
Chevron,2023,Entrepreneurial vs Managerial,Managerial,"govern [governance, governing, governed] !government, governments, governmental",0
Chevron,2024,Entrepreneurial vs Managerial,Managerial,"govern [governance, governing, governed] !government, governments, governmental",0
Nvidia,2017,Entrepreneurial vs Managerial,Managerial,"govern [governance, governing, governed] !government, governments, governmental",0
Nvidia,2018,Entrepreneurial vs Managerial,Managerial,"govern [governance, governing, governed] !government, governments, governmental",0
Nvidia,2020,Entrepreneurial vs Managerial,Managerial,"govern [governance, governing, governed] !government, governments, governmental",0
Nvidia,2021,Entrepreneurial vs Managerial,Managerial,"govern [governance, governing, governed] !government, governments, governmental",0
Nvidia,2022,Entrepreneurial vs Managerial,Managerial,"govern [governance, governing, governed] !government, governments, governmental",0
Nvidia,2023,Entrepreneurial vs Managerial,Managerial,"govern [governance, governing, governed] !government, governments, governmental",0
Nvidia,2025,Entrepreneurial vs Managerial,Managerial,"govern [governance, governing, governed] !government, governments, governmental",1
Shell,2014,Entrepreneurial vs Managerial,Managerial,"govern [governance, governing, governed] !government, governments, governmental",0
Shell,2015,Entrepreneurial vs Managerial,Managerial,"govern [governance, governing, governed] !government, governments, governmental",0
Shell,2016,Entrepreneurial vs Managerial,Managerial,"govern [governance, governing, governed] !government, governments, governmental",0
Shell,2020,Entrepreneurial vs Managerial,Managerial,"govern [governance, governing, governed] !government, governments, governmental",0
Shell,2022,Entrepreneurial vs Managerial,Managerial,"govern [governance, governing, governed] !government, governments, governmental",0
Shell,2024,Entrepreneurial vs Managerial,Managerial,"govern [governance, governing, governed] !government, governments, governmental",0
Shell,2025,Entrepreneurial vs Managerial,Managerial,"govern [governance, governing, governed] !government, governments, governmental",1
Amazon,1997,Entrepreneurial vs Managerial,Managerial,"cost [costs, costing] !costume, costumes",0
Amazon,2016,Entrepreneurial vs Managerial,Managerial,"cost [costs, costing] !costume, costumes",1
Amazon,2020,Entrepreneurial vs Managerial,Managerial,"cost [costs, costing] !costume, costumes",7
Amazon,2021,Entrepreneurial vs Managerial,Managerial,"cost [costs, costing] !costume, costumes",3
Amazon,2022,Entrepreneurial vs Managerial,Managerial,"cost [costs, costing] !costume, costumes",15
Amazon,2024,Entrepreneurial vs Managerial,Managerial,"cost [costs, costing] !costume, costumes",7
Amazon,2025,Entrepreneurial vs Managerial,Managerial,"cost [costs, costing] !costume, costumes",4
Chevron,2013,Entrepreneurial vs Managerial,Managerial,"cost [costs, costing] !costume, costumes",0
Chevron,2018,Entrepreneurial vs Managerial,Managerial,"cost [costs, costing] !costume, costumes",1
Chevron,2020,Entrepreneurial vs Managerial,Managerial,"cost [costs, costing] !costume, costumes",5
Chevron,2021,Entrepreneurial vs Managerial,Managerial,"cost [costs, costing] !costume, costumes",1
Chevron,2022,Entrepreneurial vs Managerial,Managerial,"cost [costs, costing] !costume, costumes",2
Chevron,2023,Entrepreneurial vs Managerial,Managerial,"cost [costs, costing] !costume, costumes",0
Chevron,2024,Entrepreneurial vs Managerial,Managerial,"cost [costs, costing] !costume, costumes",0
Nvidia,2017,Entrepreneurial vs Managerial,Managerial,"cost [costs, costing] !costume, costumes",0
Nvidia,2018,Entrepreneurial vs Managerial,Managerial,"cost [costs, costing] !costume, costumes",0
Nvidia,2020,Entrepreneurial vs Managerial,Managerial,"cost [costs, costing] !costume, costumes",2
Nvidia,2021,Entrepreneurial vs Managerial,Managerial,"cost [costs, costing] !costume, costumes",0
Nvidia,2022,Entrepreneurial vs Managerial,Managerial,"cost [costs, costing] !costume, costumes",0
Nvidia,2023,Entrepreneurial vs Managerial,Managerial,"cost [costs, costing] !costume, costumes",2
Nvidia,2025,Entrepreneurial vs Managerial,Managerial,"cost [costs, costing] !costume, costumes",4
Shell,2014,Entrepreneurial vs Managerial,Managerial,"cost [costs, costing] !costume, costumes",5
Shell,2015,Entrepreneurial vs Managerial,Managerial,"cost [costs, costing] !costume, costumes",3
Shell,2016,Entrepreneurial vs Managerial,Managerial,"cost [costs, costing] !costume, costumes",5
Shell,2020,Entrepreneurial vs Managerial,Managerial,"cost [costs, costing] !costume, costumes",1
Shell,2022,Entrepreneurial vs Managerial,Managerial,"cost [costs, costing] !costume, costumes",2
Shell,2024,Entrepreneurial vs Managerial,Managerial,"cost [costs, costing] !costume, costumes",2
Shell,2025,Entrepreneurial vs Managerial,Managerial,"cost [costs, costing] !costume, costumes",2
Amazon,1997,Entrepreneurial vs Managerial,Managerial,"control [controls, controlling, controlled]",0
Amazon,2016,Entrepreneurial vs Managerial,Managerial,"control [controls, controlling, controlled]",0
Amazon,2020,Entrepreneurial vs Managerial,Managerial,"control [controls, controlling, controlled]",0
Amazon,2021,Entrepreneurial vs Managerial,Managerial,"control [controls, controlling, controlled]",1
Amazon,2022,Entrepreneurial vs Managerial,Managerial,"control [controls, controlling, controlled]",2
Amazon,2024,Entrepreneurial vs Managerial,Managerial,"control [controls, controlling, controlled]",1
Amazon,2025,Entrepreneurial vs Managerial,Managerial,"control [controls, controlling, controlled]",0
Chevron,2013,Entrepreneurial vs Managerial,Managerial,"control [controls, controlling, controlled]",0
Chevron,2018,Entrepreneurial vs Managerial,Managerial,"control [controls, controlling, controlled]",0
Chevron,2020,Entrepreneurial vs Managerial,Managerial,"control [controls, controlling, controlled]",0
Chevron,2021,Entrepreneurial vs Managerial,Managerial,"control [controls, controlling, controlled]",0
Chevron,2022,Entrepreneurial vs Managerial,Managerial,"control [controls, controlling, controlled]",0
Chevron,2023,Entrepreneurial vs Managerial,Managerial,"control [controls, controlling, controlled]",0
Chevron,2024,Entrepreneurial vs Managerial,Managerial,"control [controls, controlling, controlled]",0
Nvidia,2017,Entrepreneurial vs Managerial,Managerial,"control [controls, controlling, controlled]",1
Nvidia,2018,Entrepreneurial vs Managerial,Managerial,"control [controls, controlling, controlled]",0
Nvidia,2020,Entrepreneurial vs Managerial,Managerial,"control [controls, controlling, controlled]",0
Nvidia,2021,Entrepreneurial vs Managerial,Managerial,"control [controls, controlling, controlled]",0
Nvidia,2022,Entrepreneurial vs Managerial,Managerial,"control [controls, controlling, controlled]",0
Nvidia,2023,Entrepreneurial vs Managerial,Managerial,"control [controls, controlling, controlled]",0
Nvidia,2025,Entrepreneurial vs Managerial,Managerial,"control [controls, controlling, controlled]",0
Shell,2014,Entrepreneurial vs Managerial,Managerial,"control [controls, controlling, controlled]",1
Shell,2015,Entrepreneurial vs Managerial,Managerial,"control [controls, controlling, controlled]",0
Shell,2016,Entrepreneurial vs Managerial,Managerial,"control [controls, controlling, controlled]",0
Shell,2020,Entrepreneurial vs Managerial,Managerial,"control [controls, controlling, controlled]",0
Shell,2022,Entrepreneurial vs Managerial,Managerial,"control [controls, controlling, controlled]",0
Shell,2024,Entrepreneurial vs Managerial,Managerial,"control [controls, controlling, controlled]",1
Shell,2025,Entrepreneurial vs Managerial,Managerial,"control [controls, controlling, controlled]",0
Amazon,1997,Entrepreneurial vs Managerial,Managerial,capital discipline,0
Amazon,2016,Entrepreneurial vs Managerial,Managerial,capital discipline,0
Amazon,2020,Entrepreneurial vs Managerial,Managerial,capital discipline,0
Amazon,2021,Entrepreneurial vs Managerial,Managerial,capital discipline,0
Amazon,2022,Entrepreneurial vs Managerial,Managerial,capital discipline,0
Amazon,2024,Entrepreneurial vs Managerial,Managerial,capital discipline,0
Amazon,2025,Entrepreneurial vs Managerial,Managerial,capital discipline,0
Chevron,2013,Entrepreneurial vs Managerial,Managerial,capital discipline,0
Chevron,2018,Entrepreneurial vs Managerial,Managerial,capital discipline,0
Chevron,2020,Entrepreneurial vs Managerial,Managerial,capital discipline,0
Chevron,2021,Entrepreneurial vs Managerial,Managerial,capital discipline,1
Chevron,2022,Entrepreneurial vs Managerial,Managerial,capital discipline,0
Chevron,2023,Entrepreneurial vs Managerial,Managerial,capital discipline,0
Chevron,2024,Entrepreneurial vs Managerial,Managerial,capital discipline,0
Nvidia,2017,Entrepreneurial vs Managerial,Managerial,capital discipline,0
Nvidia,2018,Entrepreneurial vs Managerial,Managerial,capital discipline,0
Nvidia,2020,Entrepreneurial vs Managerial,Managerial,capital discipline,0
Nvidia,2021,Entrepreneurial vs Managerial,Managerial,capital discipline,0
Nvidia,2022,Entrepreneurial vs Managerial,Managerial,capital discipline,0
Nvidia,2023,Entrepreneurial vs Managerial,Managerial,capital discipline,0
Nvidia,2025,Entrepreneurial vs Managerial,Managerial,capital discipline,0
Shell,2014,Entrepreneurial vs Managerial,Managerial,capital discipline,0
Shell,2015,Entrepreneurial vs Managerial,Managerial,capital discipline,0
Shell,2016,Entrepreneurial vs Managerial,Managerial,capital discipline,2
Shell,2020,Entrepreneurial vs Managerial,Managerial,capital discipline,0
Shell,2022,Entrepreneurial vs Managerial,Managerial,capital discipline,1
Shell,2024,Entrepreneurial vs Managerial,Managerial,capital discipline,0
Shell,2025,Entrepreneurial vs Managerial,Managerial,capital discipline,0
Amazon,1997,Entrepreneurial vs Managerial,Managerial,"reliable [reliability, reliably]",0
Amazon,2016,Entrepreneurial vs Managerial,Managerial,"reliable [reliability, reliably]",0
Amazon,2020,Entrepreneurial vs Managerial,Managerial,"reliable [reliability, reliably]",0
Amazon,2021,Entrepreneurial vs Managerial,Managerial,"reliable [reliability, reliably]",1
Amazon,2022,Entrepreneurial vs Managerial,Managerial,"reliable [reliability, reliably]",2
Amazon,2024,Entrepreneurial vs Managerial,Managerial,"reliable [reliability, reliably]",0
Amazon,2025,Entrepreneurial vs Managerial,Managerial,"reliable [reliability, reliably]",1
Chevron,2013,Entrepreneurial vs Managerial,Managerial,"reliable [reliability, reliably]",1
Chevron,2018,Entrepreneurial vs Managerial,Managerial,"reliable [reliability, reliably]",4
Chevron,2020,Entrepreneurial vs Managerial,Managerial,"reliable [reliability, reliably]",2
Chevron,2021,Entrepreneurial vs Managerial,Managerial,"reliable [reliability, reliably]",2
Chevron,2022,Entrepreneurial vs Managerial,Managerial,"reliable [reliability, reliably]",2
Chevron,2023,Entrepreneurial vs Managerial,Managerial,"reliable [reliability, reliably]",1
Chevron,2024,Entrepreneurial vs Managerial,Managerial,"reliable [reliability, reliably]",3
Nvidia,2017,Entrepreneurial vs Managerial,Managerial,"reliable [reliability, reliably]",0
Nvidia,2018,Entrepreneurial vs Managerial,Managerial,"reliable [reliability, reliably]",0
Nvidia,2020,Entrepreneurial vs Managerial,Managerial,"reliable [reliability, reliably]",1
Nvidia,2021,Entrepreneurial vs Managerial,Managerial,"reliable [reliability, reliably]",0
Nvidia,2022,Entrepreneurial vs Managerial,Managerial,"reliable [reliability, reliably]",0
Nvidia,2023,Entrepreneurial vs Managerial,Managerial,"reliable [reliability, reliably]",0
Nvidia,2025,Entrepreneurial vs Managerial,Managerial,"reliable [reliability, reliably]",1
Shell,2014,Entrepreneurial vs Managerial,Managerial,"reliable [reliability, reliably]",0
Shell,2015,Entrepreneurial vs Managerial,Managerial,"reliable [reliability, reliably]",0
Shell,2016,Entrepreneurial vs Managerial,Managerial,"reliable [reliability, reliably]",0
Shell,2020,Entrepreneurial vs Managerial,Managerial,"reliable [reliability, reliably]",0
Shell,2022,Entrepreneurial vs Managerial,Managerial,"reliable [reliability, reliably]",0
Shell,2024,Entrepreneurial vs Managerial,Managerial,"reliable [reliability, reliably]",0
Shell,2025,Entrepreneurial vs Managerial,Managerial,"reliable [reliability, reliably]",2
Amazon,1997,Entrepreneurial vs Managerial,Managerial,safety,0
Amazon,2016,Entrepreneurial vs Managerial,Managerial,safety,0
Amazon,2020,Entrepreneurial vs Managerial,Managerial,safety,5
Amazon,2021,Entrepreneurial vs Managerial,Managerial,safety,3
Amazon,2022,Entrepreneurial vs Managerial,Managerial,safety,0
Amazon,2024,Entrepreneurial vs Managerial,Managerial,safety,0
Amazon,2025,Entrepreneurial vs Managerial,Managerial,safety,0
Chevron,2013,Entrepreneurial vs Managerial,Managerial,safety,5
Chevron,2018,Entrepreneurial vs Managerial,Managerial,safety,4
Chevron,2020,Entrepreneurial vs Managerial,Managerial,safety,0
Chevron,2021,Entrepreneurial vs Managerial,Managerial,safety,0
Chevron,2022,Entrepreneurial vs Managerial,Managerial,safety,0
Chevron,2023,Entrepreneurial vs Managerial,Managerial,safety,0
Chevron,2024,Entrepreneurial vs Managerial,Managerial,safety,0
Nvidia,2017,Entrepreneurial vs Managerial,Managerial,safety,0
Nvidia,2018,Entrepreneurial vs Managerial,Managerial,safety,0
Nvidia,2020,Entrepreneurial vs Managerial,Managerial,safety,5
Nvidia,2021,Entrepreneurial vs Managerial,Managerial,safety,2
Nvidia,2022,Entrepreneurial vs Managerial,Managerial,safety,0
Nvidia,2023,Entrepreneurial vs Managerial,Managerial,safety,4
Nvidia,2025,Entrepreneurial vs Managerial,Managerial,safety,2
Shell,2014,Entrepreneurial vs Managerial,Managerial,safety,1
Shell,2015,Entrepreneurial vs Managerial,Managerial,safety,1
Shell,2016,Entrepreneurial vs Managerial,Managerial,safety,2
Shell,2020,Entrepreneurial vs Managerial,Managerial,safety,2
Shell,2022,Entrepreneurial vs Managerial,Managerial,safety,2
Shell,2024,Entrepreneurial vs Managerial,Managerial,safety,3
Shell,2025,Entrepreneurial vs Managerial,Managerial,safety,2
Amazon,1997,Internal vs External innovation,Internal innovation,"invent [invention, inventions, inventing, invented] !inventory, inventories",0
Amazon,2016,Internal vs External innovation,Internal innovation,"invent [invention, inventions, inventing, invented] !inventory, inventories",2
Amazon,2020,Internal vs External innovation,Internal innovation,"invent [invention, inventions, inventing, invented] !inventory, inventories",5
Amazon,2021,Internal vs External innovation,Internal innovation,"invent [invention, inventions, inventing, invented] !inventory, inventories",22
Amazon,2022,Internal vs External innovation,Internal innovation,"invent [invention, inventions, inventing, invented] !inventory, inventories",14
Amazon,2024,Internal vs External innovation,Internal innovation,"invent [invention, inventions, inventing, invented] !inventory, inventories",18
Amazon,2025,Internal vs External innovation,Internal innovation,"invent [invention, inventions, inventing, invented] !inventory, inventories",13
Chevron,2013,Internal vs External innovation,Internal innovation,"invent [invention, inventions, inventing, invented] !inventory, inventories",0
Chevron,2018,Internal vs External innovation,Internal innovation,"invent [invention, inventions, inventing, invented] !inventory, inventories",0
Chevron,2020,Internal vs External innovation,Internal innovation,"invent [invention, inventions, inventing, invented] !inventory, inventories",0
Chevron,2021,Internal vs External innovation,Internal innovation,"invent [invention, inventions, inventing, invented] !inventory, inventories",0
Chevron,2022,Internal vs External innovation,Internal innovation,"invent [invention, inventions, inventing, invented] !inventory, inventories",0
Chevron,2023,Internal vs External innovation,Internal innovation,"invent [invention, inventions, inventing, invented] !inventory, inventories",0
Chevron,2024,Internal vs External innovation,Internal innovation,"invent [invention, inventions, inventing, invented] !inventory, inventories",0
Nvidia,2017,Internal vs External innovation,Internal innovation,"invent [invention, inventions, inventing, invented] !inventory, inventories",0
Nvidia,2018,Internal vs External innovation,Internal innovation,"invent [invention, inventions, inventing, invented] !inventory, inventories",0
Nvidia,2020,Internal vs External innovation,Internal innovation,"invent [invention, inventions, inventing, invented] !inventory, inventories",5
Nvidia,2021,Internal vs External innovation,Internal innovation,"invent [invention, inventions, inventing, invented] !inventory, inventories",8
Nvidia,2022,Internal vs External innovation,Internal innovation,"invent [invention, inventions, inventing, invented] !inventory, inventories",2
Nvidia,2023,Internal vs External innovation,Internal innovation,"invent [invention, inventions, inventing, invented] !inventory, inventories",3
Nvidia,2025,Internal vs External innovation,Internal innovation,"invent [invention, inventions, inventing, invented] !inventory, inventories",0
Shell,2014,Internal vs External innovation,Internal innovation,"invent [invention, inventions, inventing, invented] !inventory, inventories",0
Shell,2015,Internal vs External innovation,Internal innovation,"invent [invention, inventions, inventing, invented] !inventory, inventories",0
Shell,2016,Internal vs External innovation,Internal innovation,"invent [invention, inventions, inventing, invented] !inventory, inventories",0
Shell,2020,Internal vs External innovation,Internal innovation,"invent [invention, inventions, inventing, invented] !inventory, inventories",0
Shell,2022,Internal vs External innovation,Internal innovation,"invent [invention, inventions, inventing, invented] !inventory, inventories",0
Shell,2024,Internal vs External innovation,Internal innovation,"invent [invention, inventions, inventing, invented] !inventory, inventories",0
Shell,2025,Internal vs External innovation,Internal innovation,"invent [invention, inventions, inventing, invented] !inventory, inventories",0
Amazon,1997,Internal vs External innovation,Internal innovation,R&D,0
Amazon,2016,Internal vs External innovation,Internal innovation,R&D,0
Amazon,2020,Internal vs External innovation,Internal innovation,R&D,0
Amazon,2021,Internal vs External innovation,Internal innovation,R&D,0
Amazon,2022,Internal vs External innovation,Internal innovation,R&D,0
Amazon,2024,Internal vs External innovation,Internal innovation,R&D,0
Amazon,2025,Internal vs External innovation,Internal innovation,R&D,0
Chevron,2013,Internal vs External innovation,Internal innovation,R&D,0
Chevron,2018,Internal vs External innovation,Internal innovation,R&D,0
Chevron,2020,Internal vs External innovation,Internal innovation,R&D,0
Chevron,2021,Internal vs External innovation,Internal innovation,R&D,0
Chevron,2022,Internal vs External innovation,Internal innovation,R&D,0
Chevron,2023,Internal vs External innovation,Internal innovation,R&D,0
Chevron,2024,Internal vs External innovation,Internal innovation,R&D,0
Nvidia,2017,Internal vs External innovation,Internal innovation,R&D,0
Nvidia,2018,Internal vs External innovation,Internal innovation,R&D,0
Nvidia,2020,Internal vs External innovation,Internal innovation,R&D,1
Nvidia,2021,Internal vs External innovation,Internal innovation,R&D,0
Nvidia,2022,Internal vs External innovation,Internal innovation,R&D,0
Nvidia,2023,Internal vs External innovation,Internal innovation,R&D,1
Nvidia,2025,Internal vs External innovation,Internal innovation,R&D,0
Shell,2014,Internal vs External innovation,Internal innovation,R&D,0
Shell,2015,Internal vs External innovation,Internal innovation,R&D,0
Shell,2016,Internal vs External innovation,Internal innovation,R&D,0
Shell,2020,Internal vs External innovation,Internal innovation,R&D,0
Shell,2022,Internal vs External innovation,Internal innovation,R&D,0
Shell,2024,Internal vs External innovation,Internal innovation,R&D,0
Shell,2025,Internal vs External innovation,Internal innovation,R&D,0
Amazon,1997,Internal vs External innovation,Internal innovation,"research [researcher, researchers, researching, researched]",0
Amazon,2016,Internal vs External innovation,Internal innovation,"research [researcher, researchers, researching, researched]",2
Amazon,2020,Internal vs External innovation,Internal innovation,"research [researcher, researchers, researching, researched]",1
Amazon,2021,Internal vs External innovation,Internal innovation,"research [researcher, researchers, researching, researched]",1
Amazon,2022,Internal vs External innovation,Internal innovation,"research [researcher, researchers, researching, researched]",0
Amazon,2024,Internal vs External innovation,Internal innovation,"research [researcher, researchers, researching, researched]",2
Amazon,2025,Internal vs External innovation,Internal innovation,"research [researcher, researchers, researching, researched]",0
Chevron,2013,Internal vs External innovation,Internal innovation,"research [researcher, researchers, researching, researched]",0
Chevron,2018,Internal vs External innovation,Internal innovation,"research [researcher, researchers, researching, researched]",0
Chevron,2020,Internal vs External innovation,Internal innovation,"research [researcher, researchers, researching, researched]",0
Chevron,2021,Internal vs External innovation,Internal innovation,"research [researcher, researchers, researching, researched]",0
Chevron,2022,Internal vs External innovation,Internal innovation,"research [researcher, researchers, researching, researched]",1
Chevron,2023,Internal vs External innovation,Internal innovation,"research [researcher, researchers, researching, researched]",0
Chevron,2024,Internal vs External innovation,Internal innovation,"research [researcher, researchers, researching, researched]",0
Nvidia,2017,Internal vs External innovation,Internal innovation,"research [researcher, researchers, researching, researched]",3
Nvidia,2018,Internal vs External innovation,Internal innovation,"research [researcher, researchers, researching, researched]",1
Nvidia,2020,Internal vs External innovation,Internal innovation,"research [researcher, researchers, researching, researched]",8
Nvidia,2021,Internal vs External innovation,Internal innovation,"research [researcher, researchers, researching, researched]",8
Nvidia,2022,Internal vs External innovation,Internal innovation,"research [researcher, researchers, researching, researched]",4
Nvidia,2023,Internal vs External innovation,Internal innovation,"research [researcher, researchers, researching, researched]",5
Nvidia,2025,Internal vs External innovation,Internal innovation,"research [researcher, researchers, researching, researched]",3
Shell,2014,Internal vs External innovation,Internal innovation,"research [researcher, researchers, researching, researched]",0
Shell,2015,Internal vs External innovation,Internal innovation,"research [researcher, researchers, researching, researched]",0
Shell,2016,Internal vs External innovation,Internal innovation,"research [researcher, researchers, researching, researched]",0
Shell,2020,Internal vs External innovation,Internal innovation,"research [researcher, researchers, researching, researched]",0
Shell,2022,Internal vs External innovation,Internal innovation,"research [researcher, researchers, researching, researched]",0
Shell,2024,Internal vs External innovation,Internal innovation,"research [researcher, researchers, researching, researched]",0
Shell,2025,Internal vs External innovation,Internal innovation,"research [researcher, researchers, researching, researched]",0
Amazon,1997,Internal vs External innovation,Internal innovation,"engineer [engineering, engineered, engineers] !engine, engines",0
Amazon,2016,Internal vs External innovation,Internal innovation,"engineer [engineering, engineered, engineers] !engine, engines",0
Amazon,2020,Internal vs External innovation,Internal innovation,"engineer [engineering, engineered, engineers] !engine, engines",0
Amazon,2021,Internal vs External innovation,Internal innovation,"engineer [engineering, engineered, engineers] !engine, engines",0
Amazon,2022,Internal vs External innovation,Internal innovation,"engineer [engineering, engineered, engineers] !engine, engines",0
Amazon,2024,Internal vs External innovation,Internal innovation,"engineer [engineering, engineered, engineers] !engine, engines",0
Amazon,2025,Internal vs External innovation,Internal innovation,"engineer [engineering, engineered, engineers] !engine, engines",1
Chevron,2013,Internal vs External innovation,Internal innovation,"engineer [engineering, engineered, engineers] !engine, engines",0
Chevron,2018,Internal vs External innovation,Internal innovation,"engineer [engineering, engineered, engineers] !engine, engines",0
Chevron,2020,Internal vs External innovation,Internal innovation,"engineer [engineering, engineered, engineers] !engine, engines",0
Chevron,2021,Internal vs External innovation,Internal innovation,"engineer [engineering, engineered, engineers] !engine, engines",1
Chevron,2022,Internal vs External innovation,Internal innovation,"engineer [engineering, engineered, engineers] !engine, engines",0
Chevron,2023,Internal vs External innovation,Internal innovation,"engineer [engineering, engineered, engineers] !engine, engines",0
Chevron,2024,Internal vs External innovation,Internal innovation,"engineer [engineering, engineered, engineers] !engine, engines",1
Nvidia,2017,Internal vs External innovation,Internal innovation,"engineer [engineering, engineered, engineers] !engine, engines",0
Nvidia,2018,Internal vs External innovation,Internal innovation,"engineer [engineering, engineered, engineers] !engine, engines",1
Nvidia,2020,Internal vs External innovation,Internal innovation,"engineer [engineering, engineered, engineers] !engine, engines",1
Nvidia,2021,Internal vs External innovation,Internal innovation,"engineer [engineering, engineered, engineers] !engine, engines",4
Nvidia,2022,Internal vs External innovation,Internal innovation,"engineer [engineering, engineered, engineers] !engine, engines",1
Nvidia,2023,Internal vs External innovation,Internal innovation,"engineer [engineering, engineered, engineers] !engine, engines",1
Nvidia,2025,Internal vs External innovation,Internal innovation,"engineer [engineering, engineered, engineers] !engine, engines",3
Shell,2014,Internal vs External innovation,Internal innovation,"engineer [engineering, engineered, engineers] !engine, engines",0
Shell,2015,Internal vs External innovation,Internal innovation,"engineer [engineering, engineered, engineers] !engine, engines",0
Shell,2016,Internal vs External innovation,Internal innovation,"engineer [engineering, engineered, engineers] !engine, engines",0
Shell,2020,Internal vs External innovation,Internal innovation,"engineer [engineering, engineered, engineers] !engine, engines",0
Shell,2022,Internal vs External innovation,Internal innovation,"engineer [engineering, engineered, engineers] !engine, engines",0
Shell,2024,Internal vs External innovation,Internal innovation,"engineer [engineering, engineered, engineers] !engine, engines",0
Shell,2025,Internal vs External innovation,Internal innovation,"engineer [engineering, engineered, engineers] !engine, engines",0
Amazon,1997,Internal vs External innovation,Internal innovation,"build [builds, built, building, builder, builders] !buildings",3
Amazon,2016,Internal vs External innovation,Internal innovation,"build [builds, built, building, builder, builders] !buildings",1
Amazon,2020,Internal vs External innovation,Internal innovation,"build [builds, built, building, builder, builders] !buildings",3
Amazon,2021,Internal vs External innovation,Internal innovation,"build [builds, built, building, builder, builders] !buildings",14
Amazon,2022,Internal vs External innovation,Internal innovation,"build [builds, built, building, builder, builders] !buildings",15
Amazon,2024,Internal vs External innovation,Internal innovation,"build [builds, built, building, builder, builders] !buildings",24
Amazon,2025,Internal vs External innovation,Internal innovation,"build [builds, built, building, builder, builders] !buildings",20
Chevron,2013,Internal vs External innovation,Internal innovation,"build [builds, built, building, builder, builders] !buildings",1
Chevron,2018,Internal vs External innovation,Internal innovation,"build [builds, built, building, builder, builders] !buildings",4
Chevron,2020,Internal vs External innovation,Internal innovation,"build [builds, built, building, builder, builders] !buildings",3
Chevron,2021,Internal vs External innovation,Internal innovation,"build [builds, built, building, builder, builders] !buildings",4
Chevron,2022,Internal vs External innovation,Internal innovation,"build [builds, built, building, builder, builders] !buildings",1
Chevron,2023,Internal vs External innovation,Internal innovation,"build [builds, built, building, builder, builders] !buildings",3
Chevron,2024,Internal vs External innovation,Internal innovation,"build [builds, built, building, builder, builders] !buildings",0
Nvidia,2017,Internal vs External innovation,Internal innovation,"build [builds, built, building, builder, builders] !buildings",5
Nvidia,2018,Internal vs External innovation,Internal innovation,"build [builds, built, building, builder, builders] !buildings",10
Nvidia,2020,Internal vs External innovation,Internal innovation,"build [builds, built, building, builder, builders] !buildings",9
Nvidia,2021,Internal vs External innovation,Internal innovation,"build [builds, built, building, builder, builders] !buildings",15
Nvidia,2022,Internal vs External innovation,Internal innovation,"build [builds, built, building, builder, builders] !buildings",7
Nvidia,2023,Internal vs External innovation,Internal innovation,"build [builds, built, building, builder, builders] !buildings",14
Nvidia,2025,Internal vs External innovation,Internal innovation,"build [builds, built, building, builder, builders] !buildings",25
Shell,2014,Internal vs External innovation,Internal innovation,"build [builds, built, building, builder, builders] !buildings",0
Shell,2015,Internal vs External innovation,Internal innovation,"build [builds, built, building, builder, builders] !buildings",0
Shell,2016,Internal vs External innovation,Internal innovation,"build [builds, built, building, builder, builders] !buildings",2
Shell,2020,Internal vs External innovation,Internal innovation,"build [builds, built, building, builder, builders] !buildings",0
Shell,2022,Internal vs External innovation,Internal innovation,"build [builds, built, building, builder, builders] !buildings",2
Shell,2024,Internal vs External innovation,Internal innovation,"build [builds, built, building, builder, builders] !buildings",4
Shell,2025,Internal vs External innovation,Internal innovation,"build [builds, built, building, builder, builders] !buildings",3
Amazon,1997,Internal vs External innovation,Internal innovation,"develop [development, developments, developed, developing, developer, developers]",0
Amazon,2016,Internal vs External innovation,Internal innovation,"develop [development, developments, developed, developing, developer, developers]",2
Amazon,2020,Internal vs External innovation,Internal innovation,"develop [development, developments, developed, developing, developer, developers]",3
Amazon,2021,Internal vs External innovation,Internal innovation,"develop [development, developments, developed, developing, developer, developers]",5
Amazon,2022,Internal vs External innovation,Internal innovation,"develop [development, developments, developed, developing, developer, developers]",4
Amazon,2024,Internal vs External innovation,Internal innovation,"develop [development, developments, developed, developing, developer, developers]",3
Amazon,2025,Internal vs External innovation,Internal innovation,"develop [development, developments, developed, developing, developer, developers]",0
Chevron,2013,Internal vs External innovation,Internal innovation,"develop [development, developments, developed, developing, developer, developers]",1
Chevron,2018,Internal vs External innovation,Internal innovation,"develop [development, developments, developed, developing, developer, developers]",3
Chevron,2020,Internal vs External innovation,Internal innovation,"develop [development, developments, developed, developing, developer, developers]",1
Chevron,2021,Internal vs External innovation,Internal innovation,"develop [development, developments, developed, developing, developer, developers]",4
Chevron,2022,Internal vs External innovation,Internal innovation,"develop [development, developments, developed, developing, developer, developers]",3
Chevron,2023,Internal vs External innovation,Internal innovation,"develop [development, developments, developed, developing, developer, developers]",2
Chevron,2024,Internal vs External innovation,Internal innovation,"develop [development, developments, developed, developing, developer, developers]",1
Nvidia,2017,Internal vs External innovation,Internal innovation,"develop [development, developments, developed, developing, developer, developers]",0
Nvidia,2018,Internal vs External innovation,Internal innovation,"develop [development, developments, developed, developing, developer, developers]",3
Nvidia,2020,Internal vs External innovation,Internal innovation,"develop [development, developments, developed, developing, developer, developers]",10
Nvidia,2021,Internal vs External innovation,Internal innovation,"develop [development, developments, developed, developing, developer, developers]",9
Nvidia,2022,Internal vs External innovation,Internal innovation,"develop [development, developments, developed, developing, developer, developers]",15
Nvidia,2023,Internal vs External innovation,Internal innovation,"develop [development, developments, developed, developing, developer, developers]",9
Nvidia,2025,Internal vs External innovation,Internal innovation,"develop [development, developments, developed, developing, developer, developers]",7
Shell,2014,Internal vs External innovation,Internal innovation,"develop [development, developments, developed, developing, developer, developers]",2
Shell,2015,Internal vs External innovation,Internal innovation,"develop [development, developments, developed, developing, developer, developers]",1
Shell,2016,Internal vs External innovation,Internal innovation,"develop [development, developments, developed, developing, developer, developers]",1
Shell,2020,Internal vs External innovation,Internal innovation,"develop [development, developments, developed, developing, developer, developers]",4
Shell,2022,Internal vs External innovation,Internal innovation,"develop [development, developments, developed, developing, developer, developers]",0
Shell,2024,Internal vs External innovation,Internal innovation,"develop [development, developments, developed, developing, developer, developers]",1
Shell,2025,Internal vs External innovation,Internal innovation,"develop [development, developments, developed, developing, developer, developers]",2
Amazon,1997,Internal vs External innovation,Internal innovation,technology development,0
Amazon,2016,Internal vs External innovation,Internal innovation,technology development,0
Amazon,2020,Internal vs External innovation,Internal innovation,technology development,0
Amazon,2021,Internal vs External innovation,Internal innovation,technology development,0
Amazon,2022,Internal vs External innovation,Internal innovation,technology development,0
Amazon,2024,Internal vs External innovation,Internal innovation,technology development,0
Amazon,2025,Internal vs External innovation,Internal innovation,technology development,0
Chevron,2013,Internal vs External innovation,Internal innovation,technology development,0
Chevron,2018,Internal vs External innovation,Internal innovation,technology development,0
Chevron,2020,Internal vs External innovation,Internal innovation,technology development,0
Chevron,2021,Internal vs External innovation,Internal innovation,technology development,0
Chevron,2022,Internal vs External innovation,Internal innovation,technology development,1
Chevron,2023,Internal vs External innovation,Internal innovation,technology development,0
Chevron,2024,Internal vs External innovation,Internal innovation,technology development,0
Nvidia,2017,Internal vs External innovation,Internal innovation,technology development,0
Nvidia,2018,Internal vs External innovation,Internal innovation,technology development,0
Nvidia,2020,Internal vs External innovation,Internal innovation,technology development,0
Nvidia,2021,Internal vs External innovation,Internal innovation,technology development,0
Nvidia,2022,Internal vs External innovation,Internal innovation,technology development,0
Nvidia,2023,Internal vs External innovation,Internal innovation,technology development,0
Nvidia,2025,Internal vs External innovation,Internal innovation,technology development,0
Shell,2014,Internal vs External innovation,Internal innovation,technology development,0
Shell,2015,Internal vs External innovation,Internal innovation,technology development,0
Shell,2016,Internal vs External innovation,Internal innovation,technology development,0
Shell,2020,Internal vs External innovation,Internal innovation,technology development,0
Shell,2022,Internal vs External innovation,Internal innovation,technology development,0
Shell,2024,Internal vs External innovation,Internal innovation,technology development,0
Shell,2025,Internal vs External innovation,Internal innovation,technology development,0
Amazon,1997,Internal vs External innovation,External innovation,"acquire [acquisition, acquisitions, acquired, acquiring, acquires]",1
Amazon,2016,Internal vs External innovation,External innovation,"acquire [acquisition, acquisitions, acquired, acquiring, acquires]",0
Amazon,2020,Internal vs External innovation,External innovation,"acquire [acquisition, acquisitions, acquired, acquiring, acquires]",0
Amazon,2021,Internal vs External innovation,External innovation,"acquire [acquisition, acquisitions, acquired, acquiring, acquires]",0
Amazon,2022,Internal vs External innovation,External innovation,"acquire [acquisition, acquisitions, acquired, acquiring, acquires]",2
Amazon,2024,Internal vs External innovation,External innovation,"acquire [acquisition, acquisitions, acquired, acquiring, acquires]",0
Amazon,2025,Internal vs External innovation,External innovation,"acquire [acquisition, acquisitions, acquired, acquiring, acquires]",1
Chevron,2013,Internal vs External innovation,External innovation,"acquire [acquisition, acquisitions, acquired, acquiring, acquires]",1
Chevron,2018,Internal vs External innovation,External innovation,"acquire [acquisition, acquisitions, acquired, acquiring, acquires]",1
Chevron,2020,Internal vs External innovation,External innovation,"acquire [acquisition, acquisitions, acquired, acquiring, acquires]",5
Chevron,2021,Internal vs External innovation,External innovation,"acquire [acquisition, acquisitions, acquired, acquiring, acquires]",3
Chevron,2022,Internal vs External innovation,External innovation,"acquire [acquisition, acquisitions, acquired, acquiring, acquires]",2
Chevron,2023,Internal vs External innovation,External innovation,"acquire [acquisition, acquisitions, acquired, acquiring, acquires]",6
Chevron,2024,Internal vs External innovation,External innovation,"acquire [acquisition, acquisitions, acquired, acquiring, acquires]",0
Nvidia,2017,Internal vs External innovation,External innovation,"acquire [acquisition, acquisitions, acquired, acquiring, acquires]",0
Nvidia,2018,Internal vs External innovation,External innovation,"acquire [acquisition, acquisitions, acquired, acquiring, acquires]",0
Nvidia,2020,Internal vs External innovation,External innovation,"acquire [acquisition, acquisitions, acquired, acquiring, acquires]",1
Nvidia,2021,Internal vs External innovation,External innovation,"acquire [acquisition, acquisitions, acquired, acquiring, acquires]",3
Nvidia,2022,Internal vs External innovation,External innovation,"acquire [acquisition, acquisitions, acquired, acquiring, acquires]",0
Nvidia,2023,Internal vs External innovation,External innovation,"acquire [acquisition, acquisitions, acquired, acquiring, acquires]",1
Nvidia,2025,Internal vs External innovation,External innovation,"acquire [acquisition, acquisitions, acquired, acquiring, acquires]",0
Shell,2014,Internal vs External innovation,External innovation,"acquire [acquisition, acquisitions, acquired, acquiring, acquires]",1
Shell,2015,Internal vs External innovation,External innovation,"acquire [acquisition, acquisitions, acquired, acquiring, acquires]",3
Shell,2016,Internal vs External innovation,External innovation,"acquire [acquisition, acquisitions, acquired, acquiring, acquires]",5
Shell,2020,Internal vs External innovation,External innovation,"acquire [acquisition, acquisitions, acquired, acquiring, acquires]",0
Shell,2022,Internal vs External innovation,External innovation,"acquire [acquisition, acquisitions, acquired, acquiring, acquires]",2
Shell,2024,Internal vs External innovation,External innovation,"acquire [acquisition, acquisitions, acquired, acquiring, acquires]",1
Shell,2025,Internal vs External innovation,External innovation,"acquire [acquisition, acquisitions, acquired, acquiring, acquires]",1
Amazon,1997,Internal vs External innovation,External innovation,"merger [mergers, merge, merged, merging]",0
Amazon,2016,Internal vs External innovation,External innovation,"merger [mergers, merge, merged, merging]",0
Amazon,2020,Internal vs External innovation,External innovation,"merger [mergers, merge, merged, merging]",1
Amazon,2021,Internal vs External innovation,External innovation,"merger [mergers, merge, merged, merging]",0
Amazon,2022,Internal vs External innovation,External innovation,"merger [mergers, merge, merged, merging]",0
Amazon,2024,Internal vs External innovation,External innovation,"merger [mergers, merge, merged, merging]",0
Amazon,2025,Internal vs External innovation,External innovation,"merger [mergers, merge, merged, merging]",0
Chevron,2013,Internal vs External innovation,External innovation,"merger [mergers, merge, merged, merging]",0
Chevron,2018,Internal vs External innovation,External innovation,"merger [mergers, merge, merged, merging]",0
Chevron,2020,Internal vs External innovation,External innovation,"merger [mergers, merge, merged, merging]",0
Chevron,2021,Internal vs External innovation,External innovation,"merger [mergers, merge, merged, merging]",0
Chevron,2022,Internal vs External innovation,External innovation,"merger [mergers, merge, merged, merging]",0
Chevron,2023,Internal vs External innovation,External innovation,"merger [mergers, merge, merged, merging]",0
Chevron,2024,Internal vs External innovation,External innovation,"merger [mergers, merge, merged, merging]",0
Nvidia,2017,Internal vs External innovation,External innovation,"merger [mergers, merge, merged, merging]",0
Nvidia,2018,Internal vs External innovation,External innovation,"merger [mergers, merge, merged, merging]",0
Nvidia,2020,Internal vs External innovation,External innovation,"merger [mergers, merge, merged, merging]",0
Nvidia,2021,Internal vs External innovation,External innovation,"merger [mergers, merge, merged, merging]",0
Nvidia,2022,Internal vs External innovation,External innovation,"merger [mergers, merge, merged, merging]",0
Nvidia,2023,Internal vs External innovation,External innovation,"merger [mergers, merge, merged, merging]",0
Nvidia,2025,Internal vs External innovation,External innovation,"merger [mergers, merge, merged, merging]",0
Shell,2014,Internal vs External innovation,External innovation,"merger [mergers, merge, merged, merging]",0
Shell,2015,Internal vs External innovation,External innovation,"merger [mergers, merge, merged, merging]",0
Shell,2016,Internal vs External innovation,External innovation,"merger [mergers, merge, merged, merging]",0
Shell,2020,Internal vs External innovation,External innovation,"merger [mergers, merge, merged, merging]",0
Shell,2022,Internal vs External innovation,External innovation,"merger [mergers, merge, merged, merging]",0
Shell,2024,Internal vs External innovation,External innovation,"merger [mergers, merge, merged, merging]",0
Shell,2025,Internal vs External innovation,External innovation,"merger [mergers, merge, merged, merging]",0
Amazon,1997,Internal vs External innovation,External innovation,"partner [partners, partnership, partnerships, partnered, partnering]",1
Amazon,2016,Internal vs External innovation,External innovation,"partner [partners, partnership, partnerships, partnered, partnering]",0
Amazon,2020,Internal vs External innovation,External innovation,"partner [partners, partnership, partnerships, partnered, partnering]",2
Amazon,2021,Internal vs External innovation,External innovation,"partner [partners, partnership, partnerships, partnered, partnering]",3
Amazon,2022,Internal vs External innovation,External innovation,"partner [partners, partnership, partnerships, partnered, partnering]",1
Amazon,2024,Internal vs External innovation,External innovation,"partner [partners, partnership, partnerships, partnered, partnering]",0
Amazon,2025,Internal vs External innovation,External innovation,"partner [partners, partnership, partnerships, partnered, partnering]",2
Chevron,2013,Internal vs External innovation,External innovation,"partner [partners, partnership, partnerships, partnered, partnering]",2
Chevron,2018,Internal vs External innovation,External innovation,"partner [partners, partnership, partnerships, partnered, partnering]",1
Chevron,2020,Internal vs External innovation,External innovation,"partner [partners, partnership, partnerships, partnered, partnering]",4
Chevron,2021,Internal vs External innovation,External innovation,"partner [partners, partnership, partnerships, partnered, partnering]",4
Chevron,2022,Internal vs External innovation,External innovation,"partner [partners, partnership, partnerships, partnered, partnering]",4
Chevron,2023,Internal vs External innovation,External innovation,"partner [partners, partnership, partnerships, partnered, partnering]",1
Chevron,2024,Internal vs External innovation,External innovation,"partner [partners, partnership, partnerships, partnered, partnering]",2
Nvidia,2017,Internal vs External innovation,External innovation,"partner [partners, partnership, partnerships, partnered, partnering]",0
Nvidia,2018,Internal vs External innovation,External innovation,"partner [partners, partnership, partnerships, partnered, partnering]",2
Nvidia,2020,Internal vs External innovation,External innovation,"partner [partners, partnership, partnerships, partnered, partnering]",5
Nvidia,2021,Internal vs External innovation,External innovation,"partner [partners, partnership, partnerships, partnered, partnering]",4
Nvidia,2022,Internal vs External innovation,External innovation,"partner [partners, partnership, partnerships, partnered, partnering]",2
Nvidia,2023,Internal vs External innovation,External innovation,"partner [partners, partnership, partnerships, partnered, partnering]",4
Nvidia,2025,Internal vs External innovation,External innovation,"partner [partners, partnership, partnerships, partnered, partnering]",7
Shell,2014,Internal vs External innovation,External innovation,"partner [partners, partnership, partnerships, partnered, partnering]",2
Shell,2015,Internal vs External innovation,External innovation,"partner [partners, partnership, partnerships, partnered, partnering]",0
Shell,2016,Internal vs External innovation,External innovation,"partner [partners, partnership, partnerships, partnered, partnering]",0
Shell,2020,Internal vs External innovation,External innovation,"partner [partners, partnership, partnerships, partnered, partnering]",0
Shell,2022,Internal vs External innovation,External innovation,"partner [partners, partnership, partnerships, partnered, partnering]",0
Shell,2024,Internal vs External innovation,External innovation,"partner [partners, partnership, partnerships, partnered, partnering]",3
Shell,2025,Internal vs External innovation,External innovation,"partner [partners, partnership, partnerships, partnered, partnering]",2
Amazon,1997,Internal vs External innovation,External innovation,alliance [alliances],0
Amazon,2016,Internal vs External innovation,External innovation,alliance [alliances],0
Amazon,2020,Internal vs External innovation,External innovation,alliance [alliances],0
Amazon,2021,Internal vs External innovation,External innovation,alliance [alliances],0
Amazon,2022,Internal vs External innovation,External innovation,alliance [alliances],0
Amazon,2024,Internal vs External innovation,External innovation,alliance [alliances],0
Amazon,2025,Internal vs External innovation,External innovation,alliance [alliances],0
Chevron,2013,Internal vs External innovation,External innovation,alliance [alliances],0
Chevron,2018,Internal vs External innovation,External innovation,alliance [alliances],0
Chevron,2020,Internal vs External innovation,External innovation,alliance [alliances],0
Chevron,2021,Internal vs External innovation,External innovation,alliance [alliances],0
Chevron,2022,Internal vs External innovation,External innovation,alliance [alliances],0
Chevron,2023,Internal vs External innovation,External innovation,alliance [alliances],0
Chevron,2024,Internal vs External innovation,External innovation,alliance [alliances],0
Nvidia,2017,Internal vs External innovation,External innovation,alliance [alliances],0
Nvidia,2018,Internal vs External innovation,External innovation,alliance [alliances],0
Nvidia,2020,Internal vs External innovation,External innovation,alliance [alliances],0
Nvidia,2021,Internal vs External innovation,External innovation,alliance [alliances],0
Nvidia,2022,Internal vs External innovation,External innovation,alliance [alliances],0
Nvidia,2023,Internal vs External innovation,External innovation,alliance [alliances],0
Nvidia,2025,Internal vs External innovation,External innovation,alliance [alliances],0
Shell,2014,Internal vs External innovation,External innovation,alliance [alliances],0
Shell,2015,Internal vs External innovation,External innovation,alliance [alliances],0
Shell,2016,Internal vs External innovation,External innovation,alliance [alliances],0
Shell,2020,Internal vs External innovation,External innovation,alliance [alliances],1
Shell,2022,Internal vs External innovation,External innovation,alliance [alliances],0
Shell,2024,Internal vs External innovation,External innovation,alliance [alliances],0
Shell,2025,Internal vs External innovation,External innovation,alliance [alliances],0
Amazon,1997,Internal vs External innovation,External innovation,joint venture,0
Amazon,2016,Internal vs External innovation,External innovation,joint venture,0
Amazon,2020,Internal vs External innovation,External innovation,joint venture,0
Amazon,2021,Internal vs External innovation,External innovation,joint venture,0
Amazon,2022,Internal vs External innovation,External innovation,joint venture,0
Amazon,2024,Internal vs External innovation,External innovation,joint venture,0
Amazon,2025,Internal vs External innovation,External innovation,joint venture,0
Chevron,2013,Internal vs External innovation,External innovation,joint venture,0
Chevron,2018,Internal vs External innovation,External innovation,joint venture,0
Chevron,2020,Internal vs External innovation,External innovation,joint venture,2
Chevron,2021,Internal vs External innovation,External innovation,joint venture,1
Chevron,2022,Internal vs External innovation,External innovation,joint venture,0
Chevron,2023,Internal vs External innovation,External innovation,joint venture,2
Chevron,2024,Internal vs External innovation,External innovation,joint venture,1
Nvidia,2017,Internal vs External innovation,External innovation,joint venture,0
Nvidia,2018,Internal vs External innovation,External innovation,joint venture,0
Nvidia,2020,Internal vs External innovation,External innovation,joint venture,0
Nvidia,2021,Internal vs External innovation,External innovation,joint venture,0
Nvidia,2022,Internal vs External innovation,External innovation,joint venture,0
Nvidia,2023,Internal vs External innovation,External innovation,joint venture,0
Nvidia,2025,Internal vs External innovation,External innovation,joint venture,0
Shell,2014,Internal vs External innovation,External innovation,joint venture,0
Shell,2015,Internal vs External innovation,External innovation,joint venture,0
Shell,2016,Internal vs External innovation,External innovation,joint venture,0
Shell,2020,Internal vs External innovation,External innovation,joint venture,1
Shell,2022,Internal vs External innovation,External innovation,joint venture,0
Shell,2024,Internal vs External innovation,External innovation,joint venture,1
Shell,2025,Internal vs External innovation,External innovation,joint venture,3
Amazon,1997,Internal vs External innovation,External innovation,"collaborate [collaboration, collaborations, collaborative, collaborating, collaborated]",0
Amazon,2016,Internal vs External innovation,External innovation,"collaborate [collaboration, collaborations, collaborative, collaborating, collaborated]",0
Amazon,2020,Internal vs External innovation,External innovation,"collaborate [collaboration, collaborations, collaborative, collaborating, collaborated]",0
Amazon,2021,Internal vs External innovation,External innovation,"collaborate [collaboration, collaborations, collaborative, collaborating, collaborated]",0
Amazon,2022,Internal vs External innovation,External innovation,"collaborate [collaboration, collaborations, collaborative, collaborating, collaborated]",2
Amazon,2024,Internal vs External innovation,External innovation,"collaborate [collaboration, collaborations, collaborative, collaborating, collaborated]",1
Amazon,2025,Internal vs External innovation,External innovation,"collaborate [collaboration, collaborations, collaborative, collaborating, collaborated]",0
Chevron,2013,Internal vs External innovation,External innovation,"collaborate [collaboration, collaborations, collaborative, collaborating, collaborated]",0
Chevron,2018,Internal vs External innovation,External innovation,"collaborate [collaboration, collaborations, collaborative, collaborating, collaborated]",0
Chevron,2020,Internal vs External innovation,External innovation,"collaborate [collaboration, collaborations, collaborative, collaborating, collaborated]",0
Chevron,2021,Internal vs External innovation,External innovation,"collaborate [collaboration, collaborations, collaborative, collaborating, collaborated]",1
Chevron,2022,Internal vs External innovation,External innovation,"collaborate [collaboration, collaborations, collaborative, collaborating, collaborated]",1
Chevron,2023,Internal vs External innovation,External innovation,"collaborate [collaboration, collaborations, collaborative, collaborating, collaborated]",1
Chevron,2024,Internal vs External innovation,External innovation,"collaborate [collaboration, collaborations, collaborative, collaborating, collaborated]",0
Nvidia,2017,Internal vs External innovation,External innovation,"collaborate [collaboration, collaborations, collaborative, collaborating, collaborated]",0
Nvidia,2018,Internal vs External innovation,External innovation,"collaborate [collaboration, collaborations, collaborative, collaborating, collaborated]",1
Nvidia,2020,Internal vs External innovation,External innovation,"collaborate [collaboration, collaborations, collaborative, collaborating, collaborated]",2
Nvidia,2021,Internal vs External innovation,External innovation,"collaborate [collaboration, collaborations, collaborative, collaborating, collaborated]",1
Nvidia,2022,Internal vs External innovation,External innovation,"collaborate [collaboration, collaborations, collaborative, collaborating, collaborated]",2
Nvidia,2023,Internal vs External innovation,External innovation,"collaborate [collaboration, collaborations, collaborative, collaborating, collaborated]",1
Nvidia,2025,Internal vs External innovation,External innovation,"collaborate [collaboration, collaborations, collaborative, collaborating, collaborated]",0
Shell,2014,Internal vs External innovation,External innovation,"collaborate [collaboration, collaborations, collaborative, collaborating, collaborated]",0
Shell,2015,Internal vs External innovation,External innovation,"collaborate [collaboration, collaborations, collaborative, collaborating, collaborated]",0
Shell,2016,Internal vs External innovation,External innovation,"collaborate [collaboration, collaborations, collaborative, collaborating, collaborated]",0
Shell,2020,Internal vs External innovation,External innovation,"collaborate [collaboration, collaborations, collaborative, collaborating, collaborated]",0
Shell,2022,Internal vs External innovation,External innovation,"collaborate [collaboration, collaborations, collaborative, collaborating, collaborated]",0
Shell,2024,Internal vs External innovation,External innovation,"collaborate [collaboration, collaborations, collaborative, collaborating, collaborated]",0
Shell,2025,Internal vs External innovation,External innovation,"collaborate [collaboration, collaborations, collaborative, collaborating, collaborated]",0
Amazon,1997,Internal vs External innovation,External innovation,ecosystem [ecosystems],0
Amazon,2016,Internal vs External innovation,External innovation,ecosystem [ecosystems],0
Amazon,2020,Internal vs External innovation,External innovation,ecosystem [ecosystems],0
Amazon,2021,Internal vs External innovation,External innovation,ecosystem [ecosystems],0
Amazon,2022,Internal vs External innovation,External innovation,ecosystem [ecosystems],1
Amazon,2024,Internal vs External innovation,External innovation,ecosystem [ecosystems],0
Amazon,2025,Internal vs External innovation,External innovation,ecosystem [ecosystems],0
Chevron,2013,Internal vs External innovation,External innovation,ecosystem [ecosystems],0
Chevron,2018,Internal vs External innovation,External innovation,ecosystem [ecosystems],0
Chevron,2020,Internal vs External innovation,External innovation,ecosystem [ecosystems],0
Chevron,2021,Internal vs External innovation,External innovation,ecosystem [ecosystems],0
Chevron,2022,Internal vs External innovation,External innovation,ecosystem [ecosystems],0
Chevron,2023,Internal vs External innovation,External innovation,ecosystem [ecosystems],0
Chevron,2024,Internal vs External innovation,External innovation,ecosystem [ecosystems],0
Nvidia,2017,Internal vs External innovation,External innovation,ecosystem [ecosystems],0
Nvidia,2018,Internal vs External innovation,External innovation,ecosystem [ecosystems],0
Nvidia,2020,Internal vs External innovation,External innovation,ecosystem [ecosystems],0
Nvidia,2021,Internal vs External innovation,External innovation,ecosystem [ecosystems],3
Nvidia,2022,Internal vs External innovation,External innovation,ecosystem [ecosystems],2
Nvidia,2023,Internal vs External innovation,External innovation,ecosystem [ecosystems],2
Nvidia,2025,Internal vs External innovation,External innovation,ecosystem [ecosystems],4
Shell,2014,Internal vs External innovation,External innovation,ecosystem [ecosystems],0
Shell,2015,Internal vs External innovation,External innovation,ecosystem [ecosystems],0
Shell,2016,Internal vs External innovation,External innovation,ecosystem [ecosystems],0
Shell,2020,Internal vs External innovation,External innovation,ecosystem [ecosystems],0
Shell,2022,Internal vs External innovation,External innovation,ecosystem [ecosystems],0
Shell,2024,Internal vs External innovation,External innovation,ecosystem [ecosystems],0
Shell,2025,Internal vs External innovation,External innovation,ecosystem [ecosystems],0
Amazon,1997,Risk vs Performance,Risk / challenge,crisis [crises],0
Amazon,2016,Risk vs Performance,Risk / challenge,crisis [crises],0
Amazon,2020,Risk vs Performance,Risk / challenge,crisis [crises],0
Amazon,2021,Risk vs Performance,Risk / challenge,crisis [crises],0
Amazon,2022,Risk vs Performance,Risk / challenge,crisis [crises],1
Amazon,2024,Risk vs Performance,Risk / challenge,crisis [crises],0
Amazon,2025,Risk vs Performance,Risk / challenge,crisis [crises],0
Chevron,2013,Risk vs Performance,Risk / challenge,crisis [crises],0
Chevron,2018,Risk vs Performance,Risk / challenge,crisis [crises],0
Chevron,2020,Risk vs Performance,Risk / challenge,crisis [crises],0
Chevron,2021,Risk vs Performance,Risk / challenge,crisis [crises],0
Chevron,2022,Risk vs Performance,Risk / challenge,crisis [crises],0
Chevron,2023,Risk vs Performance,Risk / challenge,crisis [crises],0
Chevron,2024,Risk vs Performance,Risk / challenge,crisis [crises],0
Nvidia,2017,Risk vs Performance,Risk / challenge,crisis [crises],0
Nvidia,2018,Risk vs Performance,Risk / challenge,crisis [crises],0
Nvidia,2020,Risk vs Performance,Risk / challenge,crisis [crises],1
Nvidia,2021,Risk vs Performance,Risk / challenge,crisis [crises],0
Nvidia,2022,Risk vs Performance,Risk / challenge,crisis [crises],0
Nvidia,2023,Risk vs Performance,Risk / challenge,crisis [crises],0
Nvidia,2025,Risk vs Performance,Risk / challenge,crisis [crises],0
Shell,2014,Risk vs Performance,Risk / challenge,crisis [crises],0
Shell,2015,Risk vs Performance,Risk / challenge,crisis [crises],0
Shell,2016,Risk vs Performance,Risk / challenge,crisis [crises],0
Shell,2020,Risk vs Performance,Risk / challenge,crisis [crises],0
Shell,2022,Risk vs Performance,Risk / challenge,crisis [crises],0
Shell,2024,Risk vs Performance,Risk / challenge,crisis [crises],0
Shell,2025,Risk vs Performance,Risk / challenge,crisis [crises],0
Amazon,1997,Risk vs Performance,Risk / challenge,"volatile [volatility, volatilities]",0
Amazon,2016,Risk vs Performance,Risk / challenge,"volatile [volatility, volatilities]",0
Amazon,2020,Risk vs Performance,Risk / challenge,"volatile [volatility, volatilities]",0
Amazon,2021,Risk vs Performance,Risk / challenge,"volatile [volatility, volatilities]",0
Amazon,2022,Risk vs Performance,Risk / challenge,"volatile [volatility, volatilities]",0
Amazon,2024,Risk vs Performance,Risk / challenge,"volatile [volatility, volatilities]",0
Amazon,2025,Risk vs Performance,Risk / challenge,"volatile [volatility, volatilities]",0
Chevron,2013,Risk vs Performance,Risk / challenge,"volatile [volatility, volatilities]",0
Chevron,2018,Risk vs Performance,Risk / challenge,"volatile [volatility, volatilities]",2
Chevron,2020,Risk vs Performance,Risk / challenge,"volatile [volatility, volatilities]",0
Chevron,2021,Risk vs Performance,Risk / challenge,"volatile [volatility, volatilities]",0
Chevron,2022,Risk vs Performance,Risk / challenge,"volatile [volatility, volatilities]",2
Chevron,2023,Risk vs Performance,Risk / challenge,"volatile [volatility, volatilities]",0
Chevron,2024,Risk vs Performance,Risk / challenge,"volatile [volatility, volatilities]",2
Nvidia,2017,Risk vs Performance,Risk / challenge,"volatile [volatility, volatilities]",0
Nvidia,2018,Risk vs Performance,Risk / challenge,"volatile [volatility, volatilities]",0
Nvidia,2020,Risk vs Performance,Risk / challenge,"volatile [volatility, volatilities]",0
Nvidia,2021,Risk vs Performance,Risk / challenge,"volatile [volatility, volatilities]",0
Nvidia,2022,Risk vs Performance,Risk / challenge,"volatile [volatility, volatilities]",0
Nvidia,2023,Risk vs Performance,Risk / challenge,"volatile [volatility, volatilities]",0
Nvidia,2025,Risk vs Performance,Risk / challenge,"volatile [volatility, volatilities]",0
Shell,2014,Risk vs Performance,Risk / challenge,"volatile [volatility, volatilities]",1
Shell,2015,Risk vs Performance,Risk / challenge,"volatile [volatility, volatilities]",0
Shell,2016,Risk vs Performance,Risk / challenge,"volatile [volatility, volatilities]",0
Shell,2020,Risk vs Performance,Risk / challenge,"volatile [volatility, volatilities]",0
Shell,2022,Risk vs Performance,Risk / challenge,"volatile [volatility, volatilities]",1
Shell,2024,Risk vs Performance,Risk / challenge,"volatile [volatility, volatilities]",1
Shell,2025,Risk vs Performance,Risk / challenge,"volatile [volatility, volatilities]",0
Amazon,1997,Risk vs Performance,Risk / challenge,"uncertain [uncertainty, uncertainties]",0
Amazon,2016,Risk vs Performance,Risk / challenge,"uncertain [uncertainty, uncertainties]",0
Amazon,2020,Risk vs Performance,Risk / challenge,"uncertain [uncertainty, uncertainties]",0
Amazon,2021,Risk vs Performance,Risk / challenge,"uncertain [uncertainty, uncertainties]",1
Amazon,2022,Risk vs Performance,Risk / challenge,"uncertain [uncertainty, uncertainties]",1
Amazon,2024,Risk vs Performance,Risk / challenge,"uncertain [uncertainty, uncertainties]",0
Amazon,2025,Risk vs Performance,Risk / challenge,"uncertain [uncertainty, uncertainties]",1
Chevron,2013,Risk vs Performance,Risk / challenge,"uncertain [uncertainty, uncertainties]",0
Chevron,2018,Risk vs Performance,Risk / challenge,"uncertain [uncertainty, uncertainties]",1
Chevron,2020,Risk vs Performance,Risk / challenge,"uncertain [uncertainty, uncertainties]",2
Chevron,2021,Risk vs Performance,Risk / challenge,"uncertain [uncertainty, uncertainties]",0
Chevron,2022,Risk vs Performance,Risk / challenge,"uncertain [uncertainty, uncertainties]",1
Chevron,2023,Risk vs Performance,Risk / challenge,"uncertain [uncertainty, uncertainties]",2
Chevron,2024,Risk vs Performance,Risk / challenge,"uncertain [uncertainty, uncertainties]",0
Nvidia,2017,Risk vs Performance,Risk / challenge,"uncertain [uncertainty, uncertainties]",0
Nvidia,2018,Risk vs Performance,Risk / challenge,"uncertain [uncertainty, uncertainties]",0
Nvidia,2020,Risk vs Performance,Risk / challenge,"uncertain [uncertainty, uncertainties]",0
Nvidia,2021,Risk vs Performance,Risk / challenge,"uncertain [uncertainty, uncertainties]",1
Nvidia,2022,Risk vs Performance,Risk / challenge,"uncertain [uncertainty, uncertainties]",0
Nvidia,2023,Risk vs Performance,Risk / challenge,"uncertain [uncertainty, uncertainties]",0
Nvidia,2025,Risk vs Performance,Risk / challenge,"uncertain [uncertainty, uncertainties]",0
Shell,2014,Risk vs Performance,Risk / challenge,"uncertain [uncertainty, uncertainties]",1
Shell,2015,Risk vs Performance,Risk / challenge,"uncertain [uncertainty, uncertainties]",1
Shell,2016,Risk vs Performance,Risk / challenge,"uncertain [uncertainty, uncertainties]",1
Shell,2020,Risk vs Performance,Risk / challenge,"uncertain [uncertainty, uncertainties]",0
Shell,2022,Risk vs Performance,Risk / challenge,"uncertain [uncertainty, uncertainties]",0
Shell,2024,Risk vs Performance,Risk / challenge,"uncertain [uncertainty, uncertainties]",0
Shell,2025,Risk vs Performance,Risk / challenge,"uncertain [uncertainty, uncertainties]",1
Amazon,1997,Risk vs Performance,Risk / challenge,"disrupt [disruption, disruptions, disruptive]",0
Amazon,2016,Risk vs Performance,Risk / challenge,"disrupt [disruption, disruptions, disruptive]",0
Amazon,2020,Risk vs Performance,Risk / challenge,"disrupt [disruption, disruptions, disruptive]",0
Amazon,2021,Risk vs Performance,Risk / challenge,"disrupt [disruption, disruptions, disruptive]",1
Amazon,2022,Risk vs Performance,Risk / challenge,"disrupt [disruption, disruptions, disruptive]",0
Amazon,2024,Risk vs Performance,Risk / challenge,"disrupt [disruption, disruptions, disruptive]",0
Amazon,2025,Risk vs Performance,Risk / challenge,"disrupt [disruption, disruptions, disruptive]",1
Chevron,2013,Risk vs Performance,Risk / challenge,"disrupt [disruption, disruptions, disruptive]",0
Chevron,2018,Risk vs Performance,Risk / challenge,"disrupt [disruption, disruptions, disruptive]",0
Chevron,2020,Risk vs Performance,Risk / challenge,"disrupt [disruption, disruptions, disruptive]",4
Chevron,2021,Risk vs Performance,Risk / challenge,"disrupt [disruption, disruptions, disruptive]",0
Chevron,2022,Risk vs Performance,Risk / challenge,"disrupt [disruption, disruptions, disruptive]",2
Chevron,2023,Risk vs Performance,Risk / challenge,"disrupt [disruption, disruptions, disruptive]",0
Chevron,2024,Risk vs Performance,Risk / challenge,"disrupt [disruption, disruptions, disruptive]",0
Nvidia,2017,Risk vs Performance,Risk / challenge,"disrupt [disruption, disruptions, disruptive]",0
Nvidia,2018,Risk vs Performance,Risk / challenge,"disrupt [disruption, disruptions, disruptive]",0
Nvidia,2020,Risk vs Performance,Risk / challenge,"disrupt [disruption, disruptions, disruptive]",0
Nvidia,2021,Risk vs Performance,Risk / challenge,"disrupt [disruption, disruptions, disruptive]",0
Nvidia,2022,Risk vs Performance,Risk / challenge,"disrupt [disruption, disruptions, disruptive]",0
Nvidia,2023,Risk vs Performance,Risk / challenge,"disrupt [disruption, disruptions, disruptive]",0
Nvidia,2025,Risk vs Performance,Risk / challenge,"disrupt [disruption, disruptions, disruptive]",0
Shell,2014,Risk vs Performance,Risk / challenge,"disrupt [disruption, disruptions, disruptive]",0
Shell,2015,Risk vs Performance,Risk / challenge,"disrupt [disruption, disruptions, disruptive]",0
Shell,2016,Risk vs Performance,Risk / challenge,"disrupt [disruption, disruptions, disruptive]",0
Shell,2020,Risk vs Performance,Risk / challenge,"disrupt [disruption, disruptions, disruptive]",0
Shell,2022,Risk vs Performance,Risk / challenge,"disrupt [disruption, disruptions, disruptive]",0
Shell,2024,Risk vs Performance,Risk / challenge,"disrupt [disruption, disruptions, disruptive]",0
Shell,2025,Risk vs Performance,Risk / challenge,"disrupt [disruption, disruptions, disruptive]",0
Amazon,1997,Risk vs Performance,Risk / challenge,geopolitical [geopolitics],0
Amazon,2016,Risk vs Performance,Risk / challenge,geopolitical [geopolitics],0
Amazon,2020,Risk vs Performance,Risk / challenge,geopolitical [geopolitics],0
Amazon,2021,Risk vs Performance,Risk / challenge,geopolitical [geopolitics],0
Amazon,2022,Risk vs Performance,Risk / challenge,geopolitical [geopolitics],0
Amazon,2024,Risk vs Performance,Risk / challenge,geopolitical [geopolitics],0
Amazon,2025,Risk vs Performance,Risk / challenge,geopolitical [geopolitics],1
Chevron,2013,Risk vs Performance,Risk / challenge,geopolitical [geopolitics],0
Chevron,2018,Risk vs Performance,Risk / challenge,geopolitical [geopolitics],1
Chevron,2020,Risk vs Performance,Risk / challenge,geopolitical [geopolitics],1
Chevron,2021,Risk vs Performance,Risk / challenge,geopolitical [geopolitics],0
Chevron,2022,Risk vs Performance,Risk / challenge,geopolitical [geopolitics],1
Chevron,2023,Risk vs Performance,Risk / challenge,geopolitical [geopolitics],1
Chevron,2024,Risk vs Performance,Risk / challenge,geopolitical [geopolitics],2
Nvidia,2017,Risk vs Performance,Risk / challenge,geopolitical [geopolitics],0
Nvidia,2018,Risk vs Performance,Risk / challenge,geopolitical [geopolitics],0
Nvidia,2020,Risk vs Performance,Risk / challenge,geopolitical [geopolitics],0
Nvidia,2021,Risk vs Performance,Risk / challenge,geopolitical [geopolitics],0
Nvidia,2022,Risk vs Performance,Risk / challenge,geopolitical [geopolitics],0
Nvidia,2023,Risk vs Performance,Risk / challenge,geopolitical [geopolitics],1
Nvidia,2025,Risk vs Performance,Risk / challenge,geopolitical [geopolitics],0
Shell,2014,Risk vs Performance,Risk / challenge,geopolitical [geopolitics],0
Shell,2015,Risk vs Performance,Risk / challenge,geopolitical [geopolitics],0
Shell,2016,Risk vs Performance,Risk / challenge,geopolitical [geopolitics],0
Shell,2020,Risk vs Performance,Risk / challenge,geopolitical [geopolitics],0
Shell,2022,Risk vs Performance,Risk / challenge,geopolitical [geopolitics],0
Shell,2024,Risk vs Performance,Risk / challenge,geopolitical [geopolitics],1
Shell,2025,Risk vs Performance,Risk / challenge,geopolitical [geopolitics],1
Amazon,1997,Risk vs Performance,Risk / challenge,"risk [risks, risky]",3
Amazon,2016,Risk vs Performance,Risk / challenge,"risk [risks, risky]",0
Amazon,2020,Risk vs Performance,Risk / challenge,"risk [risks, risky]",3
Amazon,2021,Risk vs Performance,Risk / challenge,"risk [risks, risky]",0
Amazon,2022,Risk vs Performance,Risk / challenge,"risk [risks, risky]",0
Amazon,2024,Risk vs Performance,Risk / challenge,"risk [risks, risky]",2
Amazon,2025,Risk vs Performance,Risk / challenge,"risk [risks, risky]",0
Chevron,2013,Risk vs Performance,Risk / challenge,"risk [risks, risky]",0
Chevron,2018,Risk vs Performance,Risk / challenge,"risk [risks, risky]",0
Chevron,2020,Risk vs Performance,Risk / challenge,"risk [risks, risky]",0
Chevron,2021,Risk vs Performance,Risk / challenge,"risk [risks, risky]",0
Chevron,2022,Risk vs Performance,Risk / challenge,"risk [risks, risky]",1
Chevron,2023,Risk vs Performance,Risk / challenge,"risk [risks, risky]",0
Chevron,2024,Risk vs Performance,Risk / challenge,"risk [risks, risky]",0
Nvidia,2017,Risk vs Performance,Risk / challenge,"risk [risks, risky]",0
Nvidia,2018,Risk vs Performance,Risk / challenge,"risk [risks, risky]",0
Nvidia,2020,Risk vs Performance,Risk / challenge,"risk [risks, risky]",1
Nvidia,2021,Risk vs Performance,Risk / challenge,"risk [risks, risky]",0
Nvidia,2022,Risk vs Performance,Risk / challenge,"risk [risks, risky]",0
Nvidia,2023,Risk vs Performance,Risk / challenge,"risk [risks, risky]",0
Nvidia,2025,Risk vs Performance,Risk / challenge,"risk [risks, risky]",0
Shell,2014,Risk vs Performance,Risk / challenge,"risk [risks, risky]",0
Shell,2015,Risk vs Performance,Risk / challenge,"risk [risks, risky]",0
Shell,2016,Risk vs Performance,Risk / challenge,"risk [risks, risky]",0
Shell,2020,Risk vs Performance,Risk / challenge,"risk [risks, risky]",0
Shell,2022,Risk vs Performance,Risk / challenge,"risk [risks, risky]",0
Shell,2024,Risk vs Performance,Risk / challenge,"risk [risks, risky]",0
Shell,2025,Risk vs Performance,Risk / challenge,"risk [risks, risky]",0
Amazon,1997,Risk vs Performance,Risk / challenge,"challenge [challenges, challenging, challenged]",3
Amazon,2016,Risk vs Performance,Risk / challenge,"challenge [challenges, challenging, challenged]",1
Amazon,2020,Risk vs Performance,Risk / challenge,"challenge [challenges, challenging, challenged]",2
Amazon,2021,Risk vs Performance,Risk / challenge,"challenge [challenges, challenging, challenged]",6
Amazon,2022,Risk vs Performance,Risk / challenge,"challenge [challenges, challenging, challenged]",11
Amazon,2024,Risk vs Performance,Risk / challenge,"challenge [challenges, challenging, challenged]",5
Amazon,2025,Risk vs Performance,Risk / challenge,"challenge [challenges, challenging, challenged]",2
Chevron,2013,Risk vs Performance,Risk / challenge,"challenge [challenges, challenging, challenged]",0
Chevron,2018,Risk vs Performance,Risk / challenge,"challenge [challenges, challenging, challenged]",1
Chevron,2020,Risk vs Performance,Risk / challenge,"challenge [challenges, challenging, challenged]",5
Chevron,2021,Risk vs Performance,Risk / challenge,"challenge [challenges, challenging, challenged]",1
Chevron,2022,Risk vs Performance,Risk / challenge,"challenge [challenges, challenging, challenged]",1
Chevron,2023,Risk vs Performance,Risk / challenge,"challenge [challenges, challenging, challenged]",0
Chevron,2024,Risk vs Performance,Risk / challenge,"challenge [challenges, challenging, challenged]",0
Nvidia,2017,Risk vs Performance,Risk / challenge,"challenge [challenges, challenging, challenged]",1
Nvidia,2018,Risk vs Performance,Risk / challenge,"challenge [challenges, challenging, challenged]",8
Nvidia,2020,Risk vs Performance,Risk / challenge,"challenge [challenges, challenging, challenged]",3
Nvidia,2021,Risk vs Performance,Risk / challenge,"challenge [challenges, challenging, challenged]",1
Nvidia,2022,Risk vs Performance,Risk / challenge,"challenge [challenges, challenging, challenged]",2
Nvidia,2023,Risk vs Performance,Risk / challenge,"challenge [challenges, challenging, challenged]",3
Nvidia,2025,Risk vs Performance,Risk / challenge,"challenge [challenges, challenging, challenged]",0
Shell,2014,Risk vs Performance,Risk / challenge,"challenge [challenges, challenging, challenged]",0
Shell,2015,Risk vs Performance,Risk / challenge,"challenge [challenges, challenging, challenged]",2
Shell,2016,Risk vs Performance,Risk / challenge,"challenge [challenges, challenging, challenged]",1
Shell,2020,Risk vs Performance,Risk / challenge,"challenge [challenges, challenging, challenged]",2
Shell,2022,Risk vs Performance,Risk / challenge,"challenge [challenges, challenging, challenged]",0
Shell,2024,Risk vs Performance,Risk / challenge,"challenge [challenges, challenging, challenged]",1
Shell,2025,Risk vs Performance,Risk / challenge,"challenge [challenges, challenging, challenged]",0
Amazon,1997,Risk vs Performance,Risk / challenge,pandemic [pandemics],0
Amazon,2016,Risk vs Performance,Risk / challenge,pandemic [pandemics],0
Amazon,2020,Risk vs Performance,Risk / challenge,pandemic [pandemics],0
Amazon,2021,Risk vs Performance,Risk / challenge,pandemic [pandemics],9
Amazon,2022,Risk vs Performance,Risk / challenge,pandemic [pandemics],3
Amazon,2024,Risk vs Performance,Risk / challenge,pandemic [pandemics],0
Amazon,2025,Risk vs Performance,Risk / challenge,pandemic [pandemics],0
Chevron,2013,Risk vs Performance,Risk / challenge,pandemic [pandemics],0
Chevron,2018,Risk vs Performance,Risk / challenge,pandemic [pandemics],0
Chevron,2020,Risk vs Performance,Risk / challenge,pandemic [pandemics],4
Chevron,2021,Risk vs Performance,Risk / challenge,pandemic [pandemics],0
Chevron,2022,Risk vs Performance,Risk / challenge,pandemic [pandemics],1
Chevron,2023,Risk vs Performance,Risk / challenge,pandemic [pandemics],0
Chevron,2024,Risk vs Performance,Risk / challenge,pandemic [pandemics],0
Nvidia,2017,Risk vs Performance,Risk / challenge,pandemic [pandemics],0
Nvidia,2018,Risk vs Performance,Risk / challenge,pandemic [pandemics],0
Nvidia,2020,Risk vs Performance,Risk / challenge,pandemic [pandemics],2
Nvidia,2021,Risk vs Performance,Risk / challenge,pandemic [pandemics],7
Nvidia,2022,Risk vs Performance,Risk / challenge,pandemic [pandemics],0
Nvidia,2023,Risk vs Performance,Risk / challenge,pandemic [pandemics],0
Nvidia,2025,Risk vs Performance,Risk / challenge,pandemic [pandemics],0
Shell,2014,Risk vs Performance,Risk / challenge,pandemic [pandemics],0
Shell,2015,Risk vs Performance,Risk / challenge,pandemic [pandemics],0
Shell,2016,Risk vs Performance,Risk / challenge,pandemic [pandemics],0
Shell,2020,Risk vs Performance,Risk / challenge,pandemic [pandemics],3
Shell,2022,Risk vs Performance,Risk / challenge,pandemic [pandemics],0
Shell,2024,Risk vs Performance,Risk / challenge,pandemic [pandemics],0
Shell,2025,Risk vs Performance,Risk / challenge,pandemic [pandemics],0
Amazon,1997,Risk vs Performance,Success / performance,cash flow,0
Amazon,2016,Risk vs Performance,Success / performance,cash flow,0
Amazon,2020,Risk vs Performance,Success / performance,cash flow,0
Amazon,2021,Risk vs Performance,Success / performance,cash flow,0
Amazon,2022,Risk vs Performance,Success / performance,cash flow,2
Amazon,2024,Risk vs Performance,Success / performance,cash flow,1
Amazon,2025,Risk vs Performance,Success / performance,cash flow,2
Chevron,2013,Risk vs Performance,Success / performance,cash flow,1
Chevron,2018,Risk vs Performance,Success / performance,cash flow,0
Chevron,2020,Risk vs Performance,Success / performance,cash flow,3
Chevron,2021,Risk vs Performance,Success / performance,cash flow,2
Chevron,2022,Risk vs Performance,Success / performance,cash flow,0
Chevron,2023,Risk vs Performance,Success / performance,cash flow,0
Chevron,2024,Risk vs Performance,Success / performance,cash flow,0
Nvidia,2017,Risk vs Performance,Success / performance,cash flow,0
Nvidia,2018,Risk vs Performance,Success / performance,cash flow,0
Nvidia,2020,Risk vs Performance,Success / performance,cash flow,0
Nvidia,2021,Risk vs Performance,Success / performance,cash flow,0
Nvidia,2022,Risk vs Performance,Success / performance,cash flow,0
Nvidia,2023,Risk vs Performance,Success / performance,cash flow,0
Nvidia,2025,Risk vs Performance,Success / performance,cash flow,2
Shell,2014,Risk vs Performance,Success / performance,cash flow,2
Shell,2015,Risk vs Performance,Success / performance,cash flow,0
Shell,2016,Risk vs Performance,Success / performance,cash flow,2
Shell,2020,Risk vs Performance,Success / performance,cash flow,2
Shell,2022,Risk vs Performance,Success / performance,cash flow,4
Shell,2024,Risk vs Performance,Success / performance,cash flow,3
Shell,2025,Risk vs Performance,Success / performance,cash flow,2
Amazon,1997,Risk vs Performance,Success / performance,dividend [dividends],0
Amazon,2016,Risk vs Performance,Success / performance,dividend [dividends],0
Amazon,2020,Risk vs Performance,Success / performance,dividend [dividends],0
Amazon,2021,Risk vs Performance,Success / performance,dividend [dividends],0
Amazon,2022,Risk vs Performance,Success / performance,dividend [dividends],0
Amazon,2024,Risk vs Performance,Success / performance,dividend [dividends],0
Amazon,2025,Risk vs Performance,Success / performance,dividend [dividends],0
Chevron,2013,Risk vs Performance,Success / performance,dividend [dividends],1
Chevron,2018,Risk vs Performance,Success / performance,dividend [dividends],2
Chevron,2020,Risk vs Performance,Success / performance,dividend [dividends],3
Chevron,2021,Risk vs Performance,Success / performance,dividend [dividends],1
Chevron,2022,Risk vs Performance,Success / performance,dividend [dividends],4
Chevron,2023,Risk vs Performance,Success / performance,dividend [dividends],4
Chevron,2024,Risk vs Performance,Success / performance,dividend [dividends],3
Nvidia,2017,Risk vs Performance,Success / performance,dividend [dividends],1
Nvidia,2018,Risk vs Performance,Success / performance,dividend [dividends],1
Nvidia,2020,Risk vs Performance,Success / performance,dividend [dividends],1
Nvidia,2021,Risk vs Performance,Success / performance,dividend [dividends],0
Nvidia,2022,Risk vs Performance,Success / performance,dividend [dividends],1
Nvidia,2023,Risk vs Performance,Success / performance,dividend [dividends],0
Nvidia,2025,Risk vs Performance,Success / performance,dividend [dividends],1
Shell,2014,Risk vs Performance,Success / performance,dividend [dividends],4
Shell,2015,Risk vs Performance,Success / performance,dividend [dividends],2
Shell,2016,Risk vs Performance,Success / performance,dividend [dividends],2
Shell,2020,Risk vs Performance,Success / performance,dividend [dividends],5
Shell,2022,Risk vs Performance,Success / performance,dividend [dividends],1
Shell,2024,Risk vs Performance,Success / performance,dividend [dividends],0
Shell,2025,Risk vs Performance,Success / performance,dividend [dividends],0
Amazon,1997,Risk vs Performance,Success / performance,buyback [buybacks],0
Amazon,2016,Risk vs Performance,Success / performance,buyback [buybacks],0
Amazon,2020,Risk vs Performance,Success / performance,buyback [buybacks],0
Amazon,2021,Risk vs Performance,Success / performance,buyback [buybacks],0
Amazon,2022,Risk vs Performance,Success / performance,buyback [buybacks],0
Amazon,2024,Risk vs Performance,Success / performance,buyback [buybacks],0
Amazon,2025,Risk vs Performance,Success / performance,buyback [buybacks],0
Chevron,2013,Risk vs Performance,Success / performance,buyback [buybacks],0
Chevron,2018,Risk vs Performance,Success / performance,buyback [buybacks],0
Chevron,2020,Risk vs Performance,Success / performance,buyback [buybacks],1
Chevron,2021,Risk vs Performance,Success / performance,buyback [buybacks],0
Chevron,2022,Risk vs Performance,Success / performance,buyback [buybacks],0
Chevron,2023,Risk vs Performance,Success / performance,buyback [buybacks],0
Chevron,2024,Risk vs Performance,Success / performance,buyback [buybacks],0
Nvidia,2017,Risk vs Performance,Success / performance,buyback [buybacks],0
Nvidia,2018,Risk vs Performance,Success / performance,buyback [buybacks],0
Nvidia,2020,Risk vs Performance,Success / performance,buyback [buybacks],0
Nvidia,2021,Risk vs Performance,Success / performance,buyback [buybacks],0
Nvidia,2022,Risk vs Performance,Success / performance,buyback [buybacks],0
Nvidia,2023,Risk vs Performance,Success / performance,buyback [buybacks],0
Nvidia,2025,Risk vs Performance,Success / performance,buyback [buybacks],1
Shell,2014,Risk vs Performance,Success / performance,buyback [buybacks],0
Shell,2015,Risk vs Performance,Success / performance,buyback [buybacks],0
Shell,2016,Risk vs Performance,Success / performance,buyback [buybacks],0
Shell,2020,Risk vs Performance,Success / performance,buyback [buybacks],0
Shell,2022,Risk vs Performance,Success / performance,buyback [buybacks],1
Shell,2024,Risk vs Performance,Success / performance,buyback [buybacks],1
Shell,2025,Risk vs Performance,Success / performance,buyback [buybacks],0
Amazon,1997,Risk vs Performance,Success / performance,"productive [productivity, productively] !product, products, production, productions",0
Amazon,2016,Risk vs Performance,Success / performance,"productive [productivity, productively] !product, products, production, productions",0
Amazon,2020,Risk vs Performance,Success / performance,"productive [productivity, productively] !product, products, production, productions",1
Amazon,2021,Risk vs Performance,Success / performance,"productive [productivity, productively] !product, products, production, productions",1
Amazon,2022,Risk vs Performance,Success / performance,"productive [productivity, productively] !product, products, production, productions",3
Amazon,2024,Risk vs Performance,Success / performance,"productive [productivity, productively] !product, products, production, productions",1
Amazon,2025,Risk vs Performance,Success / performance,"productive [productivity, productively] !product, products, production, productions",1
Chevron,2013,Risk vs Performance,Success / performance,"productive [productivity, productively] !product, products, production, productions",0
Chevron,2018,Risk vs Performance,Success / performance,"productive [productivity, productively] !product, products, production, productions",0
Chevron,2020,Risk vs Performance,Success / performance,"productive [productivity, productively] !product, products, production, productions",0
Chevron,2021,Risk vs Performance,Success / performance,"productive [productivity, productively] !product, products, production, productions",0
Chevron,2022,Risk vs Performance,Success / performance,"productive [productivity, productively] !product, products, production, productions",0
Chevron,2023,Risk vs Performance,Success / performance,"productive [productivity, productively] !product, products, production, productions",0
Chevron,2024,Risk vs Performance,Success / performance,"productive [productivity, productively] !product, products, production, productions",1
Nvidia,2017,Risk vs Performance,Success / performance,"productive [productivity, productively] !product, products, production, productions",0
Nvidia,2018,Risk vs Performance,Success / performance,"productive [productivity, productively] !product, products, production, productions",0
Nvidia,2020,Risk vs Performance,Success / performance,"productive [productivity, productively] !product, products, production, productions",1
Nvidia,2021,Risk vs Performance,Success / performance,"productive [productivity, productively] !product, products, production, productions",3
Nvidia,2022,Risk vs Performance,Success / performance,"productive [productivity, productively] !product, products, production, productions",0
Nvidia,2023,Risk vs Performance,Success / performance,"productive [productivity, productively] !product, products, production, productions",3
Nvidia,2025,Risk vs Performance,Success / performance,"productive [productivity, productively] !product, products, production, productions",1
Shell,2014,Risk vs Performance,Success / performance,"productive [productivity, productively] !product, products, production, productions",0
Shell,2015,Risk vs Performance,Success / performance,"productive [productivity, productively] !product, products, production, productions",0
Shell,2016,Risk vs Performance,Success / performance,"productive [productivity, productively] !product, products, production, productions",0
Shell,2020,Risk vs Performance,Success / performance,"productive [productivity, productively] !product, products, production, productions",0
Shell,2022,Risk vs Performance,Success / performance,"productive [productivity, productively] !product, products, production, productions",0
Shell,2024,Risk vs Performance,Success / performance,"productive [productivity, productively] !product, products, production, productions",0
Shell,2025,Risk vs Performance,Success / performance,"productive [productivity, productively] !product, products, production, productions",0
Amazon,1997,Risk vs Performance,Success / performance,"record [records, recording, recorded]",0
Amazon,2016,Risk vs Performance,Success / performance,"record [records, recording, recorded]",0
Amazon,2020,Risk vs Performance,Success / performance,"record [records, recording, recorded]",0
Amazon,2021,Risk vs Performance,Success / performance,"record [records, recording, recorded]",2
Amazon,2022,Risk vs Performance,Success / performance,"record [records, recording, recorded]",0
Amazon,2024,Risk vs Performance,Success / performance,"record [records, recording, recorded]",2
Amazon,2025,Risk vs Performance,Success / performance,"record [records, recording, recorded]",1
Chevron,2013,Risk vs Performance,Success / performance,"record [records, recording, recorded]",1
Chevron,2018,Risk vs Performance,Success / performance,"record [records, recording, recorded]",0
Chevron,2020,Risk vs Performance,Success / performance,"record [records, recording, recorded]",1
Chevron,2021,Risk vs Performance,Success / performance,"record [records, recording, recorded]",2
Chevron,2022,Risk vs Performance,Success / performance,"record [records, recording, recorded]",0
Chevron,2023,Risk vs Performance,Success / performance,"record [records, recording, recorded]",5
Chevron,2024,Risk vs Performance,Success / performance,"record [records, recording, recorded]",6
Nvidia,2017,Risk vs Performance,Success / performance,"record [records, recording, recorded]",2
Nvidia,2018,Risk vs Performance,Success / performance,"record [records, recording, recorded]",3
Nvidia,2020,Risk vs Performance,Success / performance,"record [records, recording, recorded]",1
Nvidia,2021,Risk vs Performance,Success / performance,"record [records, recording, recorded]",2
Nvidia,2022,Risk vs Performance,Success / performance,"record [records, recording, recorded]",1
Nvidia,2023,Risk vs Performance,Success / performance,"record [records, recording, recorded]",0
Nvidia,2025,Risk vs Performance,Success / performance,"record [records, recording, recorded]",0
Shell,2014,Risk vs Performance,Success / performance,"record [records, recording, recorded]",0
Shell,2015,Risk vs Performance,Success / performance,"record [records, recording, recorded]",0
Shell,2016,Risk vs Performance,Success / performance,"record [records, recording, recorded]",0
Shell,2020,Risk vs Performance,Success / performance,"record [records, recording, recorded]",0
Shell,2022,Risk vs Performance,Success / performance,"record [records, recording, recorded]",1
Shell,2024,Risk vs Performance,Success / performance,"record [records, recording, recorded]",3
Shell,2025,Risk vs Performance,Success / performance,"record [records, recording, recorded]",3
Amazon,1997,Risk vs Performance,Success / performance,margin [margins],0
Amazon,2016,Risk vs Performance,Success / performance,margin [margins],0
Amazon,2020,Risk vs Performance,Success / performance,margin [margins],0
Amazon,2021,Risk vs Performance,Success / performance,margin [margins],0
Amazon,2022,Risk vs Performance,Success / performance,margin [margins],1
Amazon,2024,Risk vs Performance,Success / performance,margin [margins],2
Amazon,2025,Risk vs Performance,Success / performance,margin [margins],4
Chevron,2013,Risk vs Performance,Success / performance,margin [margins],0
Chevron,2018,Risk vs Performance,Success / performance,margin [margins],0
Chevron,2020,Risk vs Performance,Success / performance,margin [margins],0
Chevron,2021,Risk vs Performance,Success / performance,margin [margins],0
Chevron,2022,Risk vs Performance,Success / performance,margin [margins],1
Chevron,2023,Risk vs Performance,Success / performance,margin [margins],0
Chevron,2024,Risk vs Performance,Success / performance,margin [margins],0
Nvidia,2017,Risk vs Performance,Success / performance,margin [margins],1
Nvidia,2018,Risk vs Performance,Success / performance,margin [margins],1
Nvidia,2020,Risk vs Performance,Success / performance,margin [margins],1
Nvidia,2021,Risk vs Performance,Success / performance,margin [margins],0
Nvidia,2022,Risk vs Performance,Success / performance,margin [margins],1
Nvidia,2023,Risk vs Performance,Success / performance,margin [margins],0
Nvidia,2025,Risk vs Performance,Success / performance,margin [margins],0
Shell,2014,Risk vs Performance,Success / performance,margin [margins],0
Shell,2015,Risk vs Performance,Success / performance,margin [margins],0
Shell,2016,Risk vs Performance,Success / performance,margin [margins],1
Shell,2020,Risk vs Performance,Success / performance,margin [margins],0
Shell,2022,Risk vs Performance,Success / performance,margin [margins],0
Shell,2024,Risk vs Performance,Success / performance,margin [margins],0
Shell,2025,Risk vs Performance,Success / performance,margin [margins],0
Amazon,1997,Risk vs Performance,Success / performance,"return [returns, returning, returned]",2
Amazon,2016,Risk vs Performance,Success / performance,"return [returns, returning, returned]",0
Amazon,2020,Risk vs Performance,Success / performance,"return [returns, returning, returned]",0
Amazon,2021,Risk vs Performance,Success / performance,"return [returns, returning, returned]",2
Amazon,2022,Risk vs Performance,Success / performance,"return [returns, returning, returned]",6
Amazon,2024,Risk vs Performance,Success / performance,"return [returns, returning, returned]",1
Amazon,2025,Risk vs Performance,Success / performance,"return [returns, returning, returned]",2
Chevron,2013,Risk vs Performance,Success / performance,"return [returns, returning, returned]",2
Chevron,2018,Risk vs Performance,Success / performance,"return [returns, returning, returned]",4
Chevron,2020,Risk vs Performance,Success / performance,"return [returns, returning, returned]",7
Chevron,2021,Risk vs Performance,Success / performance,"return [returns, returning, returned]",5
Chevron,2022,Risk vs Performance,Success / performance,"return [returns, returning, returned]",5
Chevron,2023,Risk vs Performance,Success / performance,"return [returns, returning, returned]",2
Chevron,2024,Risk vs Performance,Success / performance,"return [returns, returning, returned]",2
Nvidia,2017,Risk vs Performance,Success / performance,"return [returns, returning, returned]",1
Nvidia,2018,Risk vs Performance,Success / performance,"return [returns, returning, returned]",1
Nvidia,2020,Risk vs Performance,Success / performance,"return [returns, returning, returned]",2
Nvidia,2021,Risk vs Performance,Success / performance,"return [returns, returning, returned]",0
Nvidia,2022,Risk vs Performance,Success / performance,"return [returns, returning, returned]",1
Nvidia,2023,Risk vs Performance,Success / performance,"return [returns, returning, returned]",0
Nvidia,2025,Risk vs Performance,Success / performance,"return [returns, returning, returned]",2
Shell,2014,Risk vs Performance,Success / performance,"return [returns, returning, returned]",2
Shell,2015,Risk vs Performance,Success / performance,"return [returns, returning, returned]",0
Shell,2016,Risk vs Performance,Success / performance,"return [returns, returning, returned]",3
Shell,2020,Risk vs Performance,Success / performance,"return [returns, returning, returned]",1
Shell,2022,Risk vs Performance,Success / performance,"return [returns, returning, returned]",2
Shell,2024,Risk vs Performance,Success / performance,"return [returns, returning, returned]",1
Shell,2025,Risk vs Performance,Success / performance,"return [returns, returning, returned]",1
Amazon,1997,Risk vs Performance,Success / performance,"profit [profits, profitable, profitably, profitability]",3
Amazon,2016,Risk vs Performance,Success / performance,"profit [profits, profitable, profitably, profitability]",0
Amazon,2020,Risk vs Performance,Success / performance,"profit [profits, profitable, profitably, profitability]",1
Amazon,2021,Risk vs Performance,Success / performance,"profit [profits, profitable, profitably, profitability]",0
Amazon,2022,Risk vs Performance,Success / performance,"profit [profits, profitable, profitably, profitability]",4
Amazon,2024,Risk vs Performance,Success / performance,"profit [profits, profitable, profitably, profitability]",0
Amazon,2025,Risk vs Performance,Success / performance,"profit [profits, profitable, profitably, profitability]",0
Chevron,2013,Risk vs Performance,Success / performance,"profit [profits, profitable, profitably, profitability]",0
Chevron,2018,Risk vs Performance,Success / performance,"profit [profits, profitable, profitably, profitability]",0
Chevron,2020,Risk vs Performance,Success / performance,"profit [profits, profitable, profitably, profitability]",0
Chevron,2021,Risk vs Performance,Success / performance,"profit [profits, profitable, profitably, profitability]",0
Chevron,2022,Risk vs Performance,Success / performance,"profit [profits, profitable, profitably, profitability]",0
Chevron,2023,Risk vs Performance,Success / performance,"profit [profits, profitable, profitably, profitability]",0
Chevron,2024,Risk vs Performance,Success / performance,"profit [profits, profitable, profitably, profitability]",3
Nvidia,2017,Risk vs Performance,Success / performance,"profit [profits, profitable, profitably, profitability]",0
Nvidia,2018,Risk vs Performance,Success / performance,"profit [profits, profitable, profitably, profitability]",1
Nvidia,2020,Risk vs Performance,Success / performance,"profit [profits, profitable, profitably, profitability]",0
Nvidia,2021,Risk vs Performance,Success / performance,"profit [profits, profitable, profitably, profitability]",0
Nvidia,2022,Risk vs Performance,Success / performance,"profit [profits, profitable, profitably, profitability]",0
Nvidia,2023,Risk vs Performance,Success / performance,"profit [profits, profitable, profitably, profitability]",0
Nvidia,2025,Risk vs Performance,Success / performance,"profit [profits, profitable, profitably, profitability]",0
Shell,2014,Risk vs Performance,Success / performance,"profit [profits, profitable, profitably, profitability]",0
Shell,2015,Risk vs Performance,Success / performance,"profit [profits, profitable, profitably, profitability]",1
Shell,2016,Risk vs Performance,Success / performance,"profit [profits, profitable, profitably, profitability]",1
Shell,2020,Risk vs Performance,Success / performance,"profit [profits, profitable, profitably, profitability]",1
Shell,2022,Risk vs Performance,Success / performance,"profit [profits, profitable, profitably, profitability]",5
Shell,2024,Risk vs Performance,Success / performance,"profit [profits, profitable, profitably, profitability]",0
Shell,2025,Risk vs Performance,Success / performance,"profit [profits, profitable, profitably, profitability]",0
Amazon,1997,Risk vs Performance,Success / performance,"growth [grow, grows, growing, grown, grew]",11
Amazon,2016,Risk vs Performance,Success / performance,"growth [grow, grows, growing, grown, grew]",0
Amazon,2020,Risk vs Performance,Success / performance,"growth [grow, grows, growing, grown, grew]",3
Amazon,2021,Risk vs Performance,Success / performance,"growth [grow, grows, growing, grown, grew]",11
Amazon,2022,Risk vs Performance,Success / performance,"growth [grow, grows, growing, grown, grew]",22
Amazon,2024,Risk vs Performance,Success / performance,"growth [grow, grows, growing, grown, grew]",9
Amazon,2025,Risk vs Performance,Success / performance,"growth [grow, grows, growing, grown, grew]",23
Chevron,2013,Risk vs Performance,Success / performance,"growth [grow, grows, growing, grown, grew]",8
Chevron,2018,Risk vs Performance,Success / performance,"growth [grow, grows, growing, grown, grew]",6
Chevron,2020,Risk vs Performance,Success / performance,"growth [grow, grows, growing, grown, grew]",5
Chevron,2021,Risk vs Performance,Success / performance,"growth [grow, grows, growing, grown, grew]",5
Chevron,2022,Risk vs Performance,Success / performance,"growth [grow, grows, growing, grown, grew]",11
Chevron,2023,Risk vs Performance,Success / performance,"growth [grow, grows, growing, grown, grew]",7
Chevron,2024,Risk vs Performance,Success / performance,"growth [grow, grows, growing, grown, grew]",10
Nvidia,2017,Risk vs Performance,Success / performance,"growth [grow, grows, growing, grown, grew]",4
Nvidia,2018,Risk vs Performance,Success / performance,"growth [grow, grows, growing, grown, grew]",3
Nvidia,2020,Risk vs Performance,Success / performance,"growth [grow, grows, growing, grown, grew]",4
Nvidia,2021,Risk vs Performance,Success / performance,"growth [grow, grows, growing, grown, grew]",4
Nvidia,2022,Risk vs Performance,Success / performance,"growth [grow, grows, growing, grown, grew]",1
Nvidia,2023,Risk vs Performance,Success / performance,"growth [grow, grows, growing, grown, grew]",6
Nvidia,2025,Risk vs Performance,Success / performance,"growth [grow, grows, growing, grown, grew]",2
Shell,2014,Risk vs Performance,Success / performance,"growth [grow, grows, growing, grown, grew]",7
Shell,2015,Risk vs Performance,Success / performance,"growth [grow, grows, growing, grown, grew]",5
Shell,2016,Risk vs Performance,Success / performance,"growth [grow, grows, growing, grown, grew]",6
Shell,2020,Risk vs Performance,Success / performance,"growth [grow, grows, growing, grown, grew]",1
Shell,2022,Risk vs Performance,Success / performance,"growth [grow, grows, growing, grown, grew]",0
Shell,2024,Risk vs Performance,Success / performance,"growth [grow, grows, growing, grown, grew]",4
Shell,2025,Risk vs Performance,Success / performance,"growth [grow, grows, growing, grown, grew]",4
Amazon,1997,Risk vs Performance,Success / performance,performance [performances],0
Amazon,2016,Risk vs Performance,Success / performance,performance [performances],0
Amazon,2020,Risk vs Performance,Success / performance,performance [performances],8
Amazon,2021,Risk vs Performance,Success / performance,performance [performances],1
Amazon,2022,Risk vs Performance,Success / performance,performance [performances],3
Amazon,2024,Risk vs Performance,Success / performance,performance [performances],0
Amazon,2025,Risk vs Performance,Success / performance,performance [performances],5
Chevron,2013,Risk vs Performance,Success / performance,performance [performances],6
Chevron,2018,Risk vs Performance,Success / performance,performance [performances],10
Chevron,2020,Risk vs Performance,Success / performance,performance [performances],0
Chevron,2021,Risk vs Performance,Success / performance,performance [performances],1
Chevron,2022,Risk vs Performance,Success / performance,performance [performances],0
Chevron,2023,Risk vs Performance,Success / performance,performance [performances],0
Chevron,2024,Risk vs Performance,Success / performance,performance [performances],0
Nvidia,2017,Risk vs Performance,Success / performance,performance [performances],1
Nvidia,2018,Risk vs Performance,Success / performance,performance [performances],2
Nvidia,2020,Risk vs Performance,Success / performance,performance [performances],4
Nvidia,2021,Risk vs Performance,Success / performance,performance [performances],5
Nvidia,2022,Risk vs Performance,Success / performance,performance [performances],3
Nvidia,2023,Risk vs Performance,Success / performance,performance [performances],5
Nvidia,2025,Risk vs Performance,Success / performance,performance [performances],7
Shell,2014,Risk vs Performance,Success / performance,performance [performances],5
Shell,2015,Risk vs Performance,Success / performance,performance [performances],2
Shell,2016,Risk vs Performance,Success / performance,performance [performances],0
Shell,2020,Risk vs Performance,Success / performance,performance [performances],0
Shell,2022,Risk vs Performance,Success / performance,performance [performances],5
Shell,2024,Risk vs Performance,Success / performance,performance [performances],4
Shell,2025,Risk vs Performance,Success / performance,performance [performances],4
